id_venta,id_pedido,id_cliente,nombre_cliente,correo_cliente,fecha_registro_cliente,canal_venta,categoria_producto,producto,cantidad,precio_unitario,subtotal_linea,tipo_pedido,con_reservacion,id_mesa,ubicacion_mesa,tipo_mesa,fecha_reservacion,estado_reservacion,fecha_pedido,hora_pedido,estado_pedido,metodo_pago,estado_pago,subtotal_pedido,impuestos,total_pedido,tiempo_entrega_min,calificacion_servicio,tipo_cliente,origen_ecommerce
1,1001,143,Estefanía Sánchez,estefanía.sánchez143@correo.com,2025-03-29,Presencial (mesero),Bebidas calientes,Té chai,3,34.81,104.43,para llevar,False,,,,,,2025-08-30,14:50:00,entregado,tarjeta,pagado,572.34,91.57,663.91,41.0,5.0,VIP,False
2,1001,143,Estefanía Sánchez,estefanía.sánchez143@correo.com,2025-03-29,Presencial (mesero),Alimentos,Sandwich club,3,89.96,269.88,para llevar,False,,,,,,2025-08-30,14:50:00,entregado,tarjeta,pagado,572.34,91.57,663.91,41.0,5.0,VIP,False
3,1001,143,Estefanía Sánchez,estefanía.sánchez143@correo.com,2025-03-29,Presencial (mesero),Repostería,Brownie,3,30.19,90.57,para llevar,False,,,,,,2025-08-30,14:50:00,entregado,tarjeta,pagado,572.34,91.57,663.91,41.0,5.0,VIP,False
4,1001,143,Estefanía Sánchez,estefanía.sánchez143@correo.com,2025-03-29,Presencial (mesero),Café frío,Café helado,2,53.73,107.46,para llevar,False,,,,,,2025-08-30,14:50:00,entregado,tarjeta,pagado,572.34,91.57,663.91,41.0,5.0,VIP,False
5,1002,206,María García,maría.garcía206@correo.com,2026-03-31,Página web,Alimentos,Panini de jamón y queso,2,89.4,178.8,para llevar,False,,,,,,2026-06-14,14:40:00,listo,transferencia,pagado,351.54,56.25,407.79,14.0,,VIP,True
6,1002,206,María García,maría.garcía206@correo.com,2026-03-31,Página web,Alimentos,Ensalada César,2,86.37,172.74,para llevar,False,,,,,,2026-06-14,14:40:00,listo,transferencia,pagado,351.54,56.25,407.79,14.0,,VIP,True
7,1003,22,Sofía Díaz,sofía.díaz22@correo.com,2025-08-13,Presencial (mostrador),Café caliente,Espresso,1,30.52,30.52,para llevar,False,,,,,,2026-01-20,13:25:00,entregado,tarjeta,pagado,30.52,4.88,35.4,31.0,4.0,VIP,False
8,1004,213,Julián Vázquez,julián.vázquez213@correo.com,2025-11-03,Presencial (mostrador),Repostería,Concha,3,45.23,135.69,en el lugar,True,4.0,Barra,pareja,2026-01-05,no_show,2026-01-08,15:00:00,listo,tarjeta,pagado,290.59,46.49,337.08,25.0,,VIP,False
9,1004,213,Julián Vázquez,julián.vázquez213@correo.com,2025-11-03,Presencial (mostrador),Café frío,Cold brew,2,54.7,109.4,en el lugar,True,4.0,Barra,pareja,2026-01-05,no_show,2026-01-08,15:00:00,listo,tarjeta,pagado,290.59,46.49,337.08,25.0,,VIP,False
10,1004,213,Julián Vázquez,julián.vázquez213@correo.com,2025-11-03,Presencial (mostrador),Café frío,Frappé de café,1,45.5,45.5,en el lugar,True,4.0,Barra,pareja,2026-01-05,no_show,2026-01-08,15:00:00,listo,tarjeta,pagado,290.59,46.49,337.08,25.0,,VIP,False
11,1005,204,Regina Castillo,regina.castillo204@correo.com,2025-02-06,Presencial (mesero),Café caliente,Americano,2,35.38,70.76,en el lugar,False,20.0,Terraza,grupal,,,2025-09-25,19:30:00,en preparación,transferencia,pagado,160.04,25.61,185.65,,,Frecuente,False
12,1005,204,Regina Castillo,regina.castillo204@correo.com,2025-02-06,Presencial (mesero),Repostería,Muffin de arándano,1,37.29,37.29,en el lugar,False,20.0,Terraza,grupal,,,2025-09-25,19:30:00,en preparación,transferencia,pagado,160.04,25.61,185.65,,,Frecuente,False
13,1005,204,Regina Castillo,regina.castillo204@correo.com,2025-02-06,Presencial (mesero),Café frío,Cold brew,1,51.99,51.99,en el lugar,False,20.0,Terraza,grupal,,,2025-09-25,19:30:00,en preparación,transferencia,pagado,160.04,25.61,185.65,,,Frecuente,False
14,1006,217,Carlos Romero,carlos.romero217@correo.com,2026-05-24,Presencial (mostrador),Repostería,Muffin de arándano,1,50.26,50.26,para llevar,False,,,,,,2026-08-13,07:05:00,entregado,tarjeta,pagado,71.96,11.51,83.47,11.0,5.0,Frecuente,False
15,1006,217,Carlos Romero,carlos.romero217@correo.com,2026-05-24,Presencial (mostrador),Bebidas frías,Jugo de naranja,1,21.7,21.7,para llevar,False,,,,,,2026-08-13,07:05:00,entregado,tarjeta,pagado,71.96,11.51,83.47,11.0,5.0,Frecuente,False
16,1007,214,Lucía Flores,lucía.flores214@correo.com,2025-07-23,Página web,Bebidas frías,Té helado,3,26.9,80.7,para llevar,False,,,,,,2026-07-03,08:20:00,entregado,pago en línea,pagado,173.32,27.73,201.05,27.0,4.0,Frecuente,True
17,1007,214,Lucía Flores,lucía.flores214@correo.com,2025-07-23,Página web,Café caliente,Capuchino,2,46.31,92.62,para llevar,False,,,,,,2026-07-03,08:20:00,entregado,pago en línea,pagado,173.32,27.73,201.05,27.0,4.0,Frecuente,True
18,1008,213,Julián Vázquez,julián.vázquez213@correo.com,2025-11-03,Presencial (mesero),Repostería,Muffin de arándano,1,36.48,36.48,para llevar,False,,,,,,2025-11-26,10:30:00,entregado,efectivo,pagado,84.65,13.54,98.19,22.0,5.0,VIP,False
19,1008,213,Julián Vázquez,julián.vázquez213@correo.com,2025-11-03,Presencial (mesero),Café caliente,Latte,1,48.17,48.17,para llevar,False,,,,,,2025-11-26,10:30:00,entregado,efectivo,pagado,84.65,13.54,98.19,22.0,5.0,VIP,False
20,1009,207,Michelle De la Cruz,michelle.delacruz207@correo.com,2025-11-29,Presencial (mostrador),Café caliente,Latte,1,52.87,52.87,para llevar,False,,,,,,2026-08-12,15:50:00,en preparación,efectivo,pagado,571.82,91.49,663.31,,,Frecuente,False
21,1009,207,Michelle De la Cruz,michelle.delacruz207@correo.com,2025-11-29,Presencial (mostrador),Repostería,Brownie,3,40.02,120.06,para llevar,False,,,,,,2026-08-12,15:50:00,en preparación,efectivo,pagado,571.82,91.49,663.31,,,Frecuente,False
22,1009,207,Michelle De la Cruz,michelle.delacruz207@correo.com,2025-11-29,Presencial (mostrador),Alimentos,Panini de jamón y queso,2,59.48,118.96,para llevar,False,,,,,,2026-08-12,15:50:00,en preparación,efectivo,pagado,571.82,91.49,663.31,,,Frecuente,False
23,1009,207,Michelle De la Cruz,michelle.delacruz207@correo.com,2025-11-29,Presencial (mostrador),Alimentos,Sandwich club,3,93.31,279.93,para llevar,False,,,,,,2026-08-12,15:50:00,en preparación,efectivo,pagado,571.82,91.49,663.31,,,Frecuente,False
24,1010,28,José Torres,josé.torres28@correo.com,2026-05-28,Presencial (mostrador),Alimentos,Ensalada César,1,82.29,82.29,para llevar,False,,,,,,2026-07-13,08:30:00,entregado,transferencia,pagado,82.29,13.17,95.46,18.0,5.0,VIP,False
25,1011,57,Hugo Martínez,hugo.martínez57@correo.com,2025-07-10,Página web,Café caliente,Americano,3,34.91,104.73,en el lugar,False,12.0,Zona de estudio,grupal,,,2025-08-18,15:50:00,cancelado,pago en línea,pendiente,162.54,26.01,188.55,,,VIP,True
26,1011,57,Hugo Martínez,hugo.martínez57@correo.com,2025-07-10,Página web,Café frío,Cold brew,1,57.81,57.81,en el lugar,False,12.0,Zona de estudio,grupal,,,2025-08-18,15:50:00,cancelado,pago en línea,pendiente,162.54,26.01,188.55,,,VIP,True
27,1012,79,Raúl Hernández,raúl.hernández79@correo.com,2025-07-03,Presencial (mostrador),Alimentos,Panini de jamón y queso,2,76.57,153.14,en el lugar,False,15.0,Zona de estudio,grupal,,,2025-10-01,19:50:00,entregado,tarjeta,pagado,153.14,24.5,177.64,30.0,4.0,VIP,False
28,1013,93,Iván Castillo,iván.castillo93@correo.com,2025-05-11,Página web,Bebidas frías,Jugo de naranja,2,30.14,60.28,para llevar,False,,,,,,2026-01-25,08:20:00,entregado,pago en línea,pagado,60.28,9.64,69.92,10.0,4.0,Frecuente,True
29,1014,71,Carlos Martínez,carlos.martínez71@correo.com,2026-03-10,Página web,Alimentos,Sandwich club,2,85.55,171.1,para llevar,False,,,,,,2026-07-03,19:45:00,entregado,pago en línea,pagado,171.1,27.38,198.48,13.0,1.0,Frecuente,True
30,1015,159,Paola López,paola.lópez159@correo.com,2026-07-31,Página web,Repostería,Dona glaseada,3,45.93,137.79,en el lugar,False,17.0,Salón principal,pareja,,,2026-08-16,17:10:00,entregado,pago en línea,pagado,363.73,58.2,421.93,17.0,5.0,VIP,True
31,1015,159,Paola López,paola.lópez159@correo.com,2026-07-31,Página web,Bebidas calientes,Té verde,3,26.32,78.96,en el lugar,False,17.0,Salón principal,pareja,,,2026-08-16,17:10:00,entregado,pago en línea,pagado,363.73,58.2,421.93,17.0,5.0,VIP,True
32,1015,159,Paola López,paola.lópez159@correo.com,2026-07-31,Página web,Café caliente,Café de olla,1,46.32,46.32,en el lugar,False,17.0,Salón principal,pareja,,,2026-08-16,17:10:00,entregado,pago en línea,pagado,363.73,58.2,421.93,17.0,5.0,VIP,True
33,1015,159,Paola López,paola.lópez159@correo.com,2026-07-31,Página web,Repostería,Muffin de arándano,2,50.33,100.66,en el lugar,False,17.0,Salón principal,pareja,,,2026-08-16,17:10:00,entregado,pago en línea,pagado,363.73,58.2,421.93,17.0,5.0,VIP,True
34,1016,136,Andrea Hernández,andrea.hernández136@correo.com,2026-03-07,Presencial (mostrador),Bebidas frías,Refresco de cola,2,32.87,65.74,para llevar,False,,,,,,2026-06-04,11:50:00,entregado,efectivo,pagado,286.93,45.91,332.84,27.0,5.0,VIP,False
35,1016,136,Andrea Hernández,andrea.hernández136@correo.com,2026-03-07,Presencial (mostrador),Repostería,Croissant,3,48.45,145.35,para llevar,False,,,,,,2026-06-04,11:50:00,entregado,efectivo,pagado,286.93,45.91,332.84,27.0,5.0,VIP,False
36,1016,136,Andrea Hernández,andrea.hernández136@correo.com,2026-03-07,Presencial (mostrador),Bebidas calientes,Té chai,2,37.92,75.84,para llevar,False,,,,,,2026-06-04,11:50:00,entregado,efectivo,pagado,286.93,45.91,332.84,27.0,5.0,VIP,False
37,1017,149,Alejandro Ramírez,alejandro.ramírez149@correo.com,2025-05-04,Presencial (mesero),Café caliente,Capuchino,3,50.8,152.4,para llevar,False,,,,,,2025-08-04,10:25:00,entregado,efectivo,pagado,298.83,47.81,346.64,29.0,5.0,Frecuente,False
38,1017,149,Alejandro Ramírez,alejandro.ramírez149@correo.com,2025-05-04,Presencial (mesero),Café caliente,Café de olla,3,48.81,146.43,para llevar,False,,,,,,2025-08-04,10:25:00,entregado,efectivo,pagado,298.83,47.81,346.64,29.0,5.0,Frecuente,False
39,1018,136,Andrea Hernández,andrea.hernández136@correo.com,2026-03-07,Página web,Bebidas calientes,Infusión de manzanilla,2,25.87,51.74,para llevar,False,,,,,,2026-08-12,09:45:00,listo,pago en línea,pagado,202.31,32.37,234.68,26.0,,VIP,True
40,1018,136,Andrea Hernández,andrea.hernández136@correo.com,2026-03-07,Página web,Repostería,Dona glaseada,3,50.19,150.57,para llevar,False,,,,,,2026-08-12,09:45:00,listo,pago en línea,pagado,202.31,32.37,234.68,26.0,,VIP,True
41,1019,71,Carlos Martínez,carlos.martínez71@correo.com,2026-03-10,Página web,Alimentos,Panini de jamón y queso,2,93.31,186.62,en el lugar,False,7.0,Zona de estudio,grupal,,,2026-07-02,10:40:00,en preparación,tarjeta,pagado,411.17,65.79,476.96,,,Frecuente,True
42,1019,71,Carlos Martínez,carlos.martínez71@correo.com,2026-03-10,Página web,Café frío,Cold brew,3,61.19,183.57,en el lugar,False,7.0,Zona de estudio,grupal,,,2026-07-02,10:40:00,en preparación,tarjeta,pagado,411.17,65.79,476.96,,,Frecuente,True
43,1019,71,Carlos Martínez,carlos.martínez71@correo.com,2026-03-10,Página web,Café caliente,Mocaccino,1,40.98,40.98,en el lugar,False,7.0,Zona de estudio,grupal,,,2026-07-02,10:40:00,en preparación,tarjeta,pagado,411.17,65.79,476.96,,,Frecuente,True
44,1020,246,José Díaz,josé.díaz246@correo.com,2025-09-01,Página web,Café caliente,Latte,2,29.44,58.88,en el lugar,True,17.0,Salón principal,pareja,2026-05-23,no_show,2026-05-23,20:05:00,entregado,pago en línea,pagado,185.78,29.72,215.5,17.0,4.0,Frecuente,True
45,1020,246,José Díaz,josé.díaz246@correo.com,2025-09-01,Página web,Bebidas frías,Agua mineral,1,24.72,24.72,en el lugar,True,17.0,Salón principal,pareja,2026-05-23,no_show,2026-05-23,20:05:00,entregado,pago en línea,pagado,185.78,29.72,215.5,17.0,4.0,Frecuente,True
46,1020,246,José Díaz,josé.díaz246@correo.com,2025-09-01,Página web,Café caliente,Capuchino,3,34.06,102.18,en el lugar,True,17.0,Salón principal,pareja,2026-05-23,no_show,2026-05-23,20:05:00,entregado,pago en línea,pagado,185.78,29.72,215.5,17.0,4.0,Frecuente,True
47,1021,85,Renata Díaz,renata.díaz85@correo.com,2026-06-06,Presencial (mesero),Alimentos,Sandwich club,1,90.29,90.29,para llevar,False,,,,,,2026-06-23,07:20:00,listo,transferencia,pagado,307.41,49.19,356.6,37.0,,VIP,False
48,1021,85,Renata Díaz,renata.díaz85@correo.com,2026-06-06,Presencial (mesero),Café caliente,Capuchino,1,33.82,33.82,para llevar,False,,,,,,2026-06-23,07:20:00,listo,transferencia,pagado,307.41,49.19,356.6,37.0,,VIP,False
49,1021,85,Renata Díaz,renata.díaz85@correo.com,2026-06-06,Presencial (mesero),Café frío,Frappuccino de caramelo,2,38.34,76.68,para llevar,False,,,,,,2026-06-23,07:20:00,listo,transferencia,pagado,307.41,49.19,356.6,37.0,,VIP,False
50,1021,85,Renata Díaz,renata.díaz85@correo.com,2026-06-06,Presencial (mesero),Repostería,Croissant,3,35.54,106.62,para llevar,False,,,,,,2026-06-23,07:20:00,listo,transferencia,pagado,307.41,49.19,356.6,37.0,,VIP,False
51,1022,120,Andrea Reyes,andrea.reyes120@correo.com,2025-06-19,Presencial (mostrador),Repostería,Pay de queso,1,25.05,25.05,para llevar,False,,,,,,2025-07-21,08:35:00,entregado,efectivo,pagado,159.96,25.59,185.55,41.0,4.0,Frecuente,False
52,1022,120,Andrea Reyes,andrea.reyes120@correo.com,2025-06-19,Presencial (mostrador),Repostería,Croissant,3,44.97,134.91,para llevar,False,,,,,,2025-07-21,08:35:00,entregado,efectivo,pagado,159.96,25.59,185.55,41.0,4.0,Frecuente,False
53,1023,127,Diego Martínez,diego.martínez127@correo.com,2025-02-11,Presencial (mostrador),Repostería,Dona glaseada,3,25.57,76.71,en el lugar,False,1.0,Barra,pareja,,,2026-02-15,08:40:00,entregado,tarjeta,pagado,186.16,29.79,215.95,42.0,5.0,Frecuente,False
54,1023,127,Diego Martínez,diego.martínez127@correo.com,2025-02-11,Presencial (mostrador),Café caliente,Capuchino,2,34.51,69.02,en el lugar,False,1.0,Barra,pareja,,,2026-02-15,08:40:00,entregado,tarjeta,pagado,186.16,29.79,215.95,42.0,5.0,Frecuente,False
55,1023,127,Diego Martínez,diego.martínez127@correo.com,2025-02-11,Presencial (mostrador),Bebidas calientes,Té chai,1,40.43,40.43,en el lugar,False,1.0,Barra,pareja,,,2026-02-15,08:40:00,entregado,tarjeta,pagado,186.16,29.79,215.95,42.0,5.0,Frecuente,False
56,1024,105,Lucía De la Cruz,lucía.delacruz105@correo.com,2026-07-25,Página web,Café caliente,Americano,3,51.92,155.76,en el lugar,True,16.0,Salón principal,individual,2026-08-04,completada,2026-08-04,20:50:00,en preparación,pago en línea,pagado,241.84,38.69,280.53,,,Frecuente,True
57,1024,105,Lucía De la Cruz,lucía.delacruz105@correo.com,2026-07-25,Página web,Repostería,Muffin de arándano,2,43.04,86.08,en el lugar,True,16.0,Salón principal,individual,2026-08-04,completada,2026-08-04,20:50:00,en preparación,pago en línea,pagado,241.84,38.69,280.53,,,Frecuente,True
58,1025,201,Paola Morales,paola.morales201@correo.com,2025-06-08,Página web,Café caliente,Capuchino,2,39.8,79.6,para llevar,False,,,,,,2025-10-15,07:50:00,listo,tarjeta,pagado,536.17,85.79,621.96,31.0,,Frecuente,True
59,1025,201,Paola Morales,paola.morales201@correo.com,2025-06-08,Página web,Alimentos,Panini de jamón y queso,3,89.73,269.19,para llevar,False,,,,,,2025-10-15,07:50:00,listo,tarjeta,pagado,536.17,85.79,621.96,31.0,,Frecuente,True
60,1025,201,Paola Morales,paola.morales201@correo.com,2025-06-08,Página web,Alimentos,Ensalada César,2,93.69,187.38,para llevar,False,,,,,,2025-10-15,07:50:00,listo,tarjeta,pagado,536.17,85.79,621.96,31.0,,Frecuente,True
61,1026,40,José Martínez,josé.martínez40@correo.com,2025-03-02,Presencial (mostrador),Repostería,Concha,2,27.8,55.6,para llevar,False,,,,,,2026-08-15,11:05:00,entregado,efectivo,pagado,164.52,26.32,190.84,30.0,5.0,Frecuente,False
62,1026,40,José Martínez,josé.martínez40@correo.com,2025-03-02,Presencial (mostrador),Bebidas calientes,Té verde,2,31.13,62.26,para llevar,False,,,,,,2026-08-15,11:05:00,entregado,efectivo,pagado,164.52,26.32,190.84,30.0,5.0,Frecuente,False
63,1026,40,José Martínez,josé.martínez40@correo.com,2025-03-02,Presencial (mostrador),Bebidas frías,Refresco de cola,2,23.33,46.66,para llevar,False,,,,,,2026-08-15,11:05:00,entregado,efectivo,pagado,164.52,26.32,190.84,30.0,5.0,Frecuente,False
64,1027,43,Marco Ramírez,marco.ramírez43@correo.com,2026-04-30,Página web,Café caliente,Americano,2,29.82,59.64,en el lugar,True,13.0,Zona de estudio,grupal,2026-07-16,pendiente,2026-07-17,13:20:00,entregado,pago en línea,pagado,288.16,46.11,334.27,31.0,5.0,VIP,True
65,1027,43,Marco Ramírez,marco.ramírez43@correo.com,2026-04-30,Página web,Bebidas calientes,Té verde,2,32.24,64.48,en el lugar,True,13.0,Zona de estudio,grupal,2026-07-16,pendiente,2026-07-17,13:20:00,entregado,pago en línea,pagado,288.16,46.11,334.27,31.0,5.0,VIP,True
66,1027,43,Marco Ramírez,marco.ramírez43@correo.com,2026-04-30,Página web,Bebidas frías,Té helado,1,32.1,32.1,en el lugar,True,13.0,Zona de estudio,grupal,2026-07-16,pendiente,2026-07-17,13:20:00,entregado,pago en línea,pagado,288.16,46.11,334.27,31.0,5.0,VIP,True
67,1027,43,Marco Ramírez,marco.ramírez43@correo.com,2026-04-30,Página web,Bebidas calientes,Infusión de manzanilla,3,43.98,131.94,en el lugar,True,13.0,Zona de estudio,grupal,2026-07-16,pendiente,2026-07-17,13:20:00,entregado,pago en línea,pagado,288.16,46.11,334.27,31.0,5.0,VIP,True
68,1028,184,Renata Castillo,renata.castillo184@correo.com,2025-05-15,Página web,Café frío,Café helado,3,55.82,167.46,en el lugar,True,6.0,Barra,grupal,2025-12-01,no_show,2025-12-04,12:50:00,entregado,pago en línea,pagado,457.6,73.22,530.82,43.0,4.0,VIP,True
69,1028,184,Renata Castillo,renata.castillo184@correo.com,2025-05-15,Página web,Alimentos,Bagel con queso crema,2,51.13,102.26,en el lugar,True,6.0,Barra,grupal,2025-12-01,no_show,2025-12-04,12:50:00,entregado,pago en línea,pagado,457.6,73.22,530.82,43.0,4.0,VIP,True
70,1028,184,Renata Castillo,renata.castillo184@correo.com,2025-05-15,Página web,Café caliente,Latte,3,32.66,97.98,en el lugar,True,6.0,Barra,grupal,2025-12-01,no_show,2025-12-04,12:50:00,entregado,pago en línea,pagado,457.6,73.22,530.82,43.0,4.0,VIP,True
71,1028,184,Renata Castillo,renata.castillo184@correo.com,2025-05-15,Página web,Bebidas calientes,Infusión de manzanilla,2,44.95,89.9,en el lugar,True,6.0,Barra,grupal,2025-12-01,no_show,2025-12-04,12:50:00,entregado,pago en línea,pagado,457.6,73.22,530.82,43.0,4.0,VIP,True
72,1029,163,Carlos Romero,carlos.romero163@correo.com,2025-04-12,Presencial (mesero),Café frío,Frappuccino de caramelo,3,35.79,107.37,en el lugar,False,6.0,Zona de estudio,grupal,,,2026-01-14,11:20:00,entregado,efectivo,pagado,134.75,21.56,156.31,13.0,4.0,Frecuente,False
73,1029,163,Carlos Romero,carlos.romero163@correo.com,2025-04-12,Presencial (mesero),Bebidas frías,Jugo de naranja,1,27.38,27.38,en el lugar,False,6.0,Zona de estudio,grupal,,,2026-01-14,11:20:00,entregado,efectivo,pagado,134.75,21.56,156.31,13.0,4.0,Frecuente,False
74,1030,77,María Díaz,maría.díaz77@correo.com,2026-07-28,Presencial (mesero),Alimentos,Ensalada César,2,51.42,102.84,en el lugar,False,14.0,Terraza,individual,,,2026-07-30,11:30:00,cancelado,transferencia,pendiente,260.55,41.69,302.24,,,VIP,False
75,1030,77,María Díaz,maría.díaz77@correo.com,2026-07-28,Presencial (mesero),Bebidas frías,Jugo de naranja,1,23.64,23.64,en el lugar,False,14.0,Terraza,individual,,,2026-07-30,11:30:00,cancelado,transferencia,pendiente,260.55,41.69,302.24,,,VIP,False
76,1030,77,María Díaz,maría.díaz77@correo.com,2026-07-28,Presencial (mesero),Café frío,Frappuccino de caramelo,1,50.09,50.09,en el lugar,False,14.0,Terraza,individual,,,2026-07-30,11:30:00,cancelado,transferencia,pendiente,260.55,41.69,302.24,,,VIP,False
77,1030,77,María Díaz,maría.díaz77@correo.com,2026-07-28,Presencial (mesero),Café caliente,Espresso,2,41.99,83.98,en el lugar,False,14.0,Terraza,individual,,,2026-07-30,11:30:00,cancelado,transferencia,pendiente,260.55,41.69,302.24,,,VIP,False
78,1031,29,María Flores,maría.flores29@correo.com,2026-06-04,Presencial (mesero),Bebidas frías,Jugo de naranja,3,23.08,69.24,en el lugar,True,18.0,Zona de estudio,individual,2026-06-30,completada,2026-07-02,12:40:00,entregado,transferencia,pagado,111.09,17.77,128.86,9.0,3.0,Frecuente,False
79,1031,29,María Flores,maría.flores29@correo.com,2026-06-04,Presencial (mesero),Bebidas calientes,Té verde,1,41.85,41.85,en el lugar,True,18.0,Zona de estudio,individual,2026-06-30,completada,2026-07-02,12:40:00,entregado,transferencia,pagado,111.09,17.77,128.86,9.0,3.0,Frecuente,False
80,1032,85,Renata Díaz,renata.díaz85@correo.com,2026-06-06,Presencial (mostrador),Bebidas frías,Té helado,1,29.96,29.96,para llevar,False,,,,,,2026-06-16,07:50:00,entregado,transferencia,pagado,208.0,33.28,241.28,38.0,5.0,VIP,False
81,1032,85,Renata Díaz,renata.díaz85@correo.com,2026-06-06,Presencial (mostrador),Bebidas calientes,Té verde,3,37.84,113.52,para llevar,False,,,,,,2026-06-16,07:50:00,entregado,transferencia,pagado,208.0,33.28,241.28,38.0,5.0,VIP,False
82,1032,85,Renata Díaz,renata.díaz85@correo.com,2026-06-06,Presencial (mostrador),Repostería,Pay de queso,1,33.57,33.57,para llevar,False,,,,,,2026-06-16,07:50:00,entregado,transferencia,pagado,208.0,33.28,241.28,38.0,5.0,VIP,False
83,1032,85,Renata Díaz,renata.díaz85@correo.com,2026-06-06,Presencial (mostrador),Bebidas calientes,Infusión de manzanilla,1,30.95,30.95,para llevar,False,,,,,,2026-06-16,07:50:00,entregado,transferencia,pagado,208.0,33.28,241.28,38.0,5.0,VIP,False
84,1033,32,Camila Ramírez,camila.ramírez32@correo.com,2025-03-01,Página web,Alimentos,Bagel con queso crema,2,83.03,166.06,para llevar,False,,,,,,2026-06-19,10:25:00,listo,pago en línea,pagado,226.86,36.3,263.16,14.0,,VIP,True
85,1033,32,Camila Ramírez,camila.ramírez32@correo.com,2025-03-01,Página web,Bebidas frías,Jugo de naranja,1,22.12,22.12,para llevar,False,,,,,,2026-06-19,10:25:00,listo,pago en línea,pagado,226.86,36.3,263.16,14.0,,VIP,True
86,1033,32,Camila Ramírez,camila.ramírez32@correo.com,2025-03-01,Página web,Café frío,Frappuccino de caramelo,1,38.68,38.68,para llevar,False,,,,,,2026-06-19,10:25:00,listo,pago en línea,pagado,226.86,36.3,263.16,14.0,,VIP,True
87,1034,237,Valeria Cruz,valeria.cruz237@correo.com,2026-04-01,Presencial (mesero),Café frío,Cold brew,2,49.95,99.9,para llevar,False,,,,,,2026-04-13,11:30:00,cancelado,efectivo,reembolsado,241.46,38.63,280.09,,,Frecuente,False
88,1034,237,Valeria Cruz,valeria.cruz237@correo.com,2026-04-01,Presencial (mesero),Bebidas frías,Refresco de cola,3,29.98,89.94,para llevar,False,,,,,,2026-04-13,11:30:00,cancelado,efectivo,reembolsado,241.46,38.63,280.09,,,Frecuente,False
89,1034,237,Valeria Cruz,valeria.cruz237@correo.com,2026-04-01,Presencial (mesero),Repostería,Pay de queso,2,25.81,51.62,para llevar,False,,,,,,2026-04-13,11:30:00,cancelado,efectivo,reembolsado,241.46,38.63,280.09,,,Frecuente,False
90,1035,132,Camila Vázquez,camila.vázquez132@correo.com,2026-01-20,Página web,Repostería,Brownie,1,25.29,25.29,para llevar,False,,,,,,2026-03-22,10:45:00,entregado,transferencia,pagado,280.81,44.93,325.74,26.0,5.0,Frecuente,True
91,1035,132,Camila Vázquez,camila.vázquez132@correo.com,2026-01-20,Página web,Café caliente,Latte,3,31.62,94.86,para llevar,False,,,,,,2026-03-22,10:45:00,entregado,transferencia,pagado,280.81,44.93,325.74,26.0,5.0,Frecuente,True
92,1035,132,Camila Vázquez,camila.vázquez132@correo.com,2026-01-20,Página web,Repostería,Dona glaseada,3,37.8,113.4,para llevar,False,,,,,,2026-03-22,10:45:00,entregado,transferencia,pagado,280.81,44.93,325.74,26.0,5.0,Frecuente,True
93,1035,132,Camila Vázquez,camila.vázquez132@correo.com,2026-01-20,Página web,Alimentos,Ensalada César,1,47.26,47.26,para llevar,False,,,,,,2026-03-22,10:45:00,entregado,transferencia,pagado,280.81,44.93,325.74,26.0,5.0,Frecuente,True
94,1036,143,Estefanía Sánchez,estefanía.sánchez143@correo.com,2025-03-29,Presencial (mostrador),Bebidas frías,Agua mineral,2,35.1,70.2,en el lugar,False,20.0,Terraza,individual,,,2025-05-05,13:40:00,cancelado,tarjeta,reembolsado,265.3,42.45,307.75,,,VIP,False
95,1036,143,Estefanía Sánchez,estefanía.sánchez143@correo.com,2025-03-29,Presencial (mostrador),Café frío,Frappuccino de caramelo,2,50.0,100.0,en el lugar,False,20.0,Terraza,individual,,,2025-05-05,13:40:00,cancelado,tarjeta,reembolsado,265.3,42.45,307.75,,,VIP,False
96,1036,143,Estefanía Sánchez,estefanía.sánchez143@correo.com,2025-03-29,Presencial (mostrador),Café caliente,Espresso,3,31.7,95.1,en el lugar,False,20.0,Terraza,individual,,,2025-05-05,13:40:00,cancelado,tarjeta,reembolsado,265.3,42.45,307.75,,,VIP,False
97,1037,236,Raúl Torres,raúl.torres236@correo.com,2025-02-03,Presencial (mesero),Alimentos,Ensalada César,3,74.69,224.07,para llevar,False,,,,,,2026-05-16,09:45:00,en preparación,tarjeta,pagado,316.02,50.56,366.58,,,VIP,False
98,1037,236,Raúl Torres,raúl.torres236@correo.com,2025-02-03,Presencial (mesero),Bebidas frías,Jugo de naranja,3,30.65,91.95,para llevar,False,,,,,,2026-05-16,09:45:00,en preparación,tarjeta,pagado,316.02,50.56,366.58,,,VIP,False
99,1038,132,Camila Vázquez,camila.vázquez132@correo.com,2026-01-20,Página web,Repostería,Dona glaseada,2,52.4,104.8,en el lugar,False,19.0,Zona de estudio,grupal,,,2026-04-06,14:00:00,en preparación,pago en línea,pagado,287.75,46.04,333.79,,,Frecuente,True
100,1038,132,Camila Vázquez,camila.vázquez132@correo.com,2026-01-20,Página web,Bebidas frías,Jugo de naranja,1,24.55,24.55,en el lugar,False,19.0,Zona de estudio,grupal,,,2026-04-06,14:00:00,en preparación,pago en línea,pagado,287.75,46.04,333.79,,,Frecuente,True
101,1038,132,Camila Vázquez,camila.vázquez132@correo.com,2026-01-20,Página web,Café caliente,Café de olla,3,40.97,122.91,en el lugar,False,19.0,Zona de estudio,grupal,,,2026-04-06,14:00:00,en preparación,pago en línea,pagado,287.75,46.04,333.79,,,Frecuente,True
102,1038,132,Camila Vázquez,camila.vázquez132@correo.com,2026-01-20,Página web,Bebidas frías,Jugo de naranja,1,35.49,35.49,en el lugar,False,19.0,Zona de estudio,grupal,,,2026-04-06,14:00:00,en preparación,pago en línea,pagado,287.75,46.04,333.79,,,Frecuente,True
103,1039,169,Diego López,diego.lópez169@correo.com,2025-09-30,Página web,Alimentos,Panini de jamón y queso,3,88.64,265.92,para llevar,False,,,,,,2025-10-16,16:55:00,entregado,pago en línea,pagado,305.04,48.81,353.85,38.0,4.0,VIP,True
104,1039,169,Diego López,diego.lópez169@correo.com,2025-09-30,Página web,Bebidas calientes,Té chai,1,39.12,39.12,para llevar,False,,,,,,2025-10-16,16:55:00,entregado,pago en línea,pagado,305.04,48.81,353.85,38.0,4.0,VIP,True
105,1040,226,Gabriela Díaz,gabriela.díaz226@correo.com,2025-04-03,Presencial (mesero),Bebidas calientes,Té verde,2,37.2,74.4,para llevar,False,,,,,,2025-12-28,13:25:00,entregado,transferencia,pagado,334.99,53.6,388.59,39.0,5.0,Frecuente,False
106,1040,226,Gabriela Díaz,gabriela.díaz226@correo.com,2025-04-03,Presencial (mesero),Café frío,Cold brew,2,43.37,86.74,para llevar,False,,,,,,2025-12-28,13:25:00,entregado,transferencia,pagado,334.99,53.6,388.59,39.0,5.0,Frecuente,False
107,1040,226,Gabriela Díaz,gabriela.díaz226@correo.com,2025-04-03,Presencial (mesero),Repostería,Croissant,3,57.95,173.85,para llevar,False,,,,,,2025-12-28,13:25:00,entregado,transferencia,pagado,334.99,53.6,388.59,39.0,5.0,Frecuente,False
108,1041,171,Lucía Flores,lucía.flores171@correo.com,2026-02-17,Página web,Repostería,Croissant,2,35.17,70.34,en el lugar,False,10.0,Terraza,grupal,,,2026-05-09,14:25:00,entregado,pago en línea,pagado,520.44,83.27,603.71,45.0,5.0,VIP,True
109,1041,171,Lucía Flores,lucía.flores171@correo.com,2026-02-17,Página web,Repostería,Dona glaseada,3,27.77,83.31,en el lugar,False,10.0,Terraza,grupal,,,2026-05-09,14:25:00,entregado,pago en línea,pagado,520.44,83.27,603.71,45.0,5.0,VIP,True
110,1041,171,Lucía Flores,lucía.flores171@correo.com,2026-02-17,Página web,Alimentos,Ensalada César,3,82.37,247.11,en el lugar,False,10.0,Terraza,grupal,,,2026-05-09,14:25:00,entregado,pago en línea,pagado,520.44,83.27,603.71,45.0,5.0,VIP,True
111,1041,171,Lucía Flores,lucía.flores171@correo.com,2026-02-17,Página web,Café frío,Cold brew,2,59.84,119.68,en el lugar,False,10.0,Terraza,grupal,,,2026-05-09,14:25:00,entregado,pago en línea,pagado,520.44,83.27,603.71,45.0,5.0,VIP,True
112,1042,8,Adrián García,adrián.garcía8@correo.com,2026-01-03,Presencial (mostrador),Bebidas calientes,Chocolate caliente,3,25.1,75.3,en el lugar,False,2.0,Terraza,pareja,,,2026-03-05,10:00:00,entregado,tarjeta,pagado,75.3,12.05,87.35,18.0,1.0,Frecuente,False
113,1043,45,Carlos García,carlos.garcía45@correo.com,2025-03-04,Página web,Bebidas calientes,Chocolate caliente,3,35.7,107.1,para llevar,False,,,,,,2026-04-24,17:35:00,cancelado,pago en línea,pendiente,107.1,17.14,124.24,,,VIP,True
114,1044,187,Luis Ramírez,luis.ramírez187@correo.com,2025-04-27,Página web,Café caliente,Espresso,3,36.06,108.18,en el lugar,False,2.0,Barra,pareja,,,2026-07-06,07:10:00,entregado,pago en línea,pagado,346.59,55.45,402.04,16.0,4.0,Frecuente,True
115,1044,187,Luis Ramírez,luis.ramírez187@correo.com,2025-04-27,Página web,Bebidas frías,Té helado,3,38.57,115.71,en el lugar,False,2.0,Barra,pareja,,,2026-07-06,07:10:00,entregado,pago en línea,pagado,346.59,55.45,402.04,16.0,4.0,Frecuente,True
116,1044,187,Luis Ramírez,luis.ramírez187@correo.com,2025-04-27,Página web,Repostería,Muffin de arándano,3,40.9,122.7,en el lugar,False,2.0,Barra,pareja,,,2026-07-06,07:10:00,entregado,pago en línea,pagado,346.59,55.45,402.04,16.0,4.0,Frecuente,True
117,1045,185,Óscar Ortiz,óscar.ortiz185@correo.com,2025-05-05,Página web,Café frío,Frappuccino de caramelo,3,59.81,179.43,en el lugar,True,15.0,Zona de estudio,grupal,2026-07-13,completada,2026-07-14,15:35:00,entregado,pago en línea,pagado,201.16,32.19,233.35,16.0,5.0,Recurrente,True
118,1045,185,Óscar Ortiz,óscar.ortiz185@correo.com,2025-05-05,Página web,Bebidas frías,Agua mineral,1,21.73,21.73,en el lugar,True,15.0,Zona de estudio,grupal,2026-07-13,completada,2026-07-14,15:35:00,entregado,pago en línea,pagado,201.16,32.19,233.35,16.0,5.0,Recurrente,True
119,1046,126,Michelle Castillo,michelle.castillo126@correo.com,2025-02-23,Página web,Repostería,Brownie,1,50.3,50.3,para llevar,False,,,,,,2026-06-26,12:15:00,entregado,pago en línea,pagado,194.08,31.05,225.13,40.0,5.0,Frecuente,True
120,1046,126,Michelle Castillo,michelle.castillo126@correo.com,2025-02-23,Página web,Café caliente,Capuchino,2,45.65,91.3,para llevar,False,,,,,,2026-06-26,12:15:00,entregado,pago en línea,pagado,194.08,31.05,225.13,40.0,5.0,Frecuente,True
121,1046,126,Michelle Castillo,michelle.castillo126@correo.com,2025-02-23,Página web,Bebidas calientes,Chocolate caliente,2,26.24,52.48,para llevar,False,,,,,,2026-06-26,12:15:00,entregado,pago en línea,pagado,194.08,31.05,225.13,40.0,5.0,Frecuente,True
122,1047,48,Ximena Martínez,ximena.martínez48@correo.com,2026-03-30,Página web,Bebidas calientes,Infusión de manzanilla,3,40.15,120.45,en el lugar,True,8.0,Salón principal,individual,2026-06-14,completada,2026-06-17,18:05:00,listo,pago en línea,pagado,260.88,41.74,302.62,40.0,,Frecuente,True
123,1047,48,Ximena Martínez,ximena.martínez48@correo.com,2026-03-30,Página web,Bebidas calientes,Chocolate caliente,1,40.24,40.24,en el lugar,True,8.0,Salón principal,individual,2026-06-14,completada,2026-06-17,18:05:00,listo,pago en línea,pagado,260.88,41.74,302.62,40.0,,Frecuente,True
124,1047,48,Ximena Martínez,ximena.martínez48@correo.com,2026-03-30,Página web,Bebidas calientes,Té chai,1,35.51,35.51,en el lugar,True,8.0,Salón principal,individual,2026-06-14,completada,2026-06-17,18:05:00,listo,pago en línea,pagado,260.88,41.74,302.62,40.0,,Frecuente,True
125,1047,48,Ximena Martínez,ximena.martínez48@correo.com,2026-03-30,Página web,Bebidas frías,Agua mineral,3,21.56,64.68,en el lugar,True,8.0,Salón principal,individual,2026-06-14,completada,2026-06-17,18:05:00,listo,pago en línea,pagado,260.88,41.74,302.62,40.0,,Frecuente,True
126,1048,243,Diego Gómez,diego.gómez243@correo.com,2025-06-01,Página web,Bebidas calientes,Infusión de manzanilla,2,26.82,53.64,para llevar,False,,,,,,2025-09-12,16:40:00,entregado,pago en línea,pagado,89.81,14.37,104.18,37.0,4.0,Frecuente,True
127,1048,243,Diego Gómez,diego.gómez243@correo.com,2025-06-01,Página web,Bebidas frías,Refresco de cola,1,36.17,36.17,para llevar,False,,,,,,2025-09-12,16:40:00,entregado,pago en línea,pagado,89.81,14.37,104.18,37.0,4.0,Frecuente,True
128,1049,102,Raúl Vázquez,raúl.vázquez102@correo.com,2025-07-19,Página web,Alimentos,Ensalada César,3,80.02,240.06,en el lugar,False,13.0,Zona de estudio,individual,,,2026-05-03,07:40:00,listo,pago en línea,pagado,240.06,38.41,278.47,11.0,,Frecuente,True
129,1050,166,Raúl Cruz,raúl.cruz166@correo.com,2026-04-27,Página web,Repostería,Pay de queso,3,40.7,122.1,para llevar,False,,,,,,2026-08-19,08:35:00,listo,pago en línea,pagado,365.58,58.49,424.07,22.0,,VIP,True
130,1050,166,Raúl Cruz,raúl.cruz166@correo.com,2026-04-27,Página web,Alimentos,Panini de jamón y queso,2,49.01,98.02,para llevar,False,,,,,,2026-08-19,08:35:00,listo,pago en línea,pagado,365.58,58.49,424.07,22.0,,VIP,True
131,1050,166,Raúl Cruz,raúl.cruz166@correo.com,2026-04-27,Página web,Bebidas calientes,Chocolate caliente,3,38.07,114.21,para llevar,False,,,,,,2026-08-19,08:35:00,listo,pago en línea,pagado,365.58,58.49,424.07,22.0,,VIP,True
132,1050,166,Raúl Cruz,raúl.cruz166@correo.com,2026-04-27,Página web,Repostería,Concha,1,31.25,31.25,para llevar,False,,,,,,2026-08-19,08:35:00,listo,pago en línea,pagado,365.58,58.49,424.07,22.0,,VIP,True
133,1051,121,Jorge Romero,jorge.romero121@correo.com,2026-07-01,Presencial (mesero),Café frío,Cold brew,1,48.82,48.82,para llevar,False,,,,,,2026-07-01,19:00:00,listo,tarjeta,pagado,152.41,24.39,176.8,14.0,,VIP,False
134,1051,121,Jorge Romero,jorge.romero121@correo.com,2026-07-01,Presencial (mesero),Café frío,Café helado,1,40.65,40.65,para llevar,False,,,,,,2026-07-01,19:00:00,listo,tarjeta,pagado,152.41,24.39,176.8,14.0,,VIP,False
135,1051,121,Jorge Romero,jorge.romero121@correo.com,2026-07-01,Presencial (mesero),Bebidas calientes,Té chai,1,25.64,25.64,para llevar,False,,,,,,2026-07-01,19:00:00,listo,tarjeta,pagado,152.41,24.39,176.8,14.0,,VIP,False
136,1051,121,Jorge Romero,jorge.romero121@correo.com,2026-07-01,Presencial (mesero),Bebidas calientes,Infusión de manzanilla,1,37.3,37.3,para llevar,False,,,,,,2026-07-01,19:00:00,listo,tarjeta,pagado,152.41,24.39,176.8,14.0,,VIP,False
137,1052,184,Renata Castillo,renata.castillo184@correo.com,2025-05-15,Presencial (mostrador),Bebidas frías,Agua mineral,3,24.68,74.04,en el lugar,True,2.0,Barra,pareja,2026-03-14,completada,2026-03-15,07:35:00,listo,efectivo,pagado,147.14,23.54,170.68,23.0,,VIP,False
138,1052,184,Renata Castillo,renata.castillo184@correo.com,2025-05-15,Presencial (mostrador),Bebidas calientes,Té verde,2,36.55,73.1,en el lugar,True,2.0,Barra,pareja,2026-03-14,completada,2026-03-15,07:35:00,listo,efectivo,pagado,147.14,23.54,170.68,23.0,,VIP,False
139,1053,154,Yuleni De la Cruz,yuleni.delacruz154@correo.com,2026-07-21,Página web,Bebidas calientes,Infusión de manzanilla,3,36.12,108.36,para llevar,False,,,,,,2026-07-30,09:50:00,entregado,pago en línea,pagado,215.2,34.43,249.63,28.0,3.0,Frecuente,True
140,1053,154,Yuleni De la Cruz,yuleni.delacruz154@correo.com,2026-07-21,Página web,Café caliente,Capuchino,2,53.42,106.84,para llevar,False,,,,,,2026-07-30,09:50:00,entregado,pago en línea,pagado,215.2,34.43,249.63,28.0,3.0,Frecuente,True
141,1054,83,Diego Ramírez,diego.ramírez83@correo.com,2025-01-25,Página web,Repostería,Dona glaseada,2,30.05,60.1,para llevar,False,,,,,,2026-03-27,13:10:00,entregado,pago en línea,pagado,279.46,44.71,324.17,32.0,4.0,Frecuente,True
142,1054,83,Diego Ramírez,diego.ramírez83@correo.com,2025-01-25,Página web,Alimentos,Sandwich club,3,73.12,219.36,para llevar,False,,,,,,2026-03-27,13:10:00,entregado,pago en línea,pagado,279.46,44.71,324.17,32.0,4.0,Frecuente,True
143,1055,224,Marco Flores,marco.flores224@correo.com,2025-12-13,Página web,Café caliente,Capuchino,1,38.18,38.18,para llevar,False,,,,,,2026-02-13,11:15:00,entregado,pago en línea,pagado,58.97,9.44,68.41,45.0,3.0,VIP,True
144,1055,224,Marco Flores,marco.flores224@correo.com,2025-12-13,Página web,Bebidas frías,Jugo de naranja,1,20.79,20.79,para llevar,False,,,,,,2026-02-13,11:15:00,entregado,pago en línea,pagado,58.97,9.44,68.41,45.0,3.0,VIP,True
145,1056,70,Alejandro Jiménez,alejandro.jiménez70@correo.com,2026-05-16,Página web,Café frío,Cold brew,1,63.86,63.86,para llevar,False,,,,,,2026-08-16,17:40:00,en preparación,pago en línea,pagado,63.86,10.22,74.08,,,Frecuente,True
146,1057,46,Andrea García,andrea.garcía46@correo.com,2025-09-12,Página web,Alimentos,Panini de jamón y queso,3,71.68,215.04,para llevar,False,,,,,,2026-05-15,10:55:00,en preparación,pago en línea,pagado,341.98,54.72,396.7,,,VIP,True
147,1057,46,Andrea García,andrea.garcía46@correo.com,2025-09-12,Página web,Repostería,Muffin de arándano,2,34.15,68.3,para llevar,False,,,,,,2026-05-15,10:55:00,en preparación,pago en línea,pagado,341.98,54.72,396.7,,,VIP,True
148,1057,46,Andrea García,andrea.garcía46@correo.com,2025-09-12,Página web,Bebidas frías,Refresco de cola,2,29.32,58.64,para llevar,False,,,,,,2026-05-15,10:55:00,en preparación,pago en línea,pagado,341.98,54.72,396.7,,,VIP,True
149,1058,224,Marco Flores,marco.flores224@correo.com,2025-12-13,Página web,Repostería,Brownie,3,57.72,173.16,para llevar,False,,,,,,2026-08-04,10:25:00,en preparación,pago en línea,pagado,173.16,27.71,200.87,,,VIP,True
150,1059,109,Marco Cruz,marco.cruz109@correo.com,2025-09-23,Página web,Repostería,Pay de queso,3,58.83,176.49,para llevar,False,,,,,,2026-04-24,11:10:00,entregado,pago en línea,pagado,335.93,53.75,389.68,42.0,5.0,Frecuente,True
151,1059,109,Marco Cruz,marco.cruz109@correo.com,2025-09-23,Página web,Bebidas calientes,Infusión de manzanilla,3,34.22,102.66,para llevar,False,,,,,,2026-04-24,11:10:00,entregado,pago en línea,pagado,335.93,53.75,389.68,42.0,5.0,Frecuente,True
152,1059,109,Marco Cruz,marco.cruz109@correo.com,2025-09-23,Página web,Bebidas calientes,Té verde,2,28.39,56.78,para llevar,False,,,,,,2026-04-24,11:10:00,entregado,pago en línea,pagado,335.93,53.75,389.68,42.0,5.0,Frecuente,True
153,1060,14,Mariana Pérez,mariana.pérez14@correo.com,2026-01-15,Página web,Bebidas calientes,Chocolate caliente,3,25.18,75.54,en el lugar,False,2.0,Terraza,pareja,,,2026-06-28,07:40:00,entregado,pago en línea,pagado,75.54,12.09,87.63,11.0,4.0,Frecuente,True
154,1061,93,Iván Castillo,iván.castillo93@correo.com,2025-05-11,Presencial (mesero),Bebidas frías,Agua mineral,2,30.71,61.42,en el lugar,False,1.0,Terraza,grupal,,,2026-03-23,17:50:00,entregado,efectivo,pagado,61.42,9.83,71.25,35.0,5.0,Frecuente,False
155,1062,78,Paola Ramírez,paola.ramírez78@correo.com,2025-06-16,Presencial (mesero),Bebidas frías,Limonada,2,39.8,79.6,en el lugar,True,20.0,Zona de estudio,pareja,2026-07-31,cancelada,2026-08-02,09:05:00,entregado,tarjeta,pagado,408.72,65.4,474.12,8.0,5.0,Frecuente,False
156,1062,78,Paola Ramírez,paola.ramírez78@correo.com,2025-06-16,Presencial (mesero),Café frío,Café helado,2,55.52,111.04,en el lugar,True,20.0,Zona de estudio,pareja,2026-07-31,cancelada,2026-08-02,09:05:00,entregado,tarjeta,pagado,408.72,65.4,474.12,8.0,5.0,Frecuente,False
157,1062,78,Paola Ramírez,paola.ramírez78@correo.com,2025-06-16,Presencial (mesero),Café caliente,Mocaccino,3,54.78,164.34,en el lugar,True,20.0,Zona de estudio,pareja,2026-07-31,cancelada,2026-08-02,09:05:00,entregado,tarjeta,pagado,408.72,65.4,474.12,8.0,5.0,Frecuente,False
158,1062,78,Paola Ramírez,paola.ramírez78@correo.com,2025-06-16,Presencial (mesero),Bebidas calientes,Té chai,2,26.87,53.74,en el lugar,True,20.0,Zona de estudio,pareja,2026-07-31,cancelada,2026-08-02,09:05:00,entregado,tarjeta,pagado,408.72,65.4,474.12,8.0,5.0,Frecuente,False
159,1063,246,José Díaz,josé.díaz246@correo.com,2025-09-01,Presencial (mesero),Repostería,Concha,3,57.35,172.05,en el lugar,True,4.0,Terraza,individual,2025-11-26,no_show,2025-11-27,08:35:00,entregado,transferencia,pagado,403.11,64.5,467.61,27.0,2.0,Frecuente,False
160,1063,246,José Díaz,josé.díaz246@correo.com,2025-09-01,Presencial (mesero),Bebidas calientes,Té verde,1,42.99,42.99,en el lugar,True,4.0,Terraza,individual,2025-11-26,no_show,2025-11-27,08:35:00,entregado,transferencia,pagado,403.11,64.5,467.61,27.0,2.0,Frecuente,False
161,1063,246,José Díaz,josé.díaz246@correo.com,2025-09-01,Presencial (mesero),Bebidas frías,Té helado,3,23.59,70.77,en el lugar,True,4.0,Terraza,individual,2025-11-26,no_show,2025-11-27,08:35:00,entregado,transferencia,pagado,403.11,64.5,467.61,27.0,2.0,Frecuente,False
162,1063,246,José Díaz,josé.díaz246@correo.com,2025-09-01,Presencial (mesero),Repostería,Concha,2,58.65,117.3,en el lugar,True,4.0,Terraza,individual,2025-11-26,no_show,2025-11-27,08:35:00,entregado,transferencia,pagado,403.11,64.5,467.61,27.0,2.0,Frecuente,False
163,1064,141,Regina Gómez,regina.gómez141@correo.com,2025-07-06,Presencial (mostrador),Bebidas frías,Agua mineral,2,21.07,42.14,en el lugar,False,18.0,Zona de estudio,pareja,,,2025-09-27,16:15:00,listo,efectivo,pagado,42.14,6.74,48.88,22.0,,Frecuente,False
164,1065,6,José Pérez,josé.pérez6@correo.com,2026-03-09,Presencial (mostrador),Bebidas frías,Refresco de cola,3,28.64,85.92,en el lugar,True,11.0,Terraza,grupal,2026-03-26,cancelada,2026-03-28,12:45:00,entregado,efectivo,pagado,148.59,23.77,172.36,32.0,5.0,VIP,False
165,1065,6,José Pérez,josé.pérez6@correo.com,2026-03-09,Presencial (mostrador),Bebidas calientes,Infusión de manzanilla,1,26.71,26.71,en el lugar,True,11.0,Terraza,grupal,2026-03-26,cancelada,2026-03-28,12:45:00,entregado,efectivo,pagado,148.59,23.77,172.36,32.0,5.0,VIP,False
166,1065,6,José Pérez,josé.pérez6@correo.com,2026-03-09,Presencial (mostrador),Bebidas frías,Agua mineral,1,35.96,35.96,en el lugar,True,11.0,Terraza,grupal,2026-03-26,cancelada,2026-03-28,12:45:00,entregado,efectivo,pagado,148.59,23.77,172.36,32.0,5.0,VIP,False
167,1066,183,Regina Cruz,regina.cruz183@correo.com,2025-02-22,Presencial (mostrador),Repostería,Muffin de arándano,3,28.58,85.74,para llevar,False,,,,,,2025-07-29,18:30:00,entregado,tarjeta,pagado,307.39,49.18,356.57,32.0,3.0,Frecuente,False
168,1066,183,Regina Cruz,regina.cruz183@correo.com,2025-02-22,Presencial (mostrador),Café caliente,Americano,1,39.64,39.64,para llevar,False,,,,,,2025-07-29,18:30:00,entregado,tarjeta,pagado,307.39,49.18,356.57,32.0,3.0,Frecuente,False
169,1066,183,Regina Cruz,regina.cruz183@correo.com,2025-02-22,Presencial (mostrador),Bebidas frías,Jugo de naranja,3,30.25,90.75,para llevar,False,,,,,,2025-07-29,18:30:00,entregado,tarjeta,pagado,307.39,49.18,356.57,32.0,3.0,Frecuente,False
170,1066,183,Regina Cruz,regina.cruz183@correo.com,2025-02-22,Presencial (mostrador),Café caliente,Espresso,3,30.42,91.26,para llevar,False,,,,,,2025-07-29,18:30:00,entregado,tarjeta,pagado,307.39,49.18,356.57,32.0,3.0,Frecuente,False
171,1067,74,Paola Castillo,paola.castillo74@correo.com,2025-02-06,Presencial (mostrador),Bebidas calientes,Infusión de manzanilla,1,28.39,28.39,para llevar,False,,,,,,2025-02-18,11:30:00,en preparación,efectivo,pagado,62.78,10.04,72.82,,,Frecuente,False
172,1067,74,Paola Castillo,paola.castillo74@correo.com,2025-02-06,Presencial (mostrador),Repostería,Muffin de arándano,1,34.39,34.39,para llevar,False,,,,,,2025-02-18,11:30:00,en preparación,efectivo,pagado,62.78,10.04,72.82,,,Frecuente,False
173,1068,140,Óscar Ramírez,óscar.ramírez140@correo.com,2026-04-21,Página web,Bebidas calientes,Infusión de manzanilla,2,36.88,73.76,para llevar,False,,,,,,2026-05-12,13:20:00,entregado,pago en línea,pagado,111.97,17.92,129.89,29.0,2.0,Frecuente,True
174,1068,140,Óscar Ramírez,óscar.ramírez140@correo.com,2026-04-21,Página web,Café frío,Frappuccino de caramelo,1,38.21,38.21,para llevar,False,,,,,,2026-05-12,13:20:00,entregado,pago en línea,pagado,111.97,17.92,129.89,29.0,2.0,Frecuente,True
175,1069,165,Ximena Pérez,ximena.pérez165@correo.com,2026-07-20,Presencial (mostrador),Repostería,Muffin de arándano,1,46.11,46.11,para llevar,False,,,,,,2026-08-15,16:30:00,entregado,transferencia,pagado,115.27,18.44,133.71,26.0,2.0,Recurrente,False
176,1069,165,Ximena Pérez,ximena.pérez165@correo.com,2026-07-20,Presencial (mostrador),Bebidas calientes,Chocolate caliente,2,34.58,69.16,para llevar,False,,,,,,2026-08-15,16:30:00,entregado,transferencia,pagado,115.27,18.44,133.71,26.0,2.0,Recurrente,False
177,1070,139,Renata Gómez,renata.gómez139@correo.com,2025-09-09,Presencial (mostrador),Café caliente,Café de olla,2,33.39,66.78,para llevar,False,,,,,,2026-07-30,14:45:00,entregado,tarjeta,pagado,206.73,33.08,239.81,26.0,5.0,Frecuente,False
178,1070,139,Renata Gómez,renata.gómez139@correo.com,2025-09-09,Presencial (mostrador),Bebidas frías,Limonada,3,33.63,100.89,para llevar,False,,,,,,2026-07-30,14:45:00,entregado,tarjeta,pagado,206.73,33.08,239.81,26.0,5.0,Frecuente,False
179,1070,139,Renata Gómez,renata.gómez139@correo.com,2025-09-09,Presencial (mostrador),Bebidas frías,Té helado,1,39.06,39.06,para llevar,False,,,,,,2026-07-30,14:45:00,entregado,tarjeta,pagado,206.73,33.08,239.81,26.0,5.0,Frecuente,False
180,1071,199,Yuleni López,yuleni.lópez199@correo.com,2026-05-30,Presencial (mostrador),Bebidas calientes,Infusión de manzanilla,2,40.78,81.56,para llevar,False,,,,,,2026-06-07,20:30:00,entregado,tarjeta,pagado,245.81,39.33,285.14,40.0,5.0,VIP,False
181,1071,199,Yuleni López,yuleni.lópez199@correo.com,2026-05-30,Presencial (mostrador),Café caliente,Latte,3,54.75,164.25,para llevar,False,,,,,,2026-06-07,20:30:00,entregado,tarjeta,pagado,245.81,39.33,285.14,40.0,5.0,VIP,False
182,1072,204,Regina Castillo,regina.castillo204@correo.com,2025-02-06,Presencial (mostrador),Café caliente,Americano,2,45.76,91.52,para llevar,False,,,,,,2026-04-10,15:00:00,en preparación,transferencia,pagado,91.52,14.64,106.16,,,Frecuente,False
183,1073,45,Carlos García,carlos.garcía45@correo.com,2025-03-04,Página web,Bebidas frías,Jugo de naranja,2,31.16,62.32,en el lugar,False,13.0,Zona de estudio,pareja,,,2025-08-21,17:45:00,entregado,pago en línea,pagado,130.16,20.83,150.99,45.0,3.0,VIP,True
184,1073,45,Carlos García,carlos.garcía45@correo.com,2025-03-04,Página web,Bebidas calientes,Chocolate caliente,2,33.92,67.84,en el lugar,False,13.0,Zona de estudio,pareja,,,2025-08-21,17:45:00,entregado,pago en línea,pagado,130.16,20.83,150.99,45.0,3.0,VIP,True
185,1074,109,Marco Cruz,marco.cruz109@correo.com,2025-09-23,Presencial (mesero),Bebidas calientes,Chocolate caliente,2,31.97,63.94,para llevar,False,,,,,,2026-06-06,09:25:00,entregado,efectivo,pagado,63.94,10.23,74.17,21.0,4.0,Frecuente,False
186,1075,145,Regina Cruz,regina.cruz145@correo.com,2025-01-18,Página web,Café caliente,Mocaccino,3,31.11,93.33,para llevar,False,,,,,,2026-07-05,14:25:00,entregado,pago en línea,pagado,223.12,35.7,258.82,37.0,4.0,Frecuente,True
187,1075,145,Regina Cruz,regina.cruz145@correo.com,2025-01-18,Página web,Repostería,Dona glaseada,1,28.83,28.83,para llevar,False,,,,,,2026-07-05,14:25:00,entregado,pago en línea,pagado,223.12,35.7,258.82,37.0,4.0,Frecuente,True
188,1075,145,Regina Cruz,regina.cruz145@correo.com,2025-01-18,Página web,Café frío,Cold brew,2,50.48,100.96,para llevar,False,,,,,,2026-07-05,14:25:00,entregado,pago en línea,pagado,223.12,35.7,258.82,37.0,4.0,Frecuente,True
189,1076,93,Iván Castillo,iván.castillo93@correo.com,2025-05-11,Presencial (mostrador),Bebidas calientes,Chocolate caliente,2,33.99,67.98,para llevar,False,,,,,,2025-09-06,19:30:00,entregado,tarjeta,pagado,67.98,10.88,78.86,21.0,5.0,Frecuente,False
190,1077,16,Ximena Pérez,ximena.pérez16@correo.com,2026-04-19,Presencial (mostrador),Repostería,Muffin de arándano,2,31.9,63.8,para llevar,False,,,,,,2026-05-15,11:55:00,entregado,transferencia,pagado,202.13,32.34,234.47,28.0,2.0,Frecuente,False
191,1077,16,Ximena Pérez,ximena.pérez16@correo.com,2026-04-19,Presencial (mostrador),Café caliente,Capuchino,3,46.11,138.33,para llevar,False,,,,,,2026-05-15,11:55:00,entregado,transferencia,pagado,202.13,32.34,234.47,28.0,2.0,Frecuente,False
192,1078,94,Raúl Reyes,raúl.reyes94@correo.com,2025-06-28,Página web,Bebidas calientes,Té verde,2,43.37,86.74,para llevar,False,,,,,,2026-04-29,13:45:00,entregado,pago en línea,pagado,120.18,19.23,139.41,15.0,5.0,Frecuente,True
193,1078,94,Raúl Reyes,raúl.reyes94@correo.com,2025-06-28,Página web,Bebidas frías,Té helado,1,33.44,33.44,para llevar,False,,,,,,2026-04-29,13:45:00,entregado,pago en línea,pagado,120.18,19.23,139.41,15.0,5.0,Frecuente,True
194,1079,71,Carlos Martínez,carlos.martínez71@correo.com,2026-03-10,Página web,Café frío,Frappuccino de caramelo,2,54.07,108.14,para llevar,False,,,,,,2026-04-25,12:55:00,entregado,pago en línea,pagado,294.94,47.19,342.13,32.0,5.0,Frecuente,True
195,1079,71,Carlos Martínez,carlos.martínez71@correo.com,2026-03-10,Página web,Bebidas calientes,Chocolate caliente,1,36.1,36.1,para llevar,False,,,,,,2026-04-25,12:55:00,entregado,pago en línea,pagado,294.94,47.19,342.13,32.0,5.0,Frecuente,True
196,1079,71,Carlos Martínez,carlos.martínez71@correo.com,2026-03-10,Página web,Alimentos,Ensalada César,2,52.01,104.02,para llevar,False,,,,,,2026-04-25,12:55:00,entregado,pago en línea,pagado,294.94,47.19,342.13,32.0,5.0,Frecuente,True
197,1079,71,Carlos Martínez,carlos.martínez71@correo.com,2026-03-10,Página web,Repostería,Pay de queso,1,46.68,46.68,para llevar,False,,,,,,2026-04-25,12:55:00,entregado,pago en línea,pagado,294.94,47.19,342.13,32.0,5.0,Frecuente,True
198,1080,29,María Flores,maría.flores29@correo.com,2026-06-04,Página web,Repostería,Croissant,1,43.82,43.82,en el lugar,True,15.0,Barra,individual,2026-08-14,completada,2026-08-14,15:50:00,listo,pago en línea,pagado,43.82,7.01,50.83,37.0,,Frecuente,True
199,1081,169,Diego López,diego.lópez169@correo.com,2025-09-30,Página web,Bebidas frías,Té helado,1,35.2,35.2,para llevar,False,,,,,,2026-07-16,18:35:00,entregado,pago en línea,pagado,274.59,43.93,318.52,30.0,5.0,VIP,True
200,1081,169,Diego López,diego.lópez169@correo.com,2025-09-30,Página web,Alimentos,Bagel con queso crema,2,94.49,188.98,para llevar,False,,,,,,2026-07-16,18:35:00,entregado,pago en línea,pagado,274.59,43.93,318.52,30.0,5.0,VIP,True
201,1081,169,Diego López,diego.lópez169@correo.com,2025-09-30,Página web,Café caliente,Mocaccino,1,50.41,50.41,para llevar,False,,,,,,2026-07-16,18:35:00,entregado,pago en línea,pagado,274.59,43.93,318.52,30.0,5.0,VIP,True
202,1082,166,Raúl Cruz,raúl.cruz166@correo.com,2026-04-27,Página web,Café frío,Cold brew,2,58.55,117.1,en el lugar,False,8.0,Salón principal,grupal,,,2026-08-15,20:05:00,entregado,pago en línea,pagado,445.86,71.34,517.2,40.0,2.0,VIP,True
203,1082,166,Raúl Cruz,raúl.cruz166@correo.com,2026-04-27,Página web,Café frío,Frappé de café,2,52.1,104.2,en el lugar,False,8.0,Salón principal,grupal,,,2026-08-15,20:05:00,entregado,pago en línea,pagado,445.86,71.34,517.2,40.0,2.0,VIP,True
204,1082,166,Raúl Cruz,raúl.cruz166@correo.com,2026-04-27,Página web,Bebidas frías,Agua mineral,3,31.94,95.82,en el lugar,False,8.0,Salón principal,grupal,,,2026-08-15,20:05:00,entregado,pago en línea,pagado,445.86,71.34,517.2,40.0,2.0,VIP,True
205,1082,166,Raúl Cruz,raúl.cruz166@correo.com,2026-04-27,Página web,Café frío,Café helado,2,64.37,128.74,en el lugar,False,8.0,Salón principal,grupal,,,2026-08-15,20:05:00,entregado,pago en línea,pagado,445.86,71.34,517.2,40.0,2.0,VIP,True
206,1083,192,Raúl Gómez,raúl.gómez192@correo.com,2026-06-04,Presencial (mesero),Bebidas calientes,Infusión de manzanilla,2,34.79,69.58,en el lugar,False,5.0,Salón principal,individual,,,2026-06-16,09:30:00,entregado,tarjeta,pagado,134.7,21.55,156.25,13.0,5.0,Frecuente,False
207,1083,192,Raúl Gómez,raúl.gómez192@correo.com,2026-06-04,Presencial (mesero),Bebidas frías,Agua mineral,2,32.56,65.12,en el lugar,False,5.0,Salón principal,individual,,,2026-06-16,09:30:00,entregado,tarjeta,pagado,134.7,21.55,156.25,13.0,5.0,Frecuente,False
208,1084,153,José Castillo,josé.castillo153@correo.com,2025-05-10,Página web,Bebidas calientes,Té verde,3,42.0,126.0,en el lugar,True,16.0,Zona de estudio,grupal,2025-12-02,no_show,2025-12-02,15:55:00,listo,pago en línea,pagado,433.22,69.32,502.54,29.0,,Frecuente,True
209,1084,153,José Castillo,josé.castillo153@correo.com,2025-05-10,Página web,Bebidas frías,Refresco de cola,1,24.36,24.36,en el lugar,True,16.0,Zona de estudio,grupal,2025-12-02,no_show,2025-12-02,15:55:00,listo,pago en línea,pagado,433.22,69.32,502.54,29.0,,Frecuente,True
210,1084,153,José Castillo,josé.castillo153@correo.com,2025-05-10,Página web,Alimentos,Bagel con queso crema,3,69.74,209.22,en el lugar,True,16.0,Zona de estudio,grupal,2025-12-02,no_show,2025-12-02,15:55:00,listo,pago en línea,pagado,433.22,69.32,502.54,29.0,,Frecuente,True
211,1084,153,José Castillo,josé.castillo153@correo.com,2025-05-10,Página web,Repostería,Muffin de arándano,2,36.82,73.64,en el lugar,True,16.0,Zona de estudio,grupal,2025-12-02,no_show,2025-12-02,15:55:00,listo,pago en línea,pagado,433.22,69.32,502.54,29.0,,Frecuente,True
212,1085,98,Ricardo Martínez,ricardo.martínez98@correo.com,2025-10-18,Presencial (mostrador),Bebidas calientes,Té verde,2,28.18,56.36,en el lugar,True,6.0,Barra,pareja,2025-11-11,pendiente,2025-11-11,07:05:00,entregado,transferencia,pagado,104.27,16.68,120.95,18.0,5.0,VIP,False
213,1085,98,Ricardo Martínez,ricardo.martínez98@correo.com,2025-10-18,Presencial (mostrador),Repostería,Concha,1,47.91,47.91,en el lugar,True,6.0,Barra,pareja,2025-11-11,pendiente,2025-11-11,07:05:00,entregado,transferencia,pagado,104.27,16.68,120.95,18.0,5.0,VIP,False
214,1086,133,Emilio Martínez,emilio.martínez133@correo.com,2025-09-06,Página web,Café caliente,Espresso,1,46.78,46.78,en el lugar,True,3.0,Terraza,individual,2025-10-01,completada,2025-10-02,13:50:00,entregado,pago en línea,pagado,352.68,56.43,409.11,16.0,5.0,Frecuente,True
215,1086,133,Emilio Martínez,emilio.martínez133@correo.com,2025-09-06,Página web,Café caliente,Latte,2,46.74,93.48,en el lugar,True,3.0,Terraza,individual,2025-10-01,completada,2025-10-02,13:50:00,entregado,pago en línea,pagado,352.68,56.43,409.11,16.0,5.0,Frecuente,True
216,1086,133,Emilio Martínez,emilio.martínez133@correo.com,2025-09-06,Página web,Alimentos,Sandwich club,2,56.45,112.9,en el lugar,True,3.0,Terraza,individual,2025-10-01,completada,2025-10-02,13:50:00,entregado,pago en línea,pagado,352.68,56.43,409.11,16.0,5.0,Frecuente,True
217,1086,133,Emilio Martínez,emilio.martínez133@correo.com,2025-09-06,Página web,Café caliente,Mocaccino,2,49.76,99.52,en el lugar,True,3.0,Terraza,individual,2025-10-01,completada,2025-10-02,13:50:00,entregado,pago en línea,pagado,352.68,56.43,409.11,16.0,5.0,Frecuente,True
218,1087,75,Gabriela López,gabriela.lópez75@correo.com,2026-03-17,Página web,Café caliente,Espresso,2,31.78,63.56,en el lugar,True,12.0,Salón principal,grupal,2026-04-21,no_show,2026-04-22,08:40:00,entregado,pago en línea,pagado,158.98,25.44,184.42,16.0,5.0,VIP,True
219,1087,75,Gabriela López,gabriela.lópez75@correo.com,2026-03-17,Página web,Café caliente,Café de olla,2,47.71,95.42,en el lugar,True,12.0,Salón principal,grupal,2026-04-21,no_show,2026-04-22,08:40:00,entregado,pago en línea,pagado,158.98,25.44,184.42,16.0,5.0,VIP,True
220,1088,155,Jorge Ortiz,jorge.ortiz155@correo.com,2025-04-16,Página web,Café frío,Cold brew,1,57.44,57.44,en el lugar,False,20.0,Zona de estudio,grupal,,,2025-08-20,11:50:00,entregado,pago en línea,pagado,251.0,40.16,291.16,41.0,4.0,Frecuente,True
221,1088,155,Jorge Ortiz,jorge.ortiz155@correo.com,2025-04-16,Página web,Repostería,Dona glaseada,2,26.91,53.82,en el lugar,False,20.0,Zona de estudio,grupal,,,2025-08-20,11:50:00,entregado,pago en línea,pagado,251.0,40.16,291.16,41.0,4.0,Frecuente,True
222,1088,155,Jorge Ortiz,jorge.ortiz155@correo.com,2025-04-16,Página web,Café frío,Frappuccino de caramelo,3,46.58,139.74,en el lugar,False,20.0,Zona de estudio,grupal,,,2025-08-20,11:50:00,entregado,pago en línea,pagado,251.0,40.16,291.16,41.0,4.0,Frecuente,True
223,1089,20,Lucía López,lucía.lópez20@correo.com,2025-09-29,Página web,Café caliente,Capuchino,1,33.83,33.83,en el lugar,False,12.0,Salón principal,pareja,,,2025-10-05,12:25:00,cancelado,pago en línea,pendiente,33.83,5.41,39.24,,,Frecuente,True
224,1090,11,Mariana Vázquez,mariana.vázquez11@correo.com,2025-07-16,Presencial (mostrador),Café frío,Café helado,2,46.72,93.44,en el lugar,True,13.0,Terraza,grupal,2026-02-03,completada,2026-02-04,15:20:00,entregado,transferencia,pagado,187.04,29.93,216.97,23.0,2.0,Frecuente,False
225,1090,11,Mariana Vázquez,mariana.vázquez11@correo.com,2025-07-16,Presencial (mostrador),Bebidas calientes,Té chai,3,31.2,93.6,en el lugar,True,13.0,Terraza,grupal,2026-02-03,completada,2026-02-04,15:20:00,entregado,transferencia,pagado,187.04,29.93,216.97,23.0,2.0,Frecuente,False
226,1091,56,Hugo Jiménez,hugo.jiménez56@correo.com,2025-06-11,Presencial (mesero),Bebidas calientes,Chocolate caliente,3,27.39,82.17,para llevar,False,,,,,,2025-07-10,10:05:00,entregado,efectivo,pagado,390.03,62.4,452.43,31.0,5.0,Frecuente,False
227,1091,56,Hugo Jiménez,hugo.jiménez56@correo.com,2025-06-11,Presencial (mesero),Bebidas calientes,Chocolate caliente,3,39.03,117.09,para llevar,False,,,,,,2025-07-10,10:05:00,entregado,efectivo,pagado,390.03,62.4,452.43,31.0,5.0,Frecuente,False
228,1091,56,Hugo Jiménez,hugo.jiménez56@correo.com,2025-06-11,Presencial (mesero),Café frío,Frappuccino de caramelo,3,63.59,190.77,para llevar,False,,,,,,2025-07-10,10:05:00,entregado,efectivo,pagado,390.03,62.4,452.43,31.0,5.0,Frecuente,False
229,1092,217,Carlos Romero,carlos.romero217@correo.com,2026-05-24,Presencial (mostrador),Repostería,Brownie,2,27.24,54.48,para llevar,False,,,,,,2026-06-09,18:20:00,en preparación,tarjeta,pagado,234.78,37.56,272.34,,,Frecuente,False
230,1092,217,Carlos Romero,carlos.romero217@correo.com,2026-05-24,Presencial (mostrador),Bebidas calientes,Té chai,1,34.92,34.92,para llevar,False,,,,,,2026-06-09,18:20:00,en preparación,tarjeta,pagado,234.78,37.56,272.34,,,Frecuente,False
231,1092,217,Carlos Romero,carlos.romero217@correo.com,2026-05-24,Presencial (mostrador),Bebidas frías,Agua mineral,3,21.11,63.33,para llevar,False,,,,,,2026-06-09,18:20:00,en preparación,tarjeta,pagado,234.78,37.56,272.34,,,Frecuente,False
232,1092,217,Carlos Romero,carlos.romero217@correo.com,2026-05-24,Presencial (mostrador),Bebidas frías,Limonada,3,27.35,82.05,para llevar,False,,,,,,2026-06-09,18:20:00,en preparación,tarjeta,pagado,234.78,37.56,272.34,,,Frecuente,False
233,1093,23,Luis De la Cruz,luis.delacruz23@correo.com,2025-04-23,Presencial (mostrador),Café caliente,Latte,1,37.83,37.83,para llevar,False,,,,,,2026-04-28,08:15:00,en preparación,efectivo,pagado,226.62,36.26,262.88,,,VIP,False
234,1093,23,Luis De la Cruz,luis.delacruz23@correo.com,2025-04-23,Presencial (mostrador),Café frío,Cold brew,3,62.93,188.79,para llevar,False,,,,,,2026-04-28,08:15:00,en preparación,efectivo,pagado,226.62,36.26,262.88,,,VIP,False
235,1094,126,Michelle Castillo,michelle.castillo126@correo.com,2025-02-23,Página web,Alimentos,Ensalada César,2,83.68,167.36,en el lugar,True,3.0,Zona de estudio,individual,2026-04-28,completada,2026-04-28,10:25:00,listo,tarjeta,pagado,167.36,26.78,194.14,28.0,,Frecuente,True
236,1095,171,Lucía Flores,lucía.flores171@correo.com,2026-02-17,Página web,Alimentos,Ensalada César,3,74.58,223.74,para llevar,False,,,,,,2026-03-11,15:35:00,entregado,pago en línea,pagado,305.36,48.86,354.22,34.0,5.0,VIP,True
237,1095,171,Lucía Flores,lucía.flores171@correo.com,2026-02-17,Página web,Alimentos,Bagel con queso crema,1,81.62,81.62,para llevar,False,,,,,,2026-03-11,15:35:00,entregado,pago en línea,pagado,305.36,48.86,354.22,34.0,5.0,VIP,True
238,1096,224,Marco Flores,marco.flores224@correo.com,2025-12-13,Página web,Café caliente,Americano,1,42.3,42.3,en el lugar,False,11.0,Terraza,grupal,,,2025-12-19,10:40:00,entregado,pago en línea,pagado,139.27,22.28,161.55,41.0,3.0,VIP,True
239,1096,224,Marco Flores,marco.flores224@correo.com,2025-12-13,Página web,Café frío,Frappuccino de caramelo,1,49.76,49.76,en el lugar,False,11.0,Terraza,grupal,,,2025-12-19,10:40:00,entregado,pago en línea,pagado,139.27,22.28,161.55,41.0,3.0,VIP,True
240,1096,224,Marco Flores,marco.flores224@correo.com,2025-12-13,Página web,Café caliente,Americano,1,47.21,47.21,en el lugar,False,11.0,Terraza,grupal,,,2025-12-19,10:40:00,entregado,pago en línea,pagado,139.27,22.28,161.55,41.0,3.0,VIP,True
241,1097,175,Daniela Ortiz,daniela.ortiz175@correo.com,2026-06-16,Página web,Alimentos,Bagel con queso crema,2,56.84,113.68,en el lugar,False,17.0,Salón principal,grupal,,,2026-08-07,18:25:00,listo,pago en línea,pagado,113.68,18.19,131.87,28.0,,VIP,True
242,1098,1,Fernanda Hernández,fernanda.hernández1@correo.com,2025-10-09,Página web,Café frío,Frappé de café,2,39.93,79.86,para llevar,False,,,,,,2026-04-28,18:55:00,entregado,efectivo,pagado,79.86,12.78,92.64,15.0,5.0,Recurrente,True
243,1099,88,Karla Díaz,karla.díaz88@correo.com,2025-11-18,Página web,Bebidas calientes,Té chai,1,29.3,29.3,para llevar,False,,,,,,2026-08-19,12:15:00,en preparación,pago en línea,pagado,207.65,33.22,240.87,,,Frecuente,True
244,1099,88,Karla Díaz,karla.díaz88@correo.com,2025-11-18,Página web,Repostería,Croissant,3,28.19,84.57,para llevar,False,,,,,,2026-08-19,12:15:00,en preparación,pago en línea,pagado,207.65,33.22,240.87,,,Frecuente,True
245,1099,88,Karla Díaz,karla.díaz88@correo.com,2025-11-18,Página web,Café frío,Café helado,2,46.89,93.78,para llevar,False,,,,,,2026-08-19,12:15:00,en preparación,pago en línea,pagado,207.65,33.22,240.87,,,Frecuente,True
246,1100,19,Sergio Sánchez,sergio.sánchez19@correo.com,2026-05-27,Página web,Café caliente,Latte,1,30.75,30.75,para llevar,False,,,,,,2026-06-29,20:10:00,entregado,pago en línea,pagado,66.11,10.58,76.69,33.0,5.0,Frecuente,True
247,1100,19,Sergio Sánchez,sergio.sánchez19@correo.com,2026-05-27,Página web,Café frío,Frappé de café,1,35.36,35.36,para llevar,False,,,,,,2026-06-29,20:10:00,entregado,pago en línea,pagado,66.11,10.58,76.69,33.0,5.0,Frecuente,True
248,1101,82,Diego Sánchez,diego.sánchez82@correo.com,2026-04-17,Presencial (mesero),Café caliente,Americano,2,52.37,104.74,para llevar,False,,,,,,2026-06-03,17:50:00,entregado,efectivo,pagado,104.74,16.76,121.5,13.0,3.0,VIP,False
249,1102,31,Regina Hernández,regina.hernández31@correo.com,2025-04-25,Página web,Café frío,Cold brew,2,43.25,86.5,en el lugar,True,19.0,Barra,grupal,2026-07-29,completada,2026-08-01,20:25:00,entregado,pago en línea,pagado,229.8,36.77,266.57,38.0,3.0,Frecuente,True
250,1102,31,Regina Hernández,regina.hernández31@correo.com,2025-04-25,Página web,Alimentos,Bagel con queso crema,2,46.73,93.46,en el lugar,True,19.0,Barra,grupal,2026-07-29,completada,2026-08-01,20:25:00,entregado,pago en línea,pagado,229.8,36.77,266.57,38.0,3.0,Frecuente,True
251,1102,31,Regina Hernández,regina.hernández31@correo.com,2025-04-25,Página web,Bebidas frías,Jugo de naranja,2,24.92,49.84,en el lugar,True,19.0,Barra,grupal,2026-07-29,completada,2026-08-01,20:25:00,entregado,pago en línea,pagado,229.8,36.77,266.57,38.0,3.0,Frecuente,True
252,1103,160,Ximena García,ximena.garcía160@correo.com,2026-07-26,Página web,Bebidas calientes,Té chai,2,44.79,89.58,para llevar,False,,,,,,2026-07-27,08:20:00,entregado,pago en línea,pagado,158.76,25.4,184.16,40.0,2.0,VIP,True
253,1103,160,Ximena García,ximena.garcía160@correo.com,2026-07-26,Página web,Bebidas calientes,Té verde,2,34.59,69.18,para llevar,False,,,,,,2026-07-27,08:20:00,entregado,pago en línea,pagado,158.76,25.4,184.16,40.0,2.0,VIP,True
254,1104,51,Sofía De la Cruz,sofía.delacruz51@correo.com,2025-06-18,Página web,Alimentos,Ensalada César,1,83.34,83.34,para llevar,False,,,,,,2025-11-29,13:20:00,entregado,tarjeta,pagado,83.34,13.33,96.67,14.0,1.0,Frecuente,True
255,1105,203,Andrea Castillo,andrea.castillo203@correo.com,2026-01-25,Página web,Café frío,Cold brew,2,42.1,84.2,en el lugar,False,2.0,Salón principal,grupal,,,2026-03-29,17:15:00,listo,pago en línea,pagado,334.67,53.55,388.22,17.0,,Frecuente,True
256,1105,203,Andrea Castillo,andrea.castillo203@correo.com,2026-01-25,Página web,Repostería,Dona glaseada,3,49.42,148.26,en el lugar,False,2.0,Salón principal,grupal,,,2026-03-29,17:15:00,listo,pago en línea,pagado,334.67,53.55,388.22,17.0,,Frecuente,True
257,1105,203,Andrea Castillo,andrea.castillo203@correo.com,2026-01-25,Página web,Bebidas frías,Té helado,3,34.07,102.21,en el lugar,False,2.0,Salón principal,grupal,,,2026-03-29,17:15:00,listo,pago en línea,pagado,334.67,53.55,388.22,17.0,,Frecuente,True
258,1106,227,José Torres,josé.torres227@correo.com,2026-07-04,Página web,Café caliente,Café de olla,1,40.91,40.91,para llevar,False,,,,,,2026-08-09,10:35:00,entregado,pago en línea,pagado,105.01,16.8,121.81,28.0,4.0,VIP,True
259,1106,227,José Torres,josé.torres227@correo.com,2026-07-04,Página web,Repostería,Brownie,2,32.05,64.1,para llevar,False,,,,,,2026-08-09,10:35:00,entregado,pago en línea,pagado,105.01,16.8,121.81,28.0,4.0,VIP,True
260,1107,200,Óscar García,óscar.garcía200@correo.com,2026-06-23,Página web,Repostería,Muffin de arándano,1,36.29,36.29,en el lugar,False,17.0,Zona de estudio,individual,,,2026-06-26,07:10:00,entregado,tarjeta,pagado,36.29,5.81,42.1,35.0,4.0,Frecuente,True
261,1108,104,Karla Ramírez,karla.ramírez104@correo.com,2025-06-30,Página web,Bebidas calientes,Chocolate caliente,3,32.57,97.71,para llevar,False,,,,,,2026-08-09,17:35:00,cancelado,pago en línea,reembolsado,125.26,20.04,145.3,,,Recurrente,True
262,1108,104,Karla Ramírez,karla.ramírez104@correo.com,2025-06-30,Página web,Bebidas calientes,Té verde,1,27.55,27.55,para llevar,False,,,,,,2026-08-09,17:35:00,cancelado,pago en línea,reembolsado,125.26,20.04,145.3,,,Recurrente,True
263,1109,74,Paola Castillo,paola.castillo74@correo.com,2025-02-06,Página web,Bebidas calientes,Té chai,3,29.76,89.28,en el lugar,False,20.0,Salón principal,grupal,,,2026-03-13,20:45:00,entregado,efectivo,pagado,276.0,44.16,320.16,21.0,5.0,Frecuente,True
264,1109,74,Paola Castillo,paola.castillo74@correo.com,2025-02-06,Página web,Repostería,Croissant,2,47.27,94.54,en el lugar,False,20.0,Salón principal,grupal,,,2026-03-13,20:45:00,entregado,efectivo,pagado,276.0,44.16,320.16,21.0,5.0,Frecuente,True
265,1109,74,Paola Castillo,paola.castillo74@correo.com,2025-02-06,Página web,Café caliente,Mocaccino,2,46.09,92.18,en el lugar,False,20.0,Salón principal,grupal,,,2026-03-13,20:45:00,entregado,efectivo,pagado,276.0,44.16,320.16,21.0,5.0,Frecuente,True
266,1110,152,Emilio Flores,emilio.flores152@correo.com,2025-08-21,Página web,Alimentos,Ensalada César,2,72.3,144.6,en el lugar,False,2.0,Barra,pareja,,,2025-12-26,18:05:00,listo,tarjeta,pagado,302.41,48.39,350.8,29.0,,Frecuente,True
267,1110,152,Emilio Flores,emilio.flores152@correo.com,2025-08-21,Página web,Café caliente,Latte,2,49.3,98.6,en el lugar,False,2.0,Barra,pareja,,,2025-12-26,18:05:00,listo,tarjeta,pagado,302.41,48.39,350.8,29.0,,Frecuente,True
268,1110,152,Emilio Flores,emilio.flores152@correo.com,2025-08-21,Página web,Bebidas frías,Limonada,1,23.25,23.25,en el lugar,False,2.0,Barra,pareja,,,2025-12-26,18:05:00,listo,tarjeta,pagado,302.41,48.39,350.8,29.0,,Frecuente,True
269,1110,152,Emilio Flores,emilio.flores152@correo.com,2025-08-21,Página web,Café caliente,Espresso,1,35.96,35.96,en el lugar,False,2.0,Barra,pareja,,,2025-12-26,18:05:00,listo,tarjeta,pagado,302.41,48.39,350.8,29.0,,Frecuente,True
270,1111,55,Sergio De la Cruz,sergio.delacruz55@correo.com,2025-02-21,Presencial (mesero),Bebidas calientes,Chocolate caliente,2,37.15,74.3,en el lugar,False,3.0,Zona de estudio,grupal,,,2025-08-14,13:10:00,cancelado,tarjeta,pendiente,259.11,41.46,300.57,,,Frecuente,False
271,1111,55,Sergio De la Cruz,sergio.delacruz55@correo.com,2025-02-21,Presencial (mesero),Alimentos,Bagel con queso crema,1,47.68,47.68,en el lugar,False,3.0,Zona de estudio,grupal,,,2025-08-14,13:10:00,cancelado,tarjeta,pendiente,259.11,41.46,300.57,,,Frecuente,False
272,1111,55,Sergio De la Cruz,sergio.delacruz55@correo.com,2025-02-21,Presencial (mesero),Repostería,Croissant,1,59.1,59.1,en el lugar,False,3.0,Zona de estudio,grupal,,,2025-08-14,13:10:00,cancelado,tarjeta,pendiente,259.11,41.46,300.57,,,Frecuente,False
273,1111,55,Sergio De la Cruz,sergio.delacruz55@correo.com,2025-02-21,Presencial (mesero),Alimentos,Ensalada César,1,78.03,78.03,en el lugar,False,3.0,Zona de estudio,grupal,,,2025-08-14,13:10:00,cancelado,tarjeta,pendiente,259.11,41.46,300.57,,,Frecuente,False
274,1112,87,Alejandro Pérez,alejandro.pérez87@correo.com,2026-08-18,Presencial (mostrador),Repostería,Dona glaseada,2,46.88,93.76,para llevar,False,,,,,,2026-08-19,16:40:00,entregado,tarjeta,pagado,93.76,15.0,108.76,9.0,5.0,Frecuente,False
275,1113,45,Carlos García,carlos.garcía45@correo.com,2025-03-04,Página web,Alimentos,Panini de jamón y queso,1,89.74,89.74,para llevar,False,,,,,,2025-10-01,09:50:00,listo,pago en línea,pagado,420.44,67.27,487.71,24.0,,VIP,True
276,1113,45,Carlos García,carlos.garcía45@correo.com,2025-03-04,Página web,Repostería,Concha,2,47.47,94.94,para llevar,False,,,,,,2025-10-01,09:50:00,listo,pago en línea,pagado,420.44,67.27,487.71,24.0,,VIP,True
277,1113,45,Carlos García,carlos.garcía45@correo.com,2025-03-04,Página web,Alimentos,Bagel con queso crema,2,63.55,127.1,para llevar,False,,,,,,2025-10-01,09:50:00,listo,pago en línea,pagado,420.44,67.27,487.71,24.0,,VIP,True
278,1113,45,Carlos García,carlos.garcía45@correo.com,2025-03-04,Página web,Alimentos,Ensalada César,2,54.33,108.66,para llevar,False,,,,,,2025-10-01,09:50:00,listo,pago en línea,pagado,420.44,67.27,487.71,24.0,,VIP,True
279,1114,79,Raúl Hernández,raúl.hernández79@correo.com,2025-07-03,Presencial (mostrador),Bebidas calientes,Té verde,2,41.16,82.32,para llevar,False,,,,,,2025-10-26,20:20:00,entregado,efectivo,pagado,82.32,13.17,95.49,45.0,1.0,VIP,False
280,1115,166,Raúl Cruz,raúl.cruz166@correo.com,2026-04-27,Presencial (mostrador),Bebidas frías,Jugo de naranja,3,38.01,114.03,en el lugar,True,18.0,Barra,grupal,2026-05-25,completada,2026-05-26,15:00:00,entregado,transferencia,pagado,114.03,18.24,132.27,17.0,4.0,VIP,False
281,1116,11,Mariana Vázquez,mariana.vázquez11@correo.com,2025-07-16,Página web,Bebidas calientes,Chocolate caliente,1,41.68,41.68,en el lugar,False,7.0,Salón principal,individual,,,2025-09-15,19:35:00,entregado,tarjeta,pagado,98.56,15.77,114.33,33.0,5.0,Frecuente,True
282,1116,11,Mariana Vázquez,mariana.vázquez11@correo.com,2025-07-16,Página web,Repostería,Muffin de arándano,1,56.88,56.88,en el lugar,False,7.0,Salón principal,individual,,,2025-09-15,19:35:00,entregado,tarjeta,pagado,98.56,15.77,114.33,33.0,5.0,Frecuente,True
283,1117,224,Marco Flores,marco.flores224@correo.com,2025-12-13,Página web,Café caliente,Café de olla,2,49.05,98.1,en el lugar,True,20.0,Barra,individual,2026-04-30,completada,2026-05-03,12:20:00,entregado,pago en línea,pagado,98.1,15.7,113.8,30.0,3.0,VIP,True
284,1118,232,Camila Ortiz,camila.ortiz232@correo.com,2025-04-29,Página web,Alimentos,Bagel con queso crema,3,75.91,227.73,para llevar,False,,,,,,2026-07-22,13:20:00,entregado,pago en línea,pagado,345.93,55.35,401.28,9.0,3.0,Frecuente,True
285,1118,232,Camila Ortiz,camila.ortiz232@correo.com,2025-04-29,Página web,Bebidas calientes,Infusión de manzanilla,2,25.78,51.56,para llevar,False,,,,,,2026-07-22,13:20:00,entregado,pago en línea,pagado,345.93,55.35,401.28,9.0,3.0,Frecuente,True
286,1118,232,Camila Ortiz,camila.ortiz232@correo.com,2025-04-29,Página web,Repostería,Dona glaseada,2,33.32,66.64,para llevar,False,,,,,,2026-07-22,13:20:00,entregado,pago en línea,pagado,345.93,55.35,401.28,9.0,3.0,Frecuente,True
287,1119,210,Luis Romero,luis.romero210@correo.com,2026-01-27,Página web,Repostería,Dona glaseada,3,39.59,118.77,en el lugar,False,4.0,Salón principal,individual,,,2026-04-23,20:20:00,entregado,pago en línea,pagado,233.52,37.36,270.88,18.0,4.0,Frecuente,True
288,1119,210,Luis Romero,luis.romero210@correo.com,2026-01-27,Página web,Bebidas calientes,Té chai,2,28.76,57.52,en el lugar,False,4.0,Salón principal,individual,,,2026-04-23,20:20:00,entregado,pago en línea,pagado,233.52,37.36,270.88,18.0,4.0,Frecuente,True
289,1119,210,Luis Romero,luis.romero210@correo.com,2026-01-27,Página web,Café frío,Frappuccino de caramelo,1,57.23,57.23,en el lugar,False,4.0,Salón principal,individual,,,2026-04-23,20:20:00,entregado,pago en línea,pagado,233.52,37.36,270.88,18.0,4.0,Frecuente,True
290,1120,26,Gabriela Hernández,gabriela.hernández26@correo.com,2025-04-28,Presencial (mostrador),Café frío,Cold brew,1,61.26,61.26,para llevar,False,,,,,,2025-05-31,11:55:00,en preparación,transferencia,pagado,61.26,9.8,71.06,,,Frecuente,False
291,1121,98,Ricardo Martínez,ricardo.martínez98@correo.com,2025-10-18,Presencial (mostrador),Bebidas calientes,Té chai,2,29.84,59.68,en el lugar,False,9.0,Zona de estudio,pareja,,,2025-11-16,10:00:00,entregado,transferencia,pagado,59.68,9.55,69.23,19.0,4.0,VIP,False
292,1122,85,Renata Díaz,renata.díaz85@correo.com,2026-06-06,Página web,Repostería,Concha,1,38.53,38.53,para llevar,False,,,,,,2026-08-05,16:40:00,en preparación,pago en línea,pagado,38.53,6.16,44.69,,,VIP,True
293,1123,22,Sofía Díaz,sofía.díaz22@correo.com,2025-08-13,Presencial (mesero),Alimentos,Bagel con queso crema,3,77.37,232.11,en el lugar,False,9.0,Barra,grupal,,,2026-06-01,19:15:00,entregado,transferencia,pagado,232.11,37.14,269.25,22.0,3.0,VIP,False
294,1124,46,Andrea García,andrea.garcía46@correo.com,2025-09-12,Presencial (mostrador),Bebidas frías,Té helado,2,20.15,40.3,en el lugar,True,13.0,Zona de estudio,pareja,2026-01-17,completada,2026-01-19,16:20:00,entregado,transferencia,pagado,258.97,41.44,300.41,24.0,3.0,VIP,False
295,1124,46,Andrea García,andrea.garcía46@correo.com,2025-09-12,Presencial (mostrador),Bebidas calientes,Té verde,2,36.23,72.46,en el lugar,True,13.0,Zona de estudio,pareja,2026-01-17,completada,2026-01-19,16:20:00,entregado,transferencia,pagado,258.97,41.44,300.41,24.0,3.0,VIP,False
296,1124,46,Andrea García,andrea.garcía46@correo.com,2025-09-12,Presencial (mostrador),Bebidas frías,Jugo de naranja,3,25.65,76.95,en el lugar,True,13.0,Zona de estudio,pareja,2026-01-17,completada,2026-01-19,16:20:00,entregado,transferencia,pagado,258.97,41.44,300.41,24.0,3.0,VIP,False
297,1124,46,Andrea García,andrea.garcía46@correo.com,2025-09-12,Presencial (mostrador),Bebidas calientes,Té chai,2,34.63,69.26,en el lugar,True,13.0,Zona de estudio,pareja,2026-01-17,completada,2026-01-19,16:20:00,entregado,transferencia,pagado,258.97,41.44,300.41,24.0,3.0,VIP,False
298,1125,242,Ana Castillo,ana.castillo242@correo.com,2025-08-01,Página web,Bebidas calientes,Té verde,3,38.62,115.86,para llevar,False,,,,,,2026-07-02,18:50:00,listo,transferencia,pagado,482.25,77.16,559.41,29.0,,Frecuente,True
299,1125,242,Ana Castillo,ana.castillo242@correo.com,2025-08-01,Página web,Bebidas calientes,Té chai,3,38.11,114.33,para llevar,False,,,,,,2026-07-02,18:50:00,listo,transferencia,pagado,482.25,77.16,559.41,29.0,,Frecuente,True
300,1125,242,Ana Castillo,ana.castillo242@correo.com,2025-08-01,Página web,Repostería,Muffin de arándano,3,56.74,170.22,para llevar,False,,,,,,2026-07-02,18:50:00,listo,transferencia,pagado,482.25,77.16,559.41,29.0,,Frecuente,True
301,1125,242,Ana Castillo,ana.castillo242@correo.com,2025-08-01,Página web,Alimentos,Panini de jamón y queso,1,81.84,81.84,para llevar,False,,,,,,2026-07-02,18:50:00,listo,transferencia,pagado,482.25,77.16,559.41,29.0,,Frecuente,True
302,1126,152,Emilio Flores,emilio.flores152@correo.com,2025-08-21,Presencial (mostrador),Café frío,Cold brew,2,43.81,87.62,para llevar,False,,,,,,2025-12-12,17:40:00,en preparación,tarjeta,pagado,377.71,60.43,438.14,,,Frecuente,False
303,1126,152,Emilio Flores,emilio.flores152@correo.com,2025-08-21,Presencial (mostrador),Alimentos,Bagel con queso crema,3,82.05,246.15,para llevar,False,,,,,,2025-12-12,17:40:00,en preparación,tarjeta,pagado,377.71,60.43,438.14,,,Frecuente,False
304,1126,152,Emilio Flores,emilio.flores152@correo.com,2025-08-21,Presencial (mostrador),Bebidas calientes,Chocolate caliente,1,43.94,43.94,para llevar,False,,,,,,2025-12-12,17:40:00,en preparación,tarjeta,pagado,377.71,60.43,438.14,,,Frecuente,False
305,1127,196,Ximena Vázquez,ximena.vázquez196@correo.com,2026-01-28,Presencial (mostrador),Repostería,Brownie,1,35.29,35.29,para llevar,False,,,,,,2026-03-25,12:15:00,listo,tarjeta,pagado,158.08,25.29,183.37,32.0,,Recurrente,False
306,1127,196,Ximena Vázquez,ximena.vázquez196@correo.com,2026-01-28,Presencial (mostrador),Café caliente,Latte,3,29.45,88.35,para llevar,False,,,,,,2026-03-25,12:15:00,listo,tarjeta,pagado,158.08,25.29,183.37,32.0,,Recurrente,False
307,1127,196,Ximena Vázquez,ximena.vázquez196@correo.com,2026-01-28,Presencial (mostrador),Bebidas calientes,Té chai,1,34.44,34.44,para llevar,False,,,,,,2026-03-25,12:15:00,listo,tarjeta,pagado,158.08,25.29,183.37,32.0,,Recurrente,False
308,1128,22,Sofía Díaz,sofía.díaz22@correo.com,2025-08-13,Página web,Alimentos,Ensalada César,1,76.55,76.55,en el lugar,True,7.0,Zona de estudio,pareja,2026-05-08,completada,2026-05-11,11:30:00,en preparación,pago en línea,pagado,76.55,12.25,88.8,,,VIP,True
309,1129,206,María García,maría.garcía206@correo.com,2026-03-31,Página web,Alimentos,Sandwich club,2,51.47,102.94,para llevar,False,,,,,,2026-06-19,17:00:00,listo,pago en línea,pagado,233.28,37.32,270.6,8.0,,VIP,True
310,1129,206,María García,maría.garcía206@correo.com,2026-03-31,Página web,Alimentos,Panini de jamón y queso,2,65.17,130.34,para llevar,False,,,,,,2026-06-19,17:00:00,listo,pago en línea,pagado,233.28,37.32,270.6,8.0,,VIP,True
311,1130,207,Michelle De la Cruz,michelle.delacruz207@correo.com,2025-11-29,Presencial (mostrador),Café frío,Café helado,2,44.36,88.72,en el lugar,False,17.0,Salón principal,individual,,,2025-12-18,15:15:00,entregado,transferencia,pagado,130.31,20.85,151.16,10.0,5.0,Frecuente,False
312,1130,207,Michelle De la Cruz,michelle.delacruz207@correo.com,2025-11-29,Presencial (mostrador),Café caliente,Latte,1,41.59,41.59,en el lugar,False,17.0,Salón principal,individual,,,2025-12-18,15:15:00,entregado,transferencia,pagado,130.31,20.85,151.16,10.0,5.0,Frecuente,False
313,1131,29,María Flores,maría.flores29@correo.com,2026-06-04,Presencial (mostrador),Café frío,Cold brew,1,56.82,56.82,en el lugar,True,5.0,Zona de estudio,pareja,2026-07-10,cancelada,2026-07-12,11:35:00,entregado,tarjeta,pagado,56.82,9.09,65.91,9.0,5.0,Frecuente,False
314,1132,193,Iván Flores,iván.flores193@correo.com,2026-08-17,Página web,Bebidas calientes,Té chai,1,38.07,38.07,en el lugar,False,13.0,Zona de estudio,grupal,,,2026-08-19,15:10:00,entregado,pago en línea,pagado,38.07,6.09,44.16,15.0,5.0,Frecuente,True
315,1133,47,Óscar López,óscar.lópez47@correo.com,2026-03-09,Página web,Repostería,Pay de queso,3,48.16,144.48,para llevar,False,,,,,,2026-06-23,14:30:00,listo,pago en línea,pagado,144.48,23.12,167.6,41.0,,VIP,True
316,1134,57,Hugo Martínez,hugo.martínez57@correo.com,2025-07-10,Presencial (mostrador),Repostería,Concha,2,52.47,104.94,para llevar,False,,,,,,2025-11-25,16:45:00,en preparación,transferencia,pagado,104.94,16.79,121.73,,,VIP,False
317,1135,22,Sofía Díaz,sofía.díaz22@correo.com,2025-08-13,Presencial (mesero),Café frío,Frappuccino de caramelo,1,44.92,44.92,en el lugar,False,12.0,Barra,pareja,,,2025-11-22,16:15:00,entregado,transferencia,pagado,379.88,60.78,440.66,22.0,2.0,VIP,False
318,1135,22,Sofía Díaz,sofía.díaz22@correo.com,2025-08-13,Presencial (mesero),Café caliente,Espresso,3,46.13,138.39,en el lugar,False,12.0,Barra,pareja,,,2025-11-22,16:15:00,entregado,transferencia,pagado,379.88,60.78,440.66,22.0,2.0,VIP,False
319,1135,22,Sofía Díaz,sofía.díaz22@correo.com,2025-08-13,Presencial (mesero),Café caliente,Café de olla,3,46.06,138.18,en el lugar,False,12.0,Barra,pareja,,,2025-11-22,16:15:00,entregado,transferencia,pagado,379.88,60.78,440.66,22.0,2.0,VIP,False
320,1135,22,Sofía Díaz,sofía.díaz22@correo.com,2025-08-13,Presencial (mesero),Café frío,Frappé de café,1,58.39,58.39,en el lugar,False,12.0,Barra,pareja,,,2025-11-22,16:15:00,entregado,transferencia,pagado,379.88,60.78,440.66,22.0,2.0,VIP,False
321,1136,148,Gabriela Gómez,gabriela.gómez148@correo.com,2025-12-27,Página web,Repostería,Dona glaseada,3,35.94,107.82,para llevar,False,,,,,,2026-04-22,11:20:00,entregado,pago en línea,pagado,239.52,38.32,277.84,36.0,5.0,Frecuente,True
322,1136,148,Gabriela Gómez,gabriela.gómez148@correo.com,2025-12-27,Página web,Bebidas calientes,Té chai,3,26.9,80.7,para llevar,False,,,,,,2026-04-22,11:20:00,entregado,pago en línea,pagado,239.52,38.32,277.84,36.0,5.0,Frecuente,True
323,1136,148,Gabriela Gómez,gabriela.gómez148@correo.com,2025-12-27,Página web,Café caliente,Espresso,1,51.0,51.0,para llevar,False,,,,,,2026-04-22,11:20:00,entregado,pago en línea,pagado,239.52,38.32,277.84,36.0,5.0,Frecuente,True
324,1137,69,Renata Flores,renata.flores69@correo.com,2025-08-04,Página web,Bebidas calientes,Chocolate caliente,3,27.26,81.78,en el lugar,True,13.0,Barra,pareja,2026-06-16,cancelada,2026-06-18,11:55:00,entregado,pago en línea,pagado,326.67,52.27,378.94,30.0,5.0,Frecuente,True
325,1137,69,Renata Flores,renata.flores69@correo.com,2025-08-04,Página web,Bebidas calientes,Té chai,2,44.63,89.26,en el lugar,True,13.0,Barra,pareja,2026-06-16,cancelada,2026-06-18,11:55:00,entregado,pago en línea,pagado,326.67,52.27,378.94,30.0,5.0,Frecuente,True
326,1137,69,Renata Flores,renata.flores69@correo.com,2025-08-04,Página web,Café frío,Frappé de café,1,47.48,47.48,en el lugar,True,13.0,Barra,pareja,2026-06-16,cancelada,2026-06-18,11:55:00,entregado,pago en línea,pagado,326.67,52.27,378.94,30.0,5.0,Frecuente,True
327,1137,69,Renata Flores,renata.flores69@correo.com,2025-08-04,Página web,Bebidas frías,Refresco de cola,3,36.05,108.15,en el lugar,True,13.0,Barra,pareja,2026-06-16,cancelada,2026-06-18,11:55:00,entregado,pago en línea,pagado,326.67,52.27,378.94,30.0,5.0,Frecuente,True
328,1138,194,Óscar Castillo,óscar.castillo194@correo.com,2026-05-11,Presencial (mesero),Café caliente,Capuchino,1,45.68,45.68,en el lugar,False,16.0,Barra,individual,,,2026-07-28,07:50:00,en preparación,tarjeta,pagado,45.68,7.31,52.99,,,Frecuente,False
329,1139,192,Raúl Gómez,raúl.gómez192@correo.com,2026-06-04,Página web,Bebidas calientes,Infusión de manzanilla,2,27.97,55.94,en el lugar,False,11.0,Terraza,pareja,,,2026-08-10,19:55:00,entregado,pago en línea,pagado,133.23,21.32,154.55,39.0,5.0,Frecuente,True
330,1139,192,Raúl Gómez,raúl.gómez192@correo.com,2026-06-04,Página web,Bebidas frías,Jugo de naranja,2,21.09,42.18,en el lugar,False,11.0,Terraza,pareja,,,2026-08-10,19:55:00,entregado,pago en línea,pagado,133.23,21.32,154.55,39.0,5.0,Frecuente,True
331,1139,192,Raúl Gómez,raúl.gómez192@correo.com,2026-06-04,Página web,Bebidas calientes,Chocolate caliente,1,35.11,35.11,en el lugar,False,11.0,Terraza,pareja,,,2026-08-10,19:55:00,entregado,pago en línea,pagado,133.23,21.32,154.55,39.0,5.0,Frecuente,True
332,1140,207,Michelle De la Cruz,michelle.delacruz207@correo.com,2025-11-29,Presencial (mesero),Alimentos,Bagel con queso crema,2,48.94,97.88,para llevar,False,,,,,,2026-05-12,10:25:00,entregado,transferencia,pagado,480.07,76.81,556.88,13.0,5.0,Frecuente,False
333,1140,207,Michelle De la Cruz,michelle.delacruz207@correo.com,2025-11-29,Presencial (mesero),Alimentos,Panini de jamón y queso,1,49.4,49.4,para llevar,False,,,,,,2026-05-12,10:25:00,entregado,transferencia,pagado,480.07,76.81,556.88,13.0,5.0,Frecuente,False
334,1140,207,Michelle De la Cruz,michelle.delacruz207@correo.com,2025-11-29,Presencial (mesero),Alimentos,Panini de jamón y queso,3,60.8,182.4,para llevar,False,,,,,,2026-05-12,10:25:00,entregado,transferencia,pagado,480.07,76.81,556.88,13.0,5.0,Frecuente,False
335,1140,207,Michelle De la Cruz,michelle.delacruz207@correo.com,2025-11-29,Presencial (mesero),Alimentos,Sandwich club,3,50.13,150.39,para llevar,False,,,,,,2026-05-12,10:25:00,entregado,transferencia,pagado,480.07,76.81,556.88,13.0,5.0,Frecuente,False
336,1141,200,Óscar García,óscar.garcía200@correo.com,2026-06-23,Página web,Repostería,Brownie,2,51.86,103.72,en el lugar,False,15.0,Zona de estudio,pareja,,,2026-08-12,16:45:00,listo,pago en línea,pagado,362.88,58.06,420.94,43.0,,Frecuente,True
337,1141,200,Óscar García,óscar.garcía200@correo.com,2026-06-23,Página web,Bebidas frías,Refresco de cola,2,34.33,68.66,en el lugar,False,15.0,Zona de estudio,pareja,,,2026-08-12,16:45:00,listo,pago en línea,pagado,362.88,58.06,420.94,43.0,,Frecuente,True
338,1141,200,Óscar García,óscar.garcía200@correo.com,2026-06-23,Página web,Repostería,Dona glaseada,3,40.84,122.52,en el lugar,False,15.0,Zona de estudio,pareja,,,2026-08-12,16:45:00,listo,pago en línea,pagado,362.88,58.06,420.94,43.0,,Frecuente,True
339,1141,200,Óscar García,óscar.garcía200@correo.com,2026-06-23,Página web,Café caliente,Mocaccino,2,33.99,67.98,en el lugar,False,15.0,Zona de estudio,pareja,,,2026-08-12,16:45:00,listo,pago en línea,pagado,362.88,58.06,420.94,43.0,,Frecuente,True
340,1142,8,Adrián García,adrián.garcía8@correo.com,2026-01-03,Página web,Café frío,Café helado,3,38.23,114.69,en el lugar,True,14.0,Terraza,pareja,2026-05-15,completada,2026-05-16,12:55:00,en preparación,pago en línea,pagado,364.82,58.37,423.19,,,Frecuente,True
341,1142,8,Adrián García,adrián.garcía8@correo.com,2026-01-03,Página web,Alimentos,Sandwich club,1,91.33,91.33,en el lugar,True,14.0,Terraza,pareja,2026-05-15,completada,2026-05-16,12:55:00,en preparación,pago en línea,pagado,364.82,58.37,423.19,,,Frecuente,True
342,1142,8,Adrián García,adrián.garcía8@correo.com,2026-01-03,Página web,Bebidas calientes,Té chai,2,40.44,80.88,en el lugar,True,14.0,Terraza,pareja,2026-05-15,completada,2026-05-16,12:55:00,en preparación,pago en línea,pagado,364.82,58.37,423.19,,,Frecuente,True
343,1142,8,Adrián García,adrián.garcía8@correo.com,2026-01-03,Página web,Alimentos,Panini de jamón y queso,1,77.92,77.92,en el lugar,True,14.0,Terraza,pareja,2026-05-15,completada,2026-05-16,12:55:00,en preparación,pago en línea,pagado,364.82,58.37,423.19,,,Frecuente,True
344,1143,241,Andrea Ramírez,andrea.ramírez241@correo.com,2025-05-09,Presencial (mostrador),Bebidas calientes,Chocolate caliente,3,39.61,118.83,para llevar,False,,,,,,2026-02-04,18:00:00,entregado,transferencia,pagado,258.69,41.39,300.08,40.0,3.0,Recurrente,False
345,1143,241,Andrea Ramírez,andrea.ramírez241@correo.com,2025-05-09,Presencial (mostrador),Café frío,Frappé de café,3,46.62,139.86,para llevar,False,,,,,,2026-02-04,18:00:00,entregado,transferencia,pagado,258.69,41.39,300.08,40.0,3.0,Recurrente,False
346,1144,155,Jorge Ortiz,jorge.ortiz155@correo.com,2025-04-16,Presencial (mesero),Alimentos,Ensalada César,3,87.15,261.45,en el lugar,False,9.0,Barra,pareja,,,2026-07-11,13:30:00,cancelado,tarjeta,pendiente,364.17,58.27,422.44,,,Frecuente,False
347,1144,155,Jorge Ortiz,jorge.ortiz155@correo.com,2025-04-16,Presencial (mesero),Bebidas frías,Agua mineral,3,34.24,102.72,en el lugar,False,9.0,Barra,pareja,,,2026-07-11,13:30:00,cancelado,tarjeta,pendiente,364.17,58.27,422.44,,,Frecuente,False
348,1145,28,José Torres,josé.torres28@correo.com,2026-05-28,Página web,Bebidas frías,Jugo de naranja,2,33.89,67.78,para llevar,False,,,,,,2026-06-24,10:15:00,entregado,pago en línea,pagado,154.9,24.78,179.68,44.0,4.0,VIP,True
349,1145,28,José Torres,josé.torres28@correo.com,2026-05-28,Página web,Repostería,Dona glaseada,3,29.04,87.12,para llevar,False,,,,,,2026-06-24,10:15:00,entregado,pago en línea,pagado,154.9,24.78,179.68,44.0,4.0,VIP,True
350,1146,110,Renata Jiménez,renata.jiménez110@correo.com,2026-05-12,Página web,Bebidas calientes,Té chai,1,29.0,29.0,en el lugar,False,14.0,Terraza,grupal,,,2026-08-05,18:30:00,entregado,pago en línea,pagado,29.0,4.64,33.64,24.0,1.0,Frecuente,True
351,1147,144,Raúl Ortiz,raúl.ortiz144@correo.com,2026-07-23,Página web,Café caliente,Café de olla,1,51.44,51.44,para llevar,False,,,,,,2026-07-27,20:00:00,listo,pago en línea,pagado,258.36,41.34,299.7,28.0,,Frecuente,True
352,1147,144,Raúl Ortiz,raúl.ortiz144@correo.com,2026-07-23,Página web,Bebidas calientes,Chocolate caliente,2,39.85,79.7,para llevar,False,,,,,,2026-07-27,20:00:00,listo,pago en línea,pagado,258.36,41.34,299.7,28.0,,Frecuente,True
353,1147,144,Raúl Ortiz,raúl.ortiz144@correo.com,2026-07-23,Página web,Bebidas frías,Refresco de cola,2,24.75,49.5,para llevar,False,,,,,,2026-07-27,20:00:00,listo,pago en línea,pagado,258.36,41.34,299.7,28.0,,Frecuente,True
354,1147,144,Raúl Ortiz,raúl.ortiz144@correo.com,2026-07-23,Página web,Bebidas calientes,Té verde,2,38.86,77.72,para llevar,False,,,,,,2026-07-27,20:00:00,listo,pago en línea,pagado,258.36,41.34,299.7,28.0,,Frecuente,True
355,1148,10,Adrián Martínez,adrián.martínez10@correo.com,2026-07-20,Página web,Café frío,Café helado,1,57.65,57.65,para llevar,False,,,,,,2026-08-19,15:00:00,entregado,pago en línea,pagado,262.69,42.03,304.72,35.0,5.0,Frecuente,True
356,1148,10,Adrián Martínez,adrián.martínez10@correo.com,2026-07-20,Página web,Bebidas frías,Jugo de naranja,3,23.93,71.79,para llevar,False,,,,,,2026-08-19,15:00:00,entregado,pago en línea,pagado,262.69,42.03,304.72,35.0,5.0,Frecuente,True
357,1148,10,Adrián Martínez,adrián.martínez10@correo.com,2026-07-20,Página web,Bebidas calientes,Chocolate caliente,3,30.88,92.64,para llevar,False,,,,,,2026-08-19,15:00:00,entregado,pago en línea,pagado,262.69,42.03,304.72,35.0,5.0,Frecuente,True
358,1148,10,Adrián Martínez,adrián.martínez10@correo.com,2026-07-20,Página web,Café frío,Frappé de café,1,40.61,40.61,para llevar,False,,,,,,2026-08-19,15:00:00,entregado,pago en línea,pagado,262.69,42.03,304.72,35.0,5.0,Frecuente,True
359,1149,171,Lucía Flores,lucía.flores171@correo.com,2026-02-17,Página web,Alimentos,Ensalada César,1,48.64,48.64,en el lugar,True,11.0,Barra,grupal,2026-04-28,completada,2026-04-29,15:20:00,en preparación,pago en línea,pagado,295.43,47.27,342.7,,,VIP,True
360,1149,171,Lucía Flores,lucía.flores171@correo.com,2026-02-17,Página web,Bebidas calientes,Té verde,2,35.51,71.02,en el lugar,True,11.0,Barra,grupal,2026-04-28,completada,2026-04-29,15:20:00,en preparación,pago en línea,pagado,295.43,47.27,342.7,,,VIP,True
361,1149,171,Lucía Flores,lucía.flores171@correo.com,2026-02-17,Página web,Café frío,Frappé de café,3,58.59,175.77,en el lugar,True,11.0,Barra,grupal,2026-04-28,completada,2026-04-29,15:20:00,en preparación,pago en línea,pagado,295.43,47.27,342.7,,,VIP,True
362,1150,218,Diego Romero,diego.romero218@correo.com,2025-12-27,Página web,Bebidas frías,Té helado,1,22.29,22.29,en el lugar,False,11.0,Zona de estudio,pareja,,,2026-05-13,13:05:00,entregado,pago en línea,pagado,275.36,44.06,319.42,9.0,4.0,Frecuente,True
363,1150,218,Diego Romero,diego.romero218@correo.com,2025-12-27,Página web,Repostería,Pay de queso,2,33.41,66.82,en el lugar,False,11.0,Zona de estudio,pareja,,,2026-05-13,13:05:00,entregado,pago en línea,pagado,275.36,44.06,319.42,9.0,4.0,Frecuente,True
364,1150,218,Diego Romero,diego.romero218@correo.com,2025-12-27,Página web,Bebidas calientes,Chocolate caliente,2,44.18,88.36,en el lugar,False,11.0,Zona de estudio,pareja,,,2026-05-13,13:05:00,entregado,pago en línea,pagado,275.36,44.06,319.42,9.0,4.0,Frecuente,True
365,1150,218,Diego Romero,diego.romero218@correo.com,2025-12-27,Página web,Bebidas calientes,Té verde,3,32.63,97.89,en el lugar,False,11.0,Zona de estudio,pareja,,,2026-05-13,13:05:00,entregado,pago en línea,pagado,275.36,44.06,319.42,9.0,4.0,Frecuente,True
366,1151,208,Mariana Morales,mariana.morales208@correo.com,2025-05-30,Página web,Bebidas calientes,Té chai,3,29.22,87.66,en el lugar,True,10.0,Salón principal,pareja,2026-02-18,no_show,2026-02-18,20:25:00,entregado,transferencia,pagado,87.66,14.03,101.69,35.0,3.0,Frecuente,True
367,1152,28,José Torres,josé.torres28@correo.com,2026-05-28,Presencial (mostrador),Bebidas calientes,Té verde,2,25.76,51.52,en el lugar,False,14.0,Terraza,grupal,,,2026-06-10,10:40:00,entregado,efectivo,pagado,299.35,47.9,347.25,32.0,5.0,VIP,False
368,1152,28,José Torres,josé.torres28@correo.com,2026-05-28,Presencial (mostrador),Café caliente,Espresso,3,32.81,98.43,en el lugar,False,14.0,Terraza,grupal,,,2026-06-10,10:40:00,entregado,efectivo,pagado,299.35,47.9,347.25,32.0,5.0,VIP,False
369,1152,28,José Torres,josé.torres28@correo.com,2026-05-28,Presencial (mostrador),Repostería,Brownie,2,27.47,54.94,en el lugar,False,14.0,Terraza,grupal,,,2026-06-10,10:40:00,entregado,efectivo,pagado,299.35,47.9,347.25,32.0,5.0,VIP,False
370,1152,28,José Torres,josé.torres28@correo.com,2026-05-28,Presencial (mostrador),Café frío,Café helado,2,47.23,94.46,en el lugar,False,14.0,Terraza,grupal,,,2026-06-10,10:40:00,entregado,efectivo,pagado,299.35,47.9,347.25,32.0,5.0,VIP,False
371,1153,231,Fernanda López,fernanda.lópez231@correo.com,2025-02-16,Presencial (mesero),Repostería,Dona glaseada,1,35.55,35.55,en el lugar,False,19.0,Terraza,grupal,,,2025-06-17,15:00:00,listo,tarjeta,pagado,35.55,5.69,41.24,26.0,,Frecuente,False
372,1154,183,Regina Cruz,regina.cruz183@correo.com,2025-02-22,Presencial (mostrador),Bebidas calientes,Infusión de manzanilla,1,40.94,40.94,para llevar,False,,,,,,2026-05-16,13:30:00,entregado,efectivo,pagado,119.34,19.09,138.43,31.0,4.0,Frecuente,False
373,1154,183,Regina Cruz,regina.cruz183@correo.com,2025-02-22,Presencial (mostrador),Bebidas frías,Agua mineral,2,39.2,78.4,para llevar,False,,,,,,2026-05-16,13:30:00,entregado,efectivo,pagado,119.34,19.09,138.43,31.0,4.0,Frecuente,False
374,1155,51,Sofía De la Cruz,sofía.delacruz51@correo.com,2025-06-18,Presencial (mostrador),Repostería,Croissant,3,51.19,153.57,para llevar,False,,,,,,2025-06-23,15:40:00,entregado,tarjeta,pagado,153.57,24.57,178.14,34.0,5.0,Frecuente,False
375,1156,70,Alejandro Jiménez,alejandro.jiménez70@correo.com,2026-05-16,Página web,Café frío,Frappé de café,3,60.54,181.62,para llevar,False,,,,,,2026-08-06,20:40:00,entregado,pago en línea,pagado,181.62,29.06,210.68,43.0,4.0,Frecuente,True
376,1157,15,Renata Martínez,renata.martínez15@correo.com,2025-06-25,Página web,Repostería,Croissant,2,48.5,97.0,para llevar,False,,,,,,2025-08-01,11:50:00,listo,pago en línea,pagado,293.84,47.01,340.85,27.0,,VIP,True
377,1157,15,Renata Martínez,renata.martínez15@correo.com,2025-06-25,Página web,Café frío,Frappé de café,2,43.55,87.1,para llevar,False,,,,,,2025-08-01,11:50:00,listo,pago en línea,pagado,293.84,47.01,340.85,27.0,,VIP,True
378,1157,15,Renata Martínez,renata.martínez15@correo.com,2025-06-25,Página web,Café caliente,Americano,3,36.58,109.74,para llevar,False,,,,,,2025-08-01,11:50:00,listo,pago en línea,pagado,293.84,47.01,340.85,27.0,,VIP,True
379,1158,52,José Reyes,josé.reyes52@correo.com,2025-09-29,Página web,Repostería,Muffin de arándano,1,29.7,29.7,en el lugar,False,6.0,Terraza,pareja,,,2026-07-25,09:45:00,entregado,pago en línea,pagado,390.51,62.48,452.99,16.0,3.0,VIP,True
380,1158,52,José Reyes,josé.reyes52@correo.com,2025-09-29,Página web,Bebidas calientes,Té verde,3,42.56,127.68,en el lugar,False,6.0,Terraza,pareja,,,2026-07-25,09:45:00,entregado,pago en línea,pagado,390.51,62.48,452.99,16.0,3.0,VIP,True
381,1158,52,José Reyes,josé.reyes52@correo.com,2025-09-29,Página web,Alimentos,Panini de jamón y queso,3,62.94,188.82,en el lugar,False,6.0,Terraza,pareja,,,2026-07-25,09:45:00,entregado,pago en línea,pagado,390.51,62.48,452.99,16.0,3.0,VIP,True
382,1158,52,José Reyes,josé.reyes52@correo.com,2025-09-29,Página web,Repostería,Pay de queso,1,44.31,44.31,en el lugar,False,6.0,Terraza,pareja,,,2026-07-25,09:45:00,entregado,pago en línea,pagado,390.51,62.48,452.99,16.0,3.0,VIP,True
383,1159,22,Sofía Díaz,sofía.díaz22@correo.com,2025-08-13,Presencial (mostrador),Café caliente,Café de olla,1,35.04,35.04,en el lugar,False,1.0,Terraza,grupal,,,2026-05-15,10:20:00,entregado,transferencia,pagado,101.2,16.19,117.39,45.0,5.0,VIP,False
384,1159,22,Sofía Díaz,sofía.díaz22@correo.com,2025-08-13,Presencial (mostrador),Bebidas frías,Refresco de cola,2,33.08,66.16,en el lugar,False,1.0,Terraza,grupal,,,2026-05-15,10:20:00,entregado,transferencia,pagado,101.2,16.19,117.39,45.0,5.0,VIP,False
385,1160,159,Paola López,paola.lópez159@correo.com,2026-07-31,Página web,Bebidas frías,Limonada,3,35.14,105.42,para llevar,False,,,,,,2026-08-09,09:35:00,entregado,pago en línea,pagado,224.76,35.96,260.72,17.0,4.0,VIP,True
386,1160,159,Paola López,paola.lópez159@correo.com,2026-07-31,Página web,Café frío,Frappuccino de caramelo,3,39.78,119.34,para llevar,False,,,,,,2026-08-09,09:35:00,entregado,pago en línea,pagado,224.76,35.96,260.72,17.0,4.0,VIP,True
387,1161,50,Ricardo Morales,ricardo.morales50@correo.com,2026-05-13,Presencial (mesero),Repostería,Muffin de arándano,3,33.19,99.57,para llevar,False,,,,,,2026-08-15,18:35:00,listo,efectivo,pagado,99.57,15.93,115.5,21.0,,VIP,False
388,1162,84,Sofía Gómez,sofía.gómez84@correo.com,2025-10-13,Página web,Bebidas calientes,Té verde,1,36.57,36.57,en el lugar,False,2.0,Zona de estudio,individual,,,2026-07-05,19:25:00,listo,pago en línea,pagado,267.92,42.87,310.79,32.0,,Frecuente,True
389,1162,84,Sofía Gómez,sofía.gómez84@correo.com,2025-10-13,Página web,Bebidas frías,Limonada,3,27.53,82.59,en el lugar,False,2.0,Zona de estudio,individual,,,2026-07-05,19:25:00,listo,pago en línea,pagado,267.92,42.87,310.79,32.0,,Frecuente,True
390,1162,84,Sofía Gómez,sofía.gómez84@correo.com,2025-10-13,Página web,Alimentos,Ensalada César,2,74.38,148.76,en el lugar,False,2.0,Zona de estudio,individual,,,2026-07-05,19:25:00,listo,pago en línea,pagado,267.92,42.87,310.79,32.0,,Frecuente,True
391,1163,16,Ximena Pérez,ximena.pérez16@correo.com,2026-04-19,Página web,Café frío,Cold brew,2,40.61,81.22,en el lugar,True,16.0,Terraza,grupal,2026-08-12,completada,2026-08-13,10:40:00,entregado,pago en línea,pagado,265.77,42.52,308.29,38.0,4.0,Frecuente,True
392,1163,16,Ximena Pérez,ximena.pérez16@correo.com,2026-04-19,Página web,Repostería,Brownie,3,50.11,150.33,en el lugar,True,16.0,Terraza,grupal,2026-08-12,completada,2026-08-13,10:40:00,entregado,pago en línea,pagado,265.77,42.52,308.29,38.0,4.0,Frecuente,True
393,1163,16,Ximena Pérez,ximena.pérez16@correo.com,2026-04-19,Página web,Café caliente,Mocaccino,1,34.22,34.22,en el lugar,True,16.0,Terraza,grupal,2026-08-12,completada,2026-08-13,10:40:00,entregado,pago en línea,pagado,265.77,42.52,308.29,38.0,4.0,Frecuente,True
394,1164,15,Renata Martínez,renata.martínez15@correo.com,2025-06-25,Página web,Café frío,Café helado,3,62.67,188.01,en el lugar,True,2.0,Salón principal,grupal,2026-02-24,completada,2026-02-25,10:45:00,entregado,efectivo,pagado,188.01,30.08,218.09,44.0,2.0,VIP,True
395,1165,250,Diego Romero,diego.romero250@correo.com,2025-02-14,Presencial (mesero),Alimentos,Bagel con queso crema,3,55.97,167.91,para llevar,False,,,,,,2025-03-05,18:55:00,entregado,tarjeta,pagado,505.58,80.89,586.47,16.0,5.0,VIP,False
396,1165,250,Diego Romero,diego.romero250@correo.com,2025-02-14,Presencial (mesero),Alimentos,Bagel con queso crema,3,84.73,254.19,para llevar,False,,,,,,2025-03-05,18:55:00,entregado,tarjeta,pagado,505.58,80.89,586.47,16.0,5.0,VIP,False
397,1165,250,Diego Romero,diego.romero250@correo.com,2025-02-14,Presencial (mesero),Café frío,Café helado,1,40.03,40.03,para llevar,False,,,,,,2025-03-05,18:55:00,entregado,tarjeta,pagado,505.58,80.89,586.47,16.0,5.0,VIP,False
398,1165,250,Diego Romero,diego.romero250@correo.com,2025-02-14,Presencial (mesero),Bebidas calientes,Té verde,1,43.45,43.45,para llevar,False,,,,,,2025-03-05,18:55:00,entregado,tarjeta,pagado,505.58,80.89,586.47,16.0,5.0,VIP,False
399,1166,95,Sofía Castillo,sofía.castillo95@correo.com,2025-01-01,Presencial (mostrador),Bebidas frías,Jugo de naranja,1,35.05,35.05,en el lugar,False,5.0,Terraza,individual,,,2025-04-22,07:15:00,entregado,transferencia,pagado,35.05,5.61,40.66,16.0,4.0,Frecuente,False
400,1167,190,Gabriela López,gabriela.lópez190@correo.com,2026-01-28,Presencial (mesero),Café frío,Frappuccino de caramelo,1,58.69,58.69,en el lugar,False,17.0,Barra,pareja,,,2026-07-01,15:00:00,en preparación,transferencia,pagado,463.55,74.17,537.72,,,Frecuente,False
401,1167,190,Gabriela López,gabriela.lópez190@correo.com,2026-01-28,Presencial (mesero),Alimentos,Ensalada César,2,74.45,148.9,en el lugar,False,17.0,Barra,pareja,,,2026-07-01,15:00:00,en preparación,transferencia,pagado,463.55,74.17,537.72,,,Frecuente,False
402,1167,190,Gabriela López,gabriela.lópez190@correo.com,2026-01-28,Presencial (mesero),Bebidas calientes,Té chai,3,33.51,100.53,en el lugar,False,17.0,Barra,pareja,,,2026-07-01,15:00:00,en preparación,transferencia,pagado,463.55,74.17,537.72,,,Frecuente,False
403,1167,190,Gabriela López,gabriela.lópez190@correo.com,2026-01-28,Presencial (mesero),Repostería,Pay de queso,3,51.81,155.43,en el lugar,False,17.0,Barra,pareja,,,2026-07-01,15:00:00,en preparación,transferencia,pagado,463.55,74.17,537.72,,,Frecuente,False
404,1168,176,Daniela Vázquez,daniela.vázquez176@correo.com,2026-03-23,Página web,Repostería,Concha,2,30.42,60.84,en el lugar,True,17.0,Terraza,grupal,2026-07-05,completada,2026-07-05,11:15:00,entregado,pago en línea,pagado,273.17,43.71,316.88,38.0,3.0,Frecuente,True
405,1168,176,Daniela Vázquez,daniela.vázquez176@correo.com,2026-03-23,Página web,Bebidas calientes,Té verde,1,30.23,30.23,en el lugar,True,17.0,Terraza,grupal,2026-07-05,completada,2026-07-05,11:15:00,entregado,pago en línea,pagado,273.17,43.71,316.88,38.0,3.0,Frecuente,True
406,1168,176,Daniela Vázquez,daniela.vázquez176@correo.com,2026-03-23,Página web,Bebidas frías,Refresco de cola,2,31.29,62.58,en el lugar,True,17.0,Terraza,grupal,2026-07-05,completada,2026-07-05,11:15:00,entregado,pago en línea,pagado,273.17,43.71,316.88,38.0,3.0,Frecuente,True
407,1168,176,Daniela Vázquez,daniela.vázquez176@correo.com,2026-03-23,Página web,Bebidas frías,Agua mineral,3,39.84,119.52,en el lugar,True,17.0,Terraza,grupal,2026-07-05,completada,2026-07-05,11:15:00,entregado,pago en línea,pagado,273.17,43.71,316.88,38.0,3.0,Frecuente,True
408,1169,102,Raúl Vázquez,raúl.vázquez102@correo.com,2025-07-19,Presencial (mostrador),Bebidas calientes,Chocolate caliente,3,42.1,126.3,para llevar,False,,,,,,2025-10-18,12:40:00,entregado,tarjeta,pagado,503.37,80.54,583.91,18.0,4.0,Frecuente,False
409,1169,102,Raúl Vázquez,raúl.vázquez102@correo.com,2025-07-19,Presencial (mostrador),Bebidas calientes,Té chai,3,39.96,119.88,para llevar,False,,,,,,2025-10-18,12:40:00,entregado,tarjeta,pagado,503.37,80.54,583.91,18.0,4.0,Frecuente,False
410,1169,102,Raúl Vázquez,raúl.vázquez102@correo.com,2025-07-19,Presencial (mostrador),Alimentos,Bagel con queso crema,3,50.01,150.03,para llevar,False,,,,,,2025-10-18,12:40:00,entregado,tarjeta,pagado,503.37,80.54,583.91,18.0,4.0,Frecuente,False
411,1169,102,Raúl Vázquez,raúl.vázquez102@correo.com,2025-07-19,Presencial (mostrador),Bebidas frías,Refresco de cola,3,35.72,107.16,para llevar,False,,,,,,2025-10-18,12:40:00,entregado,tarjeta,pagado,503.37,80.54,583.91,18.0,4.0,Frecuente,False
412,1170,45,Carlos García,carlos.garcía45@correo.com,2025-03-04,Presencial (mostrador),Bebidas calientes,Infusión de manzanilla,2,43.61,87.22,en el lugar,True,20.0,Barra,individual,2026-04-06,completada,2026-04-06,17:00:00,entregado,transferencia,pagado,87.22,13.96,101.18,41.0,4.0,VIP,False
413,1171,242,Ana Castillo,ana.castillo242@correo.com,2025-08-01,Página web,Café caliente,Café de olla,3,41.78,125.34,en el lugar,True,16.0,Barra,individual,2025-12-24,no_show,2025-12-25,18:45:00,en preparación,pago en línea,pagado,162.64,26.02,188.66,,,Frecuente,True
414,1171,242,Ana Castillo,ana.castillo242@correo.com,2025-08-01,Página web,Bebidas calientes,Chocolate caliente,1,37.3,37.3,en el lugar,True,16.0,Barra,individual,2025-12-24,no_show,2025-12-25,18:45:00,en preparación,pago en línea,pagado,162.64,26.02,188.66,,,Frecuente,True
415,1172,147,Mariana Ortiz,mariana.ortiz147@correo.com,2026-07-21,Página web,Alimentos,Bagel con queso crema,2,70.89,141.78,para llevar,False,,,,,,2026-08-01,10:50:00,cancelado,pago en línea,reembolsado,315.68,50.51,366.19,,,Frecuente,True
416,1172,147,Mariana Ortiz,mariana.ortiz147@correo.com,2026-07-21,Página web,Bebidas calientes,Té chai,1,43.38,43.38,para llevar,False,,,,,,2026-08-01,10:50:00,cancelado,pago en línea,reembolsado,315.68,50.51,366.19,,,Frecuente,True
417,1172,147,Mariana Ortiz,mariana.ortiz147@correo.com,2026-07-21,Página web,Bebidas frías,Agua mineral,3,34.52,103.56,para llevar,False,,,,,,2026-08-01,10:50:00,cancelado,pago en línea,reembolsado,315.68,50.51,366.19,,,Frecuente,True
418,1172,147,Mariana Ortiz,mariana.ortiz147@correo.com,2026-07-21,Página web,Bebidas frías,Jugo de naranja,1,26.96,26.96,para llevar,False,,,,,,2026-08-01,10:50:00,cancelado,pago en línea,reembolsado,315.68,50.51,366.19,,,Frecuente,True
419,1173,187,Luis Ramírez,luis.ramírez187@correo.com,2025-04-27,Página web,Repostería,Concha,2,53.1,106.2,para llevar,False,,,,,,2025-12-15,13:45:00,entregado,pago en línea,pagado,334.34,53.49,387.83,29.0,3.0,Frecuente,True
420,1173,187,Luis Ramírez,luis.ramírez187@correo.com,2025-04-27,Página web,Repostería,Brownie,3,53.46,160.38,para llevar,False,,,,,,2025-12-15,13:45:00,entregado,pago en línea,pagado,334.34,53.49,387.83,29.0,3.0,Frecuente,True
421,1173,187,Luis Ramírez,luis.ramírez187@correo.com,2025-04-27,Página web,Bebidas frías,Agua mineral,2,33.88,67.76,para llevar,False,,,,,,2025-12-15,13:45:00,entregado,pago en línea,pagado,334.34,53.49,387.83,29.0,3.0,Frecuente,True
422,1174,115,Raúl De la Cruz,raúl.delacruz115@correo.com,2025-07-31,Presencial (mesero),Repostería,Brownie,1,43.75,43.75,en el lugar,True,9.0,Terraza,pareja,2026-03-21,completada,2026-03-22,17:35:00,entregado,tarjeta,pagado,284.89,45.58,330.47,44.0,5.0,Frecuente,False
423,1174,115,Raúl De la Cruz,raúl.delacruz115@correo.com,2025-07-31,Presencial (mesero),Bebidas calientes,Té verde,2,29.97,59.94,en el lugar,True,9.0,Terraza,pareja,2026-03-21,completada,2026-03-22,17:35:00,entregado,tarjeta,pagado,284.89,45.58,330.47,44.0,5.0,Frecuente,False
424,1174,115,Raúl De la Cruz,raúl.delacruz115@correo.com,2025-07-31,Presencial (mesero),Café caliente,Latte,2,46.19,92.38,en el lugar,True,9.0,Terraza,pareja,2026-03-21,completada,2026-03-22,17:35:00,entregado,tarjeta,pagado,284.89,45.58,330.47,44.0,5.0,Frecuente,False
425,1174,115,Raúl De la Cruz,raúl.delacruz115@correo.com,2025-07-31,Presencial (mesero),Repostería,Concha,2,44.41,88.82,en el lugar,True,9.0,Terraza,pareja,2026-03-21,completada,2026-03-22,17:35:00,entregado,tarjeta,pagado,284.89,45.58,330.47,44.0,5.0,Frecuente,False
426,1175,89,Hugo García,hugo.garcía89@correo.com,2026-01-30,Presencial (mostrador),Bebidas frías,Agua mineral,3,23.12,69.36,en el lugar,True,7.0,Salón principal,grupal,2026-04-07,no_show,2026-04-08,09:55:00,entregado,efectivo,pagado,227.91,36.47,264.38,8.0,4.0,VIP,False
427,1175,89,Hugo García,hugo.garcía89@correo.com,2026-01-30,Presencial (mostrador),Café caliente,Espresso,3,52.85,158.55,en el lugar,True,7.0,Salón principal,grupal,2026-04-07,no_show,2026-04-08,09:55:00,entregado,efectivo,pagado,227.91,36.47,264.38,8.0,4.0,VIP,False
428,1176,97,Óscar Sánchez,óscar.sánchez97@correo.com,2026-06-08,Página web,Alimentos,Bagel con queso crema,2,94.22,188.44,para llevar,False,,,,,,2026-08-16,07:35:00,en preparación,transferencia,pagado,307.6,49.22,356.82,,,Frecuente,True
429,1176,97,Óscar Sánchez,óscar.sánchez97@correo.com,2026-06-08,Página web,Bebidas frías,Agua mineral,2,27.96,55.92,para llevar,False,,,,,,2026-08-16,07:35:00,en preparación,transferencia,pagado,307.6,49.22,356.82,,,Frecuente,True
430,1176,97,Óscar Sánchez,óscar.sánchez97@correo.com,2026-06-08,Página web,Bebidas frías,Limonada,3,21.08,63.24,para llevar,False,,,,,,2026-08-16,07:35:00,en preparación,transferencia,pagado,307.6,49.22,356.82,,,Frecuente,True
431,1177,110,Renata Jiménez,renata.jiménez110@correo.com,2026-05-12,Página web,Repostería,Brownie,2,55.16,110.32,en el lugar,True,4.0,Barra,pareja,2026-05-16,completada,2026-05-16,15:25:00,entregado,pago en línea,pagado,257.84,41.25,299.09,31.0,5.0,Frecuente,True
432,1177,110,Renata Jiménez,renata.jiménez110@correo.com,2026-05-12,Página web,Café frío,Café helado,2,42.11,84.22,en el lugar,True,4.0,Barra,pareja,2026-05-16,completada,2026-05-16,15:25:00,entregado,pago en línea,pagado,257.84,41.25,299.09,31.0,5.0,Frecuente,True
433,1177,110,Renata Jiménez,renata.jiménez110@correo.com,2026-05-12,Página web,Alimentos,Ensalada César,1,63.3,63.3,en el lugar,True,4.0,Barra,pareja,2026-05-16,completada,2026-05-16,15:25:00,entregado,pago en línea,pagado,257.84,41.25,299.09,31.0,5.0,Frecuente,True
434,1178,44,María Morales,maría.morales44@correo.com,2025-12-29,Página web,Café caliente,Mocaccino,1,35.29,35.29,para llevar,False,,,,,,2026-04-01,20:30:00,entregado,pago en línea,pagado,95.98,15.36,111.34,17.0,3.0,VIP,True
435,1178,44,María Morales,maría.morales44@correo.com,2025-12-29,Página web,Café frío,Frappuccino de caramelo,1,60.69,60.69,para llevar,False,,,,,,2026-04-01,20:30:00,entregado,pago en línea,pagado,95.98,15.36,111.34,17.0,3.0,VIP,True
436,1179,184,Renata Castillo,renata.castillo184@correo.com,2025-05-15,Página web,Repostería,Muffin de arándano,1,44.67,44.67,para llevar,False,,,,,,2026-01-12,19:00:00,cancelado,pago en línea,reembolsado,287.93,46.07,334.0,,,VIP,True
437,1179,184,Renata Castillo,renata.castillo184@correo.com,2025-05-15,Página web,Bebidas frías,Té helado,2,27.97,55.94,para llevar,False,,,,,,2026-01-12,19:00:00,cancelado,pago en línea,reembolsado,287.93,46.07,334.0,,,VIP,True
438,1179,184,Renata Castillo,renata.castillo184@correo.com,2025-05-15,Página web,Bebidas calientes,Chocolate caliente,3,26.2,78.6,para llevar,False,,,,,,2026-01-12,19:00:00,cancelado,pago en línea,reembolsado,287.93,46.07,334.0,,,VIP,True
439,1179,184,Renata Castillo,renata.castillo184@correo.com,2025-05-15,Página web,Repostería,Pay de queso,2,54.36,108.72,para llevar,False,,,,,,2026-01-12,19:00:00,cancelado,pago en línea,reembolsado,287.93,46.07,334.0,,,VIP,True
440,1180,224,Marco Flores,marco.flores224@correo.com,2025-12-13,Presencial (mostrador),Repostería,Muffin de arándano,1,48.56,48.56,en el lugar,True,1.0,Barra,individual,2026-02-15,no_show,2026-02-17,12:25:00,cancelado,efectivo,pendiente,342.61,54.82,397.43,,,VIP,False
441,1180,224,Marco Flores,marco.flores224@correo.com,2025-12-13,Presencial (mostrador),Alimentos,Panini de jamón y queso,1,89.48,89.48,en el lugar,True,1.0,Barra,individual,2026-02-15,no_show,2026-02-17,12:25:00,cancelado,efectivo,pendiente,342.61,54.82,397.43,,,VIP,False
442,1180,224,Marco Flores,marco.flores224@correo.com,2025-12-13,Presencial (mostrador),Alimentos,Ensalada César,3,68.19,204.57,en el lugar,True,1.0,Barra,individual,2026-02-15,no_show,2026-02-17,12:25:00,cancelado,efectivo,pendiente,342.61,54.82,397.43,,,VIP,False
443,1181,85,Renata Díaz,renata.díaz85@correo.com,2026-06-06,Página web,Café frío,Café helado,2,44.51,89.02,para llevar,False,,,,,,2026-07-19,13:50:00,en preparación,pago en línea,pagado,249.0,39.84,288.84,,,VIP,True
444,1181,85,Renata Díaz,renata.díaz85@correo.com,2026-06-06,Página web,Repostería,Dona glaseada,2,34.36,68.72,para llevar,False,,,,,,2026-07-19,13:50:00,en preparación,pago en línea,pagado,249.0,39.84,288.84,,,VIP,True
445,1181,85,Renata Díaz,renata.díaz85@correo.com,2026-06-06,Página web,Bebidas calientes,Infusión de manzanilla,3,30.42,91.26,para llevar,False,,,,,,2026-07-19,13:50:00,en preparación,pago en línea,pagado,249.0,39.84,288.84,,,VIP,True
446,1182,62,Camila Cruz,camila.cruz62@correo.com,2025-11-20,Página web,Bebidas frías,Té helado,3,20.53,61.59,en el lugar,True,8.0,Zona de estudio,grupal,2026-08-13,completada,2026-08-13,14:30:00,entregado,pago en línea,pagado,374.78,59.96,434.74,41.0,5.0,Frecuente,True
447,1182,62,Camila Cruz,camila.cruz62@correo.com,2025-11-20,Página web,Alimentos,Sandwich club,2,50.2,100.4,en el lugar,True,8.0,Zona de estudio,grupal,2026-08-13,completada,2026-08-13,14:30:00,entregado,pago en línea,pagado,374.78,59.96,434.74,41.0,5.0,Frecuente,True
448,1182,62,Camila Cruz,camila.cruz62@correo.com,2025-11-20,Página web,Bebidas frías,Limonada,2,21.69,43.38,en el lugar,True,8.0,Zona de estudio,grupal,2026-08-13,completada,2026-08-13,14:30:00,entregado,pago en línea,pagado,374.78,59.96,434.74,41.0,5.0,Frecuente,True
449,1182,62,Camila Cruz,camila.cruz62@correo.com,2025-11-20,Página web,Alimentos,Ensalada César,3,56.47,169.41,en el lugar,True,8.0,Zona de estudio,grupal,2026-08-13,completada,2026-08-13,14:30:00,entregado,pago en línea,pagado,374.78,59.96,434.74,41.0,5.0,Frecuente,True
450,1183,110,Renata Jiménez,renata.jiménez110@correo.com,2026-05-12,Página web,Bebidas frías,Jugo de naranja,3,29.13,87.39,en el lugar,True,16.0,Barra,grupal,2026-05-31,completada,2026-06-02,07:00:00,entregado,transferencia,pagado,193.8,31.01,224.81,30.0,5.0,Frecuente,True
451,1183,110,Renata Jiménez,renata.jiménez110@correo.com,2026-05-12,Página web,Bebidas calientes,Infusión de manzanilla,3,35.47,106.41,en el lugar,True,16.0,Barra,grupal,2026-05-31,completada,2026-06-02,07:00:00,entregado,transferencia,pagado,193.8,31.01,224.81,30.0,5.0,Frecuente,True
452,1184,174,Michelle Torres,michelle.torres174@correo.com,2026-08-14,Presencial (mostrador),Repostería,Concha,3,25.0,75.0,para llevar,False,,,,,,2026-08-17,15:15:00,entregado,tarjeta,pagado,118.6,18.98,137.58,39.0,4.0,Frecuente,False
453,1184,174,Michelle Torres,michelle.torres174@correo.com,2026-08-14,Presencial (mostrador),Café frío,Café helado,1,43.6,43.6,para llevar,False,,,,,,2026-08-17,15:15:00,entregado,tarjeta,pagado,118.6,18.98,137.58,39.0,4.0,Frecuente,False
454,1185,50,Ricardo Morales,ricardo.morales50@correo.com,2026-05-13,Página web,Bebidas frías,Agua mineral,3,23.77,71.31,para llevar,False,,,,,,2026-08-17,14:20:00,entregado,pago en línea,pagado,71.31,11.41,82.72,23.0,5.0,VIP,True
455,1186,128,Ximena Sánchez,ximena.sánchez128@correo.com,2025-01-21,Presencial (mostrador),Repostería,Dona glaseada,1,51.0,51.0,en el lugar,True,3.0,Barra,grupal,2025-07-06,completada,2025-07-07,18:55:00,listo,transferencia,pagado,209.12,33.46,242.58,36.0,,Frecuente,False
456,1186,128,Ximena Sánchez,ximena.sánchez128@correo.com,2025-01-21,Presencial (mostrador),Repostería,Pay de queso,3,31.58,94.74,en el lugar,True,3.0,Barra,grupal,2025-07-06,completada,2025-07-07,18:55:00,listo,transferencia,pagado,209.12,33.46,242.58,36.0,,Frecuente,False
457,1186,128,Ximena Sánchez,ximena.sánchez128@correo.com,2025-01-21,Presencial (mostrador),Café caliente,Americano,2,31.69,63.38,en el lugar,True,3.0,Barra,grupal,2025-07-06,completada,2025-07-07,18:55:00,listo,transferencia,pagado,209.12,33.46,242.58,36.0,,Frecuente,False
458,1187,205,Ximena Flores,ximena.flores205@correo.com,2025-08-21,Presencial (mostrador),Café frío,Frappé de café,1,43.46,43.46,para llevar,False,,,,,,2026-01-07,18:45:00,entregado,transferencia,pagado,43.46,6.95,50.41,8.0,4.0,Frecuente,False
459,1188,213,Julián Vázquez,julián.vázquez213@correo.com,2025-11-03,Página web,Repostería,Pay de queso,1,49.39,49.39,para llevar,False,,,,,,2026-03-02,08:10:00,entregado,pago en línea,pagado,309.88,49.58,359.46,15.0,3.0,VIP,True
460,1188,213,Julián Vázquez,julián.vázquez213@correo.com,2025-11-03,Página web,Café caliente,Capuchino,1,30.17,30.17,para llevar,False,,,,,,2026-03-02,08:10:00,entregado,pago en línea,pagado,309.88,49.58,359.46,15.0,3.0,VIP,True
461,1188,213,Julián Vázquez,julián.vázquez213@correo.com,2025-11-03,Página web,Café frío,Frappé de café,2,43.0,86.0,para llevar,False,,,,,,2026-03-02,08:10:00,entregado,pago en línea,pagado,309.88,49.58,359.46,15.0,3.0,VIP,True
462,1188,213,Julián Vázquez,julián.vázquez213@correo.com,2025-11-03,Página web,Alimentos,Sandwich club,2,72.16,144.32,para llevar,False,,,,,,2026-03-02,08:10:00,entregado,pago en línea,pagado,309.88,49.58,359.46,15.0,3.0,VIP,True
463,1189,236,Raúl Torres,raúl.torres236@correo.com,2025-02-03,Página web,Bebidas calientes,Té chai,3,30.07,90.21,en el lugar,True,4.0,Salón principal,pareja,2025-10-12,completada,2025-10-15,13:35:00,entregado,pago en línea,pagado,90.21,14.43,104.64,31.0,5.0,VIP,True
464,1190,96,Iván Sánchez,iván.sánchez96@correo.com,2026-03-17,Página web,Repostería,Brownie,3,29.19,87.57,para llevar,False,,,,,,2026-03-30,20:50:00,entregado,pago en línea,pagado,279.78,44.76,324.54,17.0,4.0,Frecuente,True
465,1190,96,Iván Sánchez,iván.sánchez96@correo.com,2026-03-17,Página web,Café frío,Frappé de café,3,64.07,192.21,para llevar,False,,,,,,2026-03-30,20:50:00,entregado,pago en línea,pagado,279.78,44.76,324.54,17.0,4.0,Frecuente,True
466,1191,116,Michelle Vázquez,michelle.vázquez116@correo.com,2026-01-25,Página web,Café caliente,Capuchino,3,45.4,136.2,para llevar,False,,,,,,2026-04-30,19:05:00,entregado,pago en línea,pagado,136.2,21.79,157.99,14.0,4.0,Frecuente,True
467,1192,214,Lucía Flores,lucía.flores214@correo.com,2025-07-23,Página web,Bebidas calientes,Chocolate caliente,2,30.01,60.02,en el lugar,False,12.0,Barra,grupal,,,2025-09-25,14:15:00,entregado,pago en línea,pagado,199.65,31.94,231.59,30.0,5.0,Frecuente,True
468,1192,214,Lucía Flores,lucía.flores214@correo.com,2025-07-23,Página web,Café caliente,Latte,1,47.08,47.08,en el lugar,False,12.0,Barra,grupal,,,2025-09-25,14:15:00,entregado,pago en línea,pagado,199.65,31.94,231.59,30.0,5.0,Frecuente,True
469,1192,214,Lucía Flores,lucía.flores214@correo.com,2025-07-23,Página web,Bebidas frías,Agua mineral,3,30.85,92.55,en el lugar,False,12.0,Barra,grupal,,,2025-09-25,14:15:00,entregado,pago en línea,pagado,199.65,31.94,231.59,30.0,5.0,Frecuente,True
470,1193,45,Carlos García,carlos.garcía45@correo.com,2025-03-04,Página web,Bebidas frías,Agua mineral,3,29.08,87.24,en el lugar,False,18.0,Salón principal,individual,,,2026-01-29,18:35:00,entregado,pago en línea,pagado,229.17,36.67,265.84,42.0,4.0,VIP,True
471,1193,45,Carlos García,carlos.garcía45@correo.com,2025-03-04,Página web,Bebidas calientes,Infusión de manzanilla,1,39.67,39.67,en el lugar,False,18.0,Salón principal,individual,,,2026-01-29,18:35:00,entregado,pago en línea,pagado,229.17,36.67,265.84,42.0,4.0,VIP,True
472,1193,45,Carlos García,carlos.garcía45@correo.com,2025-03-04,Página web,Café caliente,Café de olla,2,51.13,102.26,en el lugar,False,18.0,Salón principal,individual,,,2026-01-29,18:35:00,entregado,pago en línea,pagado,229.17,36.67,265.84,42.0,4.0,VIP,True
473,1194,30,Ricardo Castillo,ricardo.castillo30@correo.com,2026-06-28,Página web,Alimentos,Ensalada César,1,50.52,50.52,para llevar,False,,,,,,2026-08-19,13:15:00,entregado,pago en línea,pagado,193.8,31.01,224.81,10.0,5.0,Frecuente,True
474,1194,30,Ricardo Castillo,ricardo.castillo30@correo.com,2026-06-28,Página web,Bebidas frías,Té helado,1,20.88,20.88,para llevar,False,,,,,,2026-08-19,13:15:00,entregado,pago en línea,pagado,193.8,31.01,224.81,10.0,5.0,Frecuente,True
475,1194,30,Ricardo Castillo,ricardo.castillo30@correo.com,2026-06-28,Página web,Café frío,Cold brew,2,61.2,122.4,para llevar,False,,,,,,2026-08-19,13:15:00,entregado,pago en línea,pagado,193.8,31.01,224.81,10.0,5.0,Frecuente,True
476,1195,57,Hugo Martínez,hugo.martínez57@correo.com,2025-07-10,Presencial (mostrador),Café caliente,Americano,1,45.71,45.71,en el lugar,False,9.0,Terraza,pareja,,,2026-04-28,17:30:00,entregado,transferencia,pagado,45.71,7.31,53.02,11.0,4.0,VIP,False
477,1196,157,Carlos Torres,carlos.torres157@correo.com,2026-05-05,Presencial (mesero),Bebidas frías,Agua mineral,3,30.58,91.74,para llevar,False,,,,,,2026-06-20,15:55:00,entregado,transferencia,pagado,91.74,14.68,106.42,27.0,5.0,VIP,False
478,1197,121,Jorge Romero,jorge.romero121@correo.com,2026-07-01,Página web,Bebidas frías,Jugo de naranja,3,28.3,84.9,en el lugar,False,7.0,Salón principal,grupal,,,2026-07-05,10:40:00,entregado,pago en línea,pagado,172.04,27.53,199.57,35.0,4.0,VIP,True
479,1197,121,Jorge Romero,jorge.romero121@correo.com,2026-07-01,Página web,Café caliente,Mocaccino,2,43.57,87.14,en el lugar,False,7.0,Salón principal,grupal,,,2026-07-05,10:40:00,entregado,pago en línea,pagado,172.04,27.53,199.57,35.0,4.0,VIP,True
480,1198,203,Andrea Castillo,andrea.castillo203@correo.com,2026-01-25,Presencial (mostrador),Repostería,Pay de queso,3,51.75,155.25,en el lugar,False,18.0,Barra,pareja,,,2026-02-20,09:10:00,en preparación,transferencia,pagado,430.07,68.81,498.88,,,Frecuente,False
481,1198,203,Andrea Castillo,andrea.castillo203@correo.com,2026-01-25,Presencial (mostrador),Alimentos,Ensalada César,3,75.42,226.26,en el lugar,False,18.0,Barra,pareja,,,2026-02-20,09:10:00,en preparación,transferencia,pagado,430.07,68.81,498.88,,,Frecuente,False
482,1198,203,Andrea Castillo,andrea.castillo203@correo.com,2026-01-25,Presencial (mostrador),Bebidas frías,Jugo de naranja,2,24.28,48.56,en el lugar,False,18.0,Barra,pareja,,,2026-02-20,09:10:00,en preparación,transferencia,pagado,430.07,68.81,498.88,,,Frecuente,False
483,1199,23,Luis De la Cruz,luis.delacruz23@correo.com,2025-04-23,Presencial (mesero),Bebidas frías,Limonada,2,39.87,79.74,para llevar,False,,,,,,2025-10-24,14:35:00,entregado,tarjeta,pagado,79.74,12.76,92.5,22.0,5.0,VIP,False
484,1200,134,Camila Romero,camila.romero134@correo.com,2025-05-04,Página web,Repostería,Muffin de arándano,2,56.14,112.28,en el lugar,False,9.0,Salón principal,individual,,,2025-08-21,20:25:00,entregado,pago en línea,pagado,154.97,24.8,179.77,44.0,4.0,Frecuente,True
485,1200,134,Camila Romero,camila.romero134@correo.com,2025-05-04,Página web,Café frío,Cold brew,1,42.69,42.69,en el lugar,False,9.0,Salón principal,individual,,,2025-08-21,20:25:00,entregado,pago en línea,pagado,154.97,24.8,179.77,44.0,4.0,Frecuente,True
486,1201,33,Luis Martínez,luis.martínez33@correo.com,2026-05-13,Presencial (mostrador),Café caliente,Capuchino,2,37.39,74.78,en el lugar,True,19.0,Terraza,grupal,2026-06-07,completada,2026-06-09,18:05:00,listo,tarjeta,pagado,74.78,11.96,86.74,34.0,,VIP,False
487,1202,161,Diego Jiménez,diego.jiménez161@correo.com,2026-01-25,Presencial (mostrador),Repostería,Brownie,2,49.42,98.84,en el lugar,False,13.0,Terraza,pareja,,,2026-02-24,20:15:00,entregado,tarjeta,pagado,209.26,33.48,242.74,44.0,3.0,Frecuente,False
488,1202,161,Diego Jiménez,diego.jiménez161@correo.com,2026-01-25,Presencial (mostrador),Café frío,Frappé de café,2,55.21,110.42,en el lugar,False,13.0,Terraza,pareja,,,2026-02-24,20:15:00,entregado,tarjeta,pagado,209.26,33.48,242.74,44.0,3.0,Frecuente,False
489,1203,156,Iván Ortiz,iván.ortiz156@correo.com,2026-05-06,Página web,Bebidas calientes,Chocolate caliente,2,40.24,80.48,en el lugar,True,11.0,Terraza,pareja,2026-07-09,completada,2026-07-09,08:15:00,entregado,pago en línea,pagado,381.25,61.0,442.25,13.0,2.0,VIP,True
490,1203,156,Iván Ortiz,iván.ortiz156@correo.com,2026-05-06,Página web,Alimentos,Bagel con queso crema,2,69.39,138.78,en el lugar,True,11.0,Terraza,pareja,2026-07-09,completada,2026-07-09,08:15:00,entregado,pago en línea,pagado,381.25,61.0,442.25,13.0,2.0,VIP,True
491,1203,156,Iván Ortiz,iván.ortiz156@correo.com,2026-05-06,Página web,Bebidas calientes,Chocolate caliente,2,36.22,72.44,en el lugar,True,11.0,Terraza,pareja,2026-07-09,completada,2026-07-09,08:15:00,entregado,pago en línea,pagado,381.25,61.0,442.25,13.0,2.0,VIP,True
492,1203,156,Iván Ortiz,iván.ortiz156@correo.com,2026-05-06,Página web,Bebidas calientes,Chocolate caliente,3,29.85,89.55,en el lugar,True,11.0,Terraza,pareja,2026-07-09,completada,2026-07-09,08:15:00,entregado,pago en línea,pagado,381.25,61.0,442.25,13.0,2.0,VIP,True
493,1204,55,Sergio De la Cruz,sergio.delacruz55@correo.com,2025-02-21,Presencial (mostrador),Repostería,Croissant,3,59.57,178.71,para llevar,False,,,,,,2025-06-16,17:30:00,entregado,transferencia,pagado,178.71,28.59,207.3,36.0,3.0,Frecuente,False
494,1205,231,Fernanda López,fernanda.lópez231@correo.com,2025-02-16,Presencial (mesero),Café caliente,Mocaccino,3,29.47,88.41,para llevar,False,,,,,,2025-07-15,14:00:00,entregado,efectivo,pagado,88.41,14.15,102.56,26.0,2.0,Frecuente,False
495,1206,115,Raúl De la Cruz,raúl.delacruz115@correo.com,2025-07-31,Presencial (mesero),Bebidas calientes,Chocolate caliente,3,29.08,87.24,para llevar,False,,,,,,2025-08-07,12:55:00,entregado,tarjeta,pagado,180.18,28.83,209.01,9.0,1.0,Frecuente,False
496,1206,115,Raúl De la Cruz,raúl.delacruz115@correo.com,2025-07-31,Presencial (mesero),Bebidas frías,Agua mineral,3,30.98,92.94,para llevar,False,,,,,,2025-08-07,12:55:00,entregado,tarjeta,pagado,180.18,28.83,209.01,9.0,1.0,Frecuente,False
497,1207,75,Gabriela López,gabriela.lópez75@correo.com,2026-03-17,Página web,Café caliente,Latte,3,45.68,137.04,para llevar,False,,,,,,2026-06-21,16:50:00,entregado,pago en línea,pagado,268.84,43.01,311.85,32.0,5.0,VIP,True
498,1207,75,Gabriela López,gabriela.lópez75@correo.com,2026-03-17,Página web,Café caliente,Espresso,2,38.49,76.98,para llevar,False,,,,,,2026-06-21,16:50:00,entregado,pago en línea,pagado,268.84,43.01,311.85,32.0,5.0,VIP,True
499,1207,75,Gabriela López,gabriela.lópez75@correo.com,2026-03-17,Página web,Repostería,Dona glaseada,1,54.82,54.82,para llevar,False,,,,,,2026-06-21,16:50:00,entregado,pago en línea,pagado,268.84,43.01,311.85,32.0,5.0,VIP,True
500,1208,228,Alejandro Vázquez,alejandro.vázquez228@correo.com,2026-01-26,Presencial (mesero),Café frío,Cold brew,2,50.02,100.04,para llevar,False,,,,,,2026-03-26,13:40:00,entregado,transferencia,pagado,100.04,16.01,116.05,9.0,4.0,Frecuente,False
501,1209,13,María Reyes,maría.reyes13@correo.com,2025-10-12,Página web,Repostería,Dona glaseada,1,35.58,35.58,para llevar,False,,,,,,2025-11-01,10:40:00,listo,pago en línea,pagado,229.44,36.71,266.15,22.0,,Frecuente,True
502,1209,13,María Reyes,maría.reyes13@correo.com,2025-10-12,Página web,Bebidas frías,Agua mineral,3,36.24,108.72,para llevar,False,,,,,,2025-11-01,10:40:00,listo,pago en línea,pagado,229.44,36.71,266.15,22.0,,Frecuente,True
503,1209,13,María Reyes,maría.reyes13@correo.com,2025-10-12,Página web,Bebidas calientes,Té verde,2,42.57,85.14,para llevar,False,,,,,,2025-11-01,10:40:00,listo,pago en línea,pagado,229.44,36.71,266.15,22.0,,Frecuente,True
504,1210,69,Renata Flores,renata.flores69@correo.com,2025-08-04,Presencial (mostrador),Alimentos,Bagel con queso crema,2,73.64,147.28,para llevar,False,,,,,,2025-10-20,12:30:00,entregado,transferencia,pagado,328.26,52.52,380.78,21.0,4.0,Frecuente,False
505,1210,69,Renata Flores,renata.flores69@correo.com,2025-08-04,Presencial (mostrador),Alimentos,Ensalada César,2,90.49,180.98,para llevar,False,,,,,,2025-10-20,12:30:00,entregado,transferencia,pagado,328.26,52.52,380.78,21.0,4.0,Frecuente,False
506,1211,118,Pablo Romero,pablo.romero118@correo.com,2025-08-14,Página web,Café caliente,Café de olla,2,42.39,84.78,en el lugar,False,10.0,Salón principal,pareja,,,2026-07-14,09:45:00,cancelado,efectivo,pendiente,258.06,41.29,299.35,,,Frecuente,True
507,1211,118,Pablo Romero,pablo.romero118@correo.com,2025-08-14,Página web,Bebidas calientes,Té chai,2,28.68,57.36,en el lugar,False,10.0,Salón principal,pareja,,,2026-07-14,09:45:00,cancelado,efectivo,pendiente,258.06,41.29,299.35,,,Frecuente,True
508,1211,118,Pablo Romero,pablo.romero118@correo.com,2025-08-14,Página web,Café frío,Frappé de café,2,57.96,115.92,en el lugar,False,10.0,Salón principal,pareja,,,2026-07-14,09:45:00,cancelado,efectivo,pendiente,258.06,41.29,299.35,,,Frecuente,True
509,1212,18,Yuleni Gómez,yuleni.gómez18@correo.com,2026-02-15,Presencial (mesero),Café frío,Frappé de café,3,57.87,173.61,para llevar,False,,,,,,2026-06-08,18:50:00,listo,efectivo,pagado,249.63,39.94,289.57,22.0,,VIP,False
510,1212,18,Yuleni Gómez,yuleni.gómez18@correo.com,2026-02-15,Presencial (mesero),Bebidas frías,Jugo de naranja,3,25.34,76.02,para llevar,False,,,,,,2026-06-08,18:50:00,listo,efectivo,pagado,249.63,39.94,289.57,22.0,,VIP,False
511,1213,42,Renata Ortiz,renata.ortiz42@correo.com,2025-08-08,Presencial (mostrador),Bebidas frías,Jugo de naranja,2,29.38,58.76,para llevar,False,,,,,,2026-06-09,10:15:00,entregado,tarjeta,pagado,116.12,18.58,134.7,18.0,4.0,Frecuente,False
512,1213,42,Renata Ortiz,renata.ortiz42@correo.com,2025-08-08,Presencial (mostrador),Bebidas calientes,Té verde,2,28.68,57.36,para llevar,False,,,,,,2026-06-09,10:15:00,entregado,tarjeta,pagado,116.12,18.58,134.7,18.0,4.0,Frecuente,False
513,1214,173,Karla Gómez,karla.gómez173@correo.com,2025-09-14,Página web,Café caliente,Americano,2,53.03,106.06,en el lugar,False,14.0,Salón principal,grupal,,,2025-12-21,10:00:00,entregado,pago en línea,pagado,185.45,29.67,215.12,10.0,5.0,Frecuente,True
514,1214,173,Karla Gómez,karla.gómez173@correo.com,2025-09-14,Página web,Alimentos,Panini de jamón y queso,1,79.39,79.39,en el lugar,False,14.0,Salón principal,grupal,,,2025-12-21,10:00:00,entregado,pago en línea,pagado,185.45,29.67,215.12,10.0,5.0,Frecuente,True
515,1215,105,Lucía De la Cruz,lucía.delacruz105@correo.com,2026-07-25,Presencial (mostrador),Bebidas frías,Té helado,1,29.03,29.03,para llevar,False,,,,,,2026-08-13,18:30:00,en preparación,transferencia,pagado,29.03,4.64,33.67,,,Frecuente,False
516,1216,181,Sofía Jiménez,sofía.jiménez181@correo.com,2025-01-02,Presencial (mostrador),Repostería,Pay de queso,3,30.83,92.49,en el lugar,False,17.0,Terraza,individual,,,2025-09-10,15:40:00,entregado,tarjeta,pagado,241.1,38.58,279.68,15.0,4.0,Frecuente,False
517,1216,181,Sofía Jiménez,sofía.jiménez181@correo.com,2025-01-02,Presencial (mostrador),Repostería,Brownie,2,57.17,114.34,en el lugar,False,17.0,Terraza,individual,,,2025-09-10,15:40:00,entregado,tarjeta,pagado,241.1,38.58,279.68,15.0,4.0,Frecuente,False
518,1216,181,Sofía Jiménez,sofía.jiménez181@correo.com,2025-01-02,Presencial (mostrador),Bebidas calientes,Chocolate caliente,1,34.27,34.27,en el lugar,False,17.0,Terraza,individual,,,2025-09-10,15:40:00,entregado,tarjeta,pagado,241.1,38.58,279.68,15.0,4.0,Frecuente,False
519,1217,143,Estefanía Sánchez,estefanía.sánchez143@correo.com,2025-03-29,Presencial (mesero),Alimentos,Sandwich club,1,57.5,57.5,en el lugar,True,14.0,Zona de estudio,pareja,2025-06-29,completada,2025-06-29,19:45:00,entregado,transferencia,pagado,96.87,15.5,112.37,36.0,5.0,VIP,False
520,1217,143,Estefanía Sánchez,estefanía.sánchez143@correo.com,2025-03-29,Presencial (mesero),Bebidas calientes,Chocolate caliente,1,39.37,39.37,en el lugar,True,14.0,Zona de estudio,pareja,2025-06-29,completada,2025-06-29,19:45:00,entregado,transferencia,pagado,96.87,15.5,112.37,36.0,5.0,VIP,False
521,1218,146,Iván Ramírez,iván.ramírez146@correo.com,2026-02-19,Página web,Alimentos,Panini de jamón y queso,3,47.2,141.6,para llevar,False,,,,,,2026-07-31,12:05:00,listo,pago en línea,pagado,193.56,30.97,224.53,18.0,,VIP,True
522,1218,146,Iván Ramírez,iván.ramírez146@correo.com,2026-02-19,Página web,Café frío,Café helado,1,51.96,51.96,para llevar,False,,,,,,2026-07-31,12:05:00,listo,pago en línea,pagado,193.56,30.97,224.53,18.0,,VIP,True
523,1219,91,Ana Gómez,ana.gómez91@correo.com,2025-11-18,Página web,Café caliente,Americano,1,53.93,53.93,para llevar,False,,,,,,2026-01-31,09:55:00,listo,tarjeta,pagado,151.27,24.2,175.47,39.0,,Frecuente,True
524,1219,91,Ana Gómez,ana.gómez91@correo.com,2025-11-18,Página web,Café caliente,Café de olla,2,48.67,97.34,para llevar,False,,,,,,2026-01-31,09:55:00,listo,tarjeta,pagado,151.27,24.2,175.47,39.0,,Frecuente,True
525,1220,52,José Reyes,josé.reyes52@correo.com,2025-09-29,Página web,Alimentos,Panini de jamón y queso,1,48.97,48.97,para llevar,False,,,,,,2026-06-11,15:00:00,entregado,pago en línea,pagado,213.02,34.08,247.1,10.0,5.0,VIP,True
526,1220,52,José Reyes,josé.reyes52@correo.com,2025-09-29,Página web,Bebidas frías,Té helado,1,24.89,24.89,para llevar,False,,,,,,2026-06-11,15:00:00,entregado,pago en línea,pagado,213.02,34.08,247.1,10.0,5.0,VIP,True
527,1220,52,José Reyes,josé.reyes52@correo.com,2025-09-29,Página web,Bebidas frías,Agua mineral,3,32.4,97.2,para llevar,False,,,,,,2026-06-11,15:00:00,entregado,pago en línea,pagado,213.02,34.08,247.1,10.0,5.0,VIP,True
528,1220,52,José Reyes,josé.reyes52@correo.com,2025-09-29,Página web,Bebidas frías,Limonada,2,20.98,41.96,para llevar,False,,,,,,2026-06-11,15:00:00,entregado,pago en línea,pagado,213.02,34.08,247.1,10.0,5.0,VIP,True
529,1221,123,Daniela De la Cruz,daniela.delacruz123@correo.com,2025-09-24,Página web,Alimentos,Ensalada César,2,91.57,183.14,en el lugar,True,14.0,Salón principal,individual,2026-07-14,completada,2026-07-16,20:45:00,entregado,pago en línea,pagado,219.86,35.18,255.04,43.0,3.0,Recurrente,True
530,1221,123,Daniela De la Cruz,daniela.delacruz123@correo.com,2025-09-24,Página web,Café caliente,Capuchino,1,36.72,36.72,en el lugar,True,14.0,Salón principal,individual,2026-07-14,completada,2026-07-16,20:45:00,entregado,pago en línea,pagado,219.86,35.18,255.04,43.0,3.0,Recurrente,True
531,1222,5,Pablo Morales,pablo.morales5@correo.com,2025-08-14,Página web,Alimentos,Ensalada César,2,66.35,132.7,en el lugar,True,17.0,Barra,grupal,2025-09-15,completada,2025-09-16,11:35:00,entregado,pago en línea,pagado,132.7,21.23,153.93,44.0,5.0,Frecuente,True
532,1223,180,Sergio Torres,sergio.torres180@correo.com,2025-11-28,Página web,Café caliente,Espresso,1,28.65,28.65,en el lugar,False,16.0,Salón principal,grupal,,,2026-05-28,09:45:00,entregado,pago en línea,pagado,147.9,23.66,171.56,34.0,1.0,Recurrente,True
533,1223,180,Sergio Torres,sergio.torres180@correo.com,2025-11-28,Página web,Bebidas calientes,Té chai,3,39.75,119.25,en el lugar,False,16.0,Salón principal,grupal,,,2026-05-28,09:45:00,entregado,pago en línea,pagado,147.9,23.66,171.56,34.0,1.0,Recurrente,True
534,1224,135,Julián Castillo,julián.castillo135@correo.com,2026-03-15,Página web,Café caliente,Mocaccino,2,37.0,74.0,en el lugar,True,7.0,Zona de estudio,pareja,2026-03-26,completada,2026-03-26,12:25:00,entregado,pago en línea,pagado,74.0,11.84,85.84,9.0,4.0,VIP,True
535,1225,172,Regina Cruz,regina.cruz172@correo.com,2025-03-24,Presencial (mesero),Alimentos,Panini de jamón y queso,1,91.39,91.39,en el lugar,True,16.0,Terraza,grupal,2025-09-18,completada,2025-09-19,10:25:00,entregado,transferencia,pagado,235.77,37.72,273.49,30.0,4.0,Frecuente,False
536,1225,172,Regina Cruz,regina.cruz172@correo.com,2025-03-24,Presencial (mesero),Café caliente,Café de olla,1,36.08,36.08,en el lugar,True,16.0,Terraza,grupal,2025-09-18,completada,2025-09-19,10:25:00,entregado,transferencia,pagado,235.77,37.72,273.49,30.0,4.0,Frecuente,False
537,1225,172,Regina Cruz,regina.cruz172@correo.com,2025-03-24,Presencial (mesero),Bebidas calientes,Té verde,3,36.1,108.3,en el lugar,True,16.0,Terraza,grupal,2025-09-18,completada,2025-09-19,10:25:00,entregado,transferencia,pagado,235.77,37.72,273.49,30.0,4.0,Frecuente,False
538,1226,158,Sofía Ortiz,sofía.ortiz158@correo.com,2025-03-17,Presencial (mesero),Bebidas frías,Jugo de naranja,2,27.79,55.58,para llevar,False,,,,,,2025-05-23,09:20:00,entregado,transferencia,pagado,167.45,26.79,194.24,10.0,3.0,Frecuente,False
539,1226,158,Sofía Ortiz,sofía.ortiz158@correo.com,2025-03-17,Presencial (mesero),Bebidas frías,Té helado,3,37.29,111.87,para llevar,False,,,,,,2025-05-23,09:20:00,entregado,transferencia,pagado,167.45,26.79,194.24,10.0,3.0,Frecuente,False
540,1227,129,Ximena López,ximena.lópez129@correo.com,2026-04-30,Página web,Café frío,Frappé de café,3,46.23,138.69,para llevar,False,,,,,,2026-06-03,13:05:00,entregado,efectivo,pagado,276.3,44.21,320.51,38.0,5.0,Frecuente,True
541,1227,129,Ximena López,ximena.lópez129@correo.com,2026-04-30,Página web,Café caliente,Americano,1,52.66,52.66,para llevar,False,,,,,,2026-06-03,13:05:00,entregado,efectivo,pagado,276.3,44.21,320.51,38.0,5.0,Frecuente,True
542,1227,129,Ximena López,ximena.lópez129@correo.com,2026-04-30,Página web,Alimentos,Sandwich club,1,84.95,84.95,para llevar,False,,,,,,2026-06-03,13:05:00,entregado,efectivo,pagado,276.3,44.21,320.51,38.0,5.0,Frecuente,True
543,1228,238,María Díaz,maría.díaz238@correo.com,2026-07-12,Página web,Café caliente,Capuchino,3,53.17,159.51,en el lugar,False,17.0,Salón principal,individual,,,2026-08-14,11:25:00,listo,pago en línea,pagado,159.51,25.52,185.03,13.0,,Frecuente,True
544,1229,135,Julián Castillo,julián.castillo135@correo.com,2026-03-15,Página web,Repostería,Muffin de arándano,1,43.63,43.63,en el lugar,False,1.0,Zona de estudio,grupal,,,2026-06-08,14:00:00,en preparación,pago en línea,pagado,160.89,25.74,186.63,,,VIP,True
545,1229,135,Julián Castillo,julián.castillo135@correo.com,2026-03-15,Página web,Alimentos,Sandwich club,2,58.63,117.26,en el lugar,False,1.0,Zona de estudio,grupal,,,2026-06-08,14:00:00,en preparación,pago en línea,pagado,160.89,25.74,186.63,,,VIP,True
546,1230,38,Ximena Ramírez,ximena.ramírez38@correo.com,2025-03-07,Presencial (mostrador),Repostería,Croissant,2,58.01,116.02,para llevar,False,,,,,,2025-07-02,07:45:00,entregado,transferencia,pagado,305.85,48.94,354.79,9.0,5.0,Frecuente,False
547,1230,38,Ximena Ramírez,ximena.ramírez38@correo.com,2025-03-07,Presencial (mostrador),Repostería,Brownie,3,33.57,100.71,para llevar,False,,,,,,2025-07-02,07:45:00,entregado,transferencia,pagado,305.85,48.94,354.79,9.0,5.0,Frecuente,False
548,1230,38,Ximena Ramírez,ximena.ramírez38@correo.com,2025-03-07,Presencial (mostrador),Café caliente,Capuchino,2,44.56,89.12,para llevar,False,,,,,,2025-07-02,07:45:00,entregado,transferencia,pagado,305.85,48.94,354.79,9.0,5.0,Frecuente,False
549,1231,169,Diego López,diego.lópez169@correo.com,2025-09-30,Página web,Bebidas frías,Agua mineral,2,26.25,52.5,para llevar,False,,,,,,2026-05-29,17:00:00,entregado,pago en línea,pagado,474.93,75.99,550.92,38.0,3.0,VIP,True
550,1231,169,Diego López,diego.lópez169@correo.com,2025-09-30,Página web,Café frío,Frappé de café,3,64.21,192.63,para llevar,False,,,,,,2026-05-29,17:00:00,entregado,pago en línea,pagado,474.93,75.99,550.92,38.0,3.0,VIP,True
551,1231,169,Diego López,diego.lópez169@correo.com,2025-09-30,Página web,Alimentos,Bagel con queso crema,3,49.65,148.95,para llevar,False,,,,,,2026-05-29,17:00:00,entregado,pago en línea,pagado,474.93,75.99,550.92,38.0,3.0,VIP,True
552,1231,169,Diego López,diego.lópez169@correo.com,2025-09-30,Página web,Bebidas calientes,Infusión de manzanilla,3,26.95,80.85,para llevar,False,,,,,,2026-05-29,17:00:00,entregado,pago en línea,pagado,474.93,75.99,550.92,38.0,3.0,VIP,True
553,1232,37,Sofía Díaz,sofía.díaz37@correo.com,2026-03-25,Presencial (mesero),Alimentos,Panini de jamón y queso,2,46.51,93.02,en el lugar,False,13.0,Salón principal,grupal,,,2026-05-23,10:10:00,en preparación,tarjeta,pagado,458.06,73.29,531.35,,,Frecuente,False
554,1232,37,Sofía Díaz,sofía.díaz37@correo.com,2026-03-25,Presencial (mesero),Alimentos,Sandwich club,3,62.57,187.71,en el lugar,False,13.0,Salón principal,grupal,,,2026-05-23,10:10:00,en preparación,tarjeta,pagado,458.06,73.29,531.35,,,Frecuente,False
555,1232,37,Sofía Díaz,sofía.díaz37@correo.com,2026-03-25,Presencial (mesero),Alimentos,Bagel con queso crema,3,59.11,177.33,en el lugar,False,13.0,Salón principal,grupal,,,2026-05-23,10:10:00,en preparación,tarjeta,pagado,458.06,73.29,531.35,,,Frecuente,False
556,1233,32,Camila Ramírez,camila.ramírez32@correo.com,2025-03-01,Presencial (mostrador),Bebidas frías,Limonada,3,39.48,118.44,en el lugar,True,18.0,Terraza,pareja,2025-07-06,completada,2025-07-09,15:05:00,entregado,transferencia,pagado,304.56,48.73,353.29,35.0,5.0,VIP,False
557,1233,32,Camila Ramírez,camila.ramírez32@correo.com,2025-03-01,Presencial (mostrador),Alimentos,Sandwich club,3,62.04,186.12,en el lugar,True,18.0,Terraza,pareja,2025-07-06,completada,2025-07-09,15:05:00,entregado,transferencia,pagado,304.56,48.73,353.29,35.0,5.0,VIP,False
558,1234,236,Raúl Torres,raúl.torres236@correo.com,2025-02-03,Página web,Alimentos,Sandwich club,1,74.91,74.91,en el lugar,True,19.0,Barra,individual,2026-01-16,completada,2026-01-19,15:55:00,entregado,pago en línea,pagado,249.99,40.0,289.99,17.0,3.0,VIP,True
559,1234,236,Raúl Torres,raúl.torres236@correo.com,2025-02-03,Página web,Bebidas calientes,Infusión de manzanilla,3,31.55,94.65,en el lugar,True,19.0,Barra,individual,2026-01-16,completada,2026-01-19,15:55:00,entregado,pago en línea,pagado,249.99,40.0,289.99,17.0,3.0,VIP,True
560,1234,236,Raúl Torres,raúl.torres236@correo.com,2025-02-03,Página web,Bebidas calientes,Té chai,3,26.81,80.43,en el lugar,True,19.0,Barra,individual,2026-01-16,completada,2026-01-19,15:55:00,entregado,pago en línea,pagado,249.99,40.0,289.99,17.0,3.0,VIP,True
561,1235,75,Gabriela López,gabriela.lópez75@correo.com,2026-03-17,Página web,Café caliente,Café de olla,3,28.22,84.66,en el lugar,True,7.0,Zona de estudio,pareja,2026-04-22,no_show,2026-04-24,14:40:00,en preparación,pago en línea,pagado,159.53,25.52,185.05,,,VIP,True
562,1235,75,Gabriela López,gabriela.lópez75@correo.com,2026-03-17,Página web,Bebidas frías,Refresco de cola,1,36.95,36.95,en el lugar,True,7.0,Zona de estudio,pareja,2026-04-22,no_show,2026-04-24,14:40:00,en preparación,pago en línea,pagado,159.53,25.52,185.05,,,VIP,True
563,1235,75,Gabriela López,gabriela.lópez75@correo.com,2026-03-17,Página web,Repostería,Concha,1,37.92,37.92,en el lugar,True,7.0,Zona de estudio,pareja,2026-04-22,no_show,2026-04-24,14:40:00,en preparación,pago en línea,pagado,159.53,25.52,185.05,,,VIP,True
564,1236,4,Diego Jiménez,diego.jiménez4@correo.com,2025-01-28,Presencial (mesero),Bebidas calientes,Infusión de manzanilla,2,33.12,66.24,para llevar,False,,,,,,2026-01-30,08:20:00,listo,tarjeta,pagado,331.3,53.01,384.31,17.0,,VIP,False
565,1236,4,Diego Jiménez,diego.jiménez4@correo.com,2025-01-28,Presencial (mesero),Alimentos,Bagel con queso crema,2,78.12,156.24,para llevar,False,,,,,,2026-01-30,08:20:00,listo,tarjeta,pagado,331.3,53.01,384.31,17.0,,VIP,False
566,1236,4,Diego Jiménez,diego.jiménez4@correo.com,2025-01-28,Presencial (mesero),Alimentos,Bagel con queso crema,2,54.41,108.82,para llevar,False,,,,,,2026-01-30,08:20:00,listo,tarjeta,pagado,331.3,53.01,384.31,17.0,,VIP,False
567,1237,238,María Díaz,maría.díaz238@correo.com,2026-07-12,Página web,Bebidas calientes,Infusión de manzanilla,2,44.5,89.0,para llevar,False,,,,,,2026-07-30,20:50:00,entregado,pago en línea,pagado,498.1,79.7,577.8,32.0,3.0,Frecuente,True
568,1237,238,María Díaz,maría.díaz238@correo.com,2026-07-12,Página web,Café frío,Frappé de café,3,39.12,117.36,para llevar,False,,,,,,2026-07-30,20:50:00,entregado,pago en línea,pagado,498.1,79.7,577.8,32.0,3.0,Frecuente,True
569,1237,238,María Díaz,maría.díaz238@correo.com,2026-07-12,Página web,Alimentos,Panini de jamón y queso,2,89.68,179.36,para llevar,False,,,,,,2026-07-30,20:50:00,entregado,pago en línea,pagado,498.1,79.7,577.8,32.0,3.0,Frecuente,True
570,1237,238,María Díaz,maría.díaz238@correo.com,2026-07-12,Página web,Bebidas calientes,Infusión de manzanilla,3,37.46,112.38,para llevar,False,,,,,,2026-07-30,20:50:00,entregado,pago en línea,pagado,498.1,79.7,577.8,32.0,3.0,Frecuente,True
571,1238,136,Andrea Hernández,andrea.hernández136@correo.com,2026-03-07,Página web,Alimentos,Ensalada César,3,46.67,140.01,para llevar,False,,,,,,2026-06-05,10:10:00,entregado,pago en línea,pagado,226.37,36.22,262.59,41.0,4.0,VIP,True
572,1238,136,Andrea Hernández,andrea.hernández136@correo.com,2026-03-07,Página web,Café caliente,Café de olla,1,41.05,41.05,para llevar,False,,,,,,2026-06-05,10:10:00,entregado,pago en línea,pagado,226.37,36.22,262.59,41.0,4.0,VIP,True
573,1238,136,Andrea Hernández,andrea.hernández136@correo.com,2026-03-07,Página web,Repostería,Concha,1,45.31,45.31,para llevar,False,,,,,,2026-06-05,10:10:00,entregado,pago en línea,pagado,226.37,36.22,262.59,41.0,4.0,VIP,True
574,1239,167,Iván Flores,iván.flores167@correo.com,2026-04-10,Página web,Alimentos,Panini de jamón y queso,2,70.63,141.26,en el lugar,True,16.0,Terraza,grupal,2026-06-18,completada,2026-06-20,14:40:00,en preparación,pago en línea,pagado,141.26,22.6,163.86,,,Frecuente,True
575,1240,70,Alejandro Jiménez,alejandro.jiménez70@correo.com,2026-05-16,Página web,Bebidas calientes,Té verde,3,26.23,78.69,en el lugar,False,10.0,Salón principal,individual,,,2026-07-28,18:25:00,entregado,pago en línea,pagado,234.69,37.55,272.24,16.0,4.0,Frecuente,True
576,1240,70,Alejandro Jiménez,alejandro.jiménez70@correo.com,2026-05-16,Página web,Alimentos,Bagel con queso crema,1,73.64,73.64,en el lugar,False,10.0,Salón principal,individual,,,2026-07-28,18:25:00,entregado,pago en línea,pagado,234.69,37.55,272.24,16.0,4.0,Frecuente,True
577,1240,70,Alejandro Jiménez,alejandro.jiménez70@correo.com,2026-05-16,Página web,Bebidas calientes,Té verde,2,41.18,82.36,en el lugar,False,10.0,Salón principal,individual,,,2026-07-28,18:25:00,entregado,pago en línea,pagado,234.69,37.55,272.24,16.0,4.0,Frecuente,True
578,1241,195,Pablo Reyes,pablo.reyes195@correo.com,2026-04-12,Página web,Repostería,Croissant,1,34.14,34.14,en el lugar,True,9.0,Terraza,grupal,2026-08-19,completada,2026-08-19,08:20:00,en preparación,pago en línea,pagado,245.42,39.27,284.69,,,VIP,True
579,1241,195,Pablo Reyes,pablo.reyes195@correo.com,2026-04-12,Página web,Bebidas calientes,Chocolate caliente,2,34.7,69.4,en el lugar,True,9.0,Terraza,grupal,2026-08-19,completada,2026-08-19,08:20:00,en preparación,pago en línea,pagado,245.42,39.27,284.69,,,VIP,True
580,1241,195,Pablo Reyes,pablo.reyes195@correo.com,2026-04-12,Página web,Bebidas frías,Té helado,2,26.86,53.72,en el lugar,True,9.0,Terraza,grupal,2026-08-19,completada,2026-08-19,08:20:00,en preparación,pago en línea,pagado,245.42,39.27,284.69,,,VIP,True
581,1241,195,Pablo Reyes,pablo.reyes195@correo.com,2026-04-12,Página web,Café caliente,Americano,2,44.08,88.16,en el lugar,True,9.0,Terraza,grupal,2026-08-19,completada,2026-08-19,08:20:00,en preparación,pago en línea,pagado,245.42,39.27,284.69,,,VIP,True
582,1242,210,Luis Romero,luis.romero210@correo.com,2026-01-27,Presencial (mostrador),Bebidas calientes,Té verde,1,40.11,40.11,para llevar,False,,,,,,2026-03-28,17:35:00,entregado,tarjeta,pagado,40.11,6.42,46.53,37.0,5.0,Frecuente,False
583,1243,145,Regina Cruz,regina.cruz145@correo.com,2025-01-18,Página web,Bebidas frías,Refresco de cola,3,20.24,60.72,en el lugar,False,8.0,Barra,grupal,,,2026-03-02,14:20:00,listo,pago en línea,pagado,297.48,47.6,345.08,10.0,,Frecuente,True
584,1243,145,Regina Cruz,regina.cruz145@correo.com,2025-01-18,Página web,Alimentos,Panini de jamón y queso,3,78.92,236.76,en el lugar,False,8.0,Barra,grupal,,,2026-03-02,14:20:00,listo,pago en línea,pagado,297.48,47.6,345.08,10.0,,Frecuente,True
585,1244,185,Óscar Ortiz,óscar.ortiz185@correo.com,2025-05-05,Presencial (mostrador),Bebidas calientes,Infusión de manzanilla,3,34.22,102.66,en el lugar,False,9.0,Zona de estudio,pareja,,,2025-06-23,15:50:00,entregado,efectivo,pagado,252.13,40.34,292.47,8.0,5.0,Recurrente,False
586,1244,185,Óscar Ortiz,óscar.ortiz185@correo.com,2025-05-05,Presencial (mostrador),Bebidas calientes,Chocolate caliente,3,39.69,119.07,en el lugar,False,9.0,Zona de estudio,pareja,,,2025-06-23,15:50:00,entregado,efectivo,pagado,252.13,40.34,292.47,8.0,5.0,Recurrente,False
587,1244,185,Óscar Ortiz,óscar.ortiz185@correo.com,2025-05-05,Presencial (mostrador),Bebidas frías,Limonada,1,30.4,30.4,en el lugar,False,9.0,Zona de estudio,pareja,,,2025-06-23,15:50:00,entregado,efectivo,pagado,252.13,40.34,292.47,8.0,5.0,Recurrente,False
588,1245,10,Adrián Martínez,adrián.martínez10@correo.com,2026-07-20,Página web,Bebidas calientes,Té verde,1,30.04,30.04,para llevar,False,,,,,,2026-08-10,07:05:00,entregado,pago en línea,pagado,164.2,26.27,190.47,21.0,4.0,Frecuente,True
589,1245,10,Adrián Martínez,adrián.martínez10@correo.com,2026-07-20,Página web,Café caliente,Espresso,3,44.72,134.16,para llevar,False,,,,,,2026-08-10,07:05:00,entregado,pago en línea,pagado,164.2,26.27,190.47,21.0,4.0,Frecuente,True
590,1246,10,Adrián Martínez,adrián.martínez10@correo.com,2026-07-20,Página web,Bebidas calientes,Té chai,2,37.78,75.56,en el lugar,True,20.0,Salón principal,pareja,2026-08-18,no_show,2026-08-19,16:50:00,entregado,pago en línea,pagado,283.3,45.33,328.63,24.0,5.0,Frecuente,True
591,1246,10,Adrián Martínez,adrián.martínez10@correo.com,2026-07-20,Página web,Repostería,Pay de queso,2,49.23,98.46,en el lugar,True,20.0,Salón principal,pareja,2026-08-18,no_show,2026-08-19,16:50:00,entregado,pago en línea,pagado,283.3,45.33,328.63,24.0,5.0,Frecuente,True
592,1246,10,Adrián Martínez,adrián.martínez10@correo.com,2026-07-20,Página web,Bebidas calientes,Té verde,2,30.15,60.3,en el lugar,True,20.0,Salón principal,pareja,2026-08-18,no_show,2026-08-19,16:50:00,entregado,pago en línea,pagado,283.3,45.33,328.63,24.0,5.0,Frecuente,True
593,1246,10,Adrián Martínez,adrián.martínez10@correo.com,2026-07-20,Página web,Café caliente,Capuchino,1,48.98,48.98,en el lugar,True,20.0,Salón principal,pareja,2026-08-18,no_show,2026-08-19,16:50:00,entregado,pago en línea,pagado,283.3,45.33,328.63,24.0,5.0,Frecuente,True
594,1247,168,Alejandro Vázquez,alejandro.vázquez168@correo.com,2025-07-22,Presencial (mostrador),Bebidas frías,Té helado,1,38.25,38.25,en el lugar,False,6.0,Barra,individual,,,2025-10-21,14:05:00,entregado,tarjeta,pagado,65.32,10.45,75.77,24.0,4.0,VIP,False
595,1247,168,Alejandro Vázquez,alejandro.vázquez168@correo.com,2025-07-22,Presencial (mostrador),Bebidas calientes,Té verde,1,27.07,27.07,en el lugar,False,6.0,Barra,individual,,,2025-10-21,14:05:00,entregado,tarjeta,pagado,65.32,10.45,75.77,24.0,4.0,VIP,False
596,1248,160,Ximena García,ximena.garcía160@correo.com,2026-07-26,Presencial (mesero),Repostería,Croissant,1,49.5,49.5,para llevar,False,,,,,,2026-08-19,14:00:00,entregado,efectivo,pagado,463.04,74.09,537.13,42.0,5.0,VIP,False
597,1248,160,Ximena García,ximena.garcía160@correo.com,2026-07-26,Presencial (mesero),Alimentos,Sandwich club,2,70.77,141.54,para llevar,False,,,,,,2026-08-19,14:00:00,entregado,efectivo,pagado,463.04,74.09,537.13,42.0,5.0,VIP,False
598,1248,160,Ximena García,ximena.garcía160@correo.com,2026-07-26,Presencial (mesero),Alimentos,Panini de jamón y queso,3,66.8,200.4,para llevar,False,,,,,,2026-08-19,14:00:00,entregado,efectivo,pagado,463.04,74.09,537.13,42.0,5.0,VIP,False
599,1248,160,Ximena García,ximena.garcía160@correo.com,2026-07-26,Presencial (mesero),Bebidas calientes,Té chai,2,35.8,71.6,para llevar,False,,,,,,2026-08-19,14:00:00,entregado,efectivo,pagado,463.04,74.09,537.13,42.0,5.0,VIP,False
600,1249,210,Luis Romero,luis.romero210@correo.com,2026-01-27,Página web,Café caliente,Latte,3,48.53,145.59,para llevar,False,,,,,,2026-04-28,12:50:00,cancelado,pago en línea,reembolsado,256.4,41.02,297.42,,,Frecuente,True
601,1249,210,Luis Romero,luis.romero210@correo.com,2026-01-27,Página web,Repostería,Dona glaseada,1,32.11,32.11,para llevar,False,,,,,,2026-04-28,12:50:00,cancelado,pago en línea,reembolsado,256.4,41.02,297.42,,,Frecuente,True
602,1249,210,Luis Romero,luis.romero210@correo.com,2026-01-27,Página web,Bebidas frías,Té helado,2,39.35,78.7,para llevar,False,,,,,,2026-04-28,12:50:00,cancelado,pago en línea,reembolsado,256.4,41.02,297.42,,,Frecuente,True
603,1250,14,Mariana Pérez,mariana.pérez14@correo.com,2026-01-15,Página web,Café frío,Frappé de café,1,40.79,40.79,para llevar,False,,,,,,2026-07-12,13:05:00,entregado,pago en línea,pagado,145.13,23.22,168.35,39.0,4.0,Frecuente,True
604,1250,14,Mariana Pérez,mariana.pérez14@correo.com,2026-01-15,Página web,Bebidas calientes,Chocolate caliente,3,34.78,104.34,para llevar,False,,,,,,2026-07-12,13:05:00,entregado,pago en línea,pagado,145.13,23.22,168.35,39.0,4.0,Frecuente,True
605,1251,64,Jorge Díaz,jorge.díaz64@correo.com,2025-03-12,Página web,Bebidas calientes,Infusión de manzanilla,1,43.8,43.8,para llevar,False,,,,,,2026-06-15,07:00:00,listo,pago en línea,pagado,78.62,12.58,91.2,10.0,,Frecuente,True
606,1251,64,Jorge Díaz,jorge.díaz64@correo.com,2025-03-12,Página web,Bebidas frías,Limonada,1,34.82,34.82,para llevar,False,,,,,,2026-06-15,07:00:00,listo,pago en línea,pagado,78.62,12.58,91.2,10.0,,Frecuente,True
607,1252,72,Andrea López,andrea.lópez72@correo.com,2025-09-26,Página web,Café caliente,Latte,3,44.5,133.5,en el lugar,False,8.0,Salón principal,individual,,,2025-12-07,14:50:00,entregado,pago en línea,pagado,211.28,33.8,245.08,35.0,3.0,VIP,True
608,1252,72,Andrea López,andrea.lópez72@correo.com,2025-09-26,Página web,Bebidas frías,Té helado,1,36.36,36.36,en el lugar,False,8.0,Salón principal,individual,,,2025-12-07,14:50:00,entregado,pago en línea,pagado,211.28,33.8,245.08,35.0,3.0,VIP,True
609,1252,72,Andrea López,andrea.lópez72@correo.com,2025-09-26,Página web,Café caliente,Espresso,1,41.42,41.42,en el lugar,False,8.0,Salón principal,individual,,,2025-12-07,14:50:00,entregado,pago en línea,pagado,211.28,33.8,245.08,35.0,3.0,VIP,True
610,1253,196,Ximena Vázquez,ximena.vázquez196@correo.com,2026-01-28,Presencial (mostrador),Café frío,Frappé de café,2,52.79,105.58,para llevar,False,,,,,,2026-04-24,19:55:00,cancelado,transferencia,pendiente,233.31,37.33,270.64,,,Recurrente,False
611,1253,196,Ximena Vázquez,ximena.vázquez196@correo.com,2026-01-28,Presencial (mostrador),Repostería,Concha,3,29.23,87.69,para llevar,False,,,,,,2026-04-24,19:55:00,cancelado,transferencia,pendiente,233.31,37.33,270.64,,,Recurrente,False
612,1253,196,Ximena Vázquez,ximena.vázquez196@correo.com,2026-01-28,Presencial (mostrador),Café frío,Frappuccino de caramelo,1,40.04,40.04,para llevar,False,,,,,,2026-04-24,19:55:00,cancelado,transferencia,pendiente,233.31,37.33,270.64,,,Recurrente,False
613,1254,169,Diego López,diego.lópez169@correo.com,2025-09-30,Página web,Café caliente,Latte,3,30.18,90.54,para llevar,False,,,,,,2026-05-12,10:45:00,listo,pago en línea,pagado,249.57,39.93,289.5,45.0,,VIP,True
614,1254,169,Diego López,diego.lópez169@correo.com,2025-09-30,Página web,Café caliente,Americano,3,53.01,159.03,para llevar,False,,,,,,2026-05-12,10:45:00,listo,pago en línea,pagado,249.57,39.93,289.5,45.0,,VIP,True
615,1255,248,Estefanía García,estefanía.garcía248@correo.com,2025-03-07,Presencial (mesero),Café frío,Cold brew,3,53.32,159.96,en el lugar,False,7.0,Salón principal,grupal,,,2025-12-22,13:55:00,entregado,tarjeta,pagado,308.84,49.41,358.25,14.0,1.0,Frecuente,False
616,1255,248,Estefanía García,estefanía.garcía248@correo.com,2025-03-07,Presencial (mesero),Café caliente,Café de olla,1,32.86,32.86,en el lugar,False,7.0,Salón principal,grupal,,,2025-12-22,13:55:00,entregado,tarjeta,pagado,308.84,49.41,358.25,14.0,1.0,Frecuente,False
617,1255,248,Estefanía García,estefanía.garcía248@correo.com,2025-03-07,Presencial (mesero),Alimentos,Sandwich club,1,76.36,76.36,en el lugar,False,7.0,Salón principal,grupal,,,2025-12-22,13:55:00,entregado,tarjeta,pagado,308.84,49.41,358.25,14.0,1.0,Frecuente,False
618,1255,248,Estefanía García,estefanía.garcía248@correo.com,2025-03-07,Presencial (mesero),Repostería,Muffin de arándano,1,39.66,39.66,en el lugar,False,7.0,Salón principal,grupal,,,2025-12-22,13:55:00,entregado,tarjeta,pagado,308.84,49.41,358.25,14.0,1.0,Frecuente,False
619,1256,184,Renata Castillo,renata.castillo184@correo.com,2025-05-15,Página web,Café frío,Frappé de café,3,58.9,176.7,para llevar,False,,,,,,2026-03-27,12:40:00,entregado,pago en línea,pagado,176.7,28.27,204.97,38.0,3.0,VIP,True
620,1257,136,Andrea Hernández,andrea.hernández136@correo.com,2026-03-07,Página web,Repostería,Muffin de arándano,1,46.59,46.59,para llevar,False,,,,,,2026-07-12,09:10:00,entregado,pago en línea,pagado,278.86,44.62,323.48,28.0,4.0,VIP,True
621,1257,136,Andrea Hernández,andrea.hernández136@correo.com,2026-03-07,Página web,Alimentos,Sandwich club,1,50.22,50.22,para llevar,False,,,,,,2026-07-12,09:10:00,entregado,pago en línea,pagado,278.86,44.62,323.48,28.0,4.0,VIP,True
622,1257,136,Andrea Hernández,andrea.hernández136@correo.com,2026-03-07,Página web,Café caliente,Café de olla,3,32.75,98.25,para llevar,False,,,,,,2026-07-12,09:10:00,entregado,pago en línea,pagado,278.86,44.62,323.48,28.0,4.0,VIP,True
623,1257,136,Andrea Hernández,andrea.hernández136@correo.com,2026-03-07,Página web,Café caliente,Latte,2,41.9,83.8,para llevar,False,,,,,,2026-07-12,09:10:00,entregado,pago en línea,pagado,278.86,44.62,323.48,28.0,4.0,VIP,True
624,1258,32,Camila Ramírez,camila.ramírez32@correo.com,2025-03-01,Presencial (mostrador),Café caliente,Americano,1,47.92,47.92,para llevar,False,,,,,,2026-05-04,10:55:00,listo,tarjeta,pagado,171.4,27.42,198.82,45.0,,VIP,False
625,1258,32,Camila Ramírez,camila.ramírez32@correo.com,2025-03-01,Presencial (mostrador),Café frío,Frappuccino de caramelo,2,61.74,123.48,para llevar,False,,,,,,2026-05-04,10:55:00,listo,tarjeta,pagado,171.4,27.42,198.82,45.0,,VIP,False
626,1259,136,Andrea Hernández,andrea.hernández136@correo.com,2026-03-07,Página web,Café frío,Frappé de café,2,55.77,111.54,en el lugar,True,13.0,Zona de estudio,individual,2026-07-06,completada,2026-07-09,07:30:00,entregado,efectivo,pagado,275.05,44.01,319.06,18.0,4.0,VIP,True
627,1259,136,Andrea Hernández,andrea.hernández136@correo.com,2026-03-07,Página web,Café caliente,Capuchino,1,31.69,31.69,en el lugar,True,13.0,Zona de estudio,individual,2026-07-06,completada,2026-07-09,07:30:00,entregado,efectivo,pagado,275.05,44.01,319.06,18.0,4.0,VIP,True
628,1259,136,Andrea Hernández,andrea.hernández136@correo.com,2026-03-07,Página web,Alimentos,Panini de jamón y queso,2,65.91,131.82,en el lugar,True,13.0,Zona de estudio,individual,2026-07-06,completada,2026-07-09,07:30:00,entregado,efectivo,pagado,275.05,44.01,319.06,18.0,4.0,VIP,True
629,1260,96,Iván Sánchez,iván.sánchez96@correo.com,2026-03-17,Página web,Alimentos,Bagel con queso crema,1,89.59,89.59,en el lugar,True,7.0,Barra,pareja,2026-08-09,completada,2026-08-11,15:15:00,entregado,efectivo,pagado,329.53,52.72,382.25,10.0,3.0,Frecuente,True
630,1260,96,Iván Sánchez,iván.sánchez96@correo.com,2026-03-17,Página web,Bebidas frías,Limonada,2,38.28,76.56,en el lugar,True,7.0,Barra,pareja,2026-08-09,completada,2026-08-11,15:15:00,entregado,efectivo,pagado,329.53,52.72,382.25,10.0,3.0,Frecuente,True
631,1260,96,Iván Sánchez,iván.sánchez96@correo.com,2026-03-17,Página web,Café caliente,Latte,3,54.46,163.38,en el lugar,True,7.0,Barra,pareja,2026-08-09,completada,2026-08-11,15:15:00,entregado,efectivo,pagado,329.53,52.72,382.25,10.0,3.0,Frecuente,True
632,1261,72,Andrea López,andrea.lópez72@correo.com,2025-09-26,Página web,Café frío,Cold brew,2,45.75,91.5,en el lugar,False,15.0,Barra,individual,,,2026-05-01,15:30:00,entregado,pago en línea,pagado,399.34,63.89,463.23,31.0,5.0,VIP,True
633,1261,72,Andrea López,andrea.lópez72@correo.com,2025-09-26,Página web,Café frío,Frappé de café,1,35.48,35.48,en el lugar,False,15.0,Barra,individual,,,2026-05-01,15:30:00,entregado,pago en línea,pagado,399.34,63.89,463.23,31.0,5.0,VIP,True
634,1261,72,Andrea López,andrea.lópez72@correo.com,2025-09-26,Página web,Bebidas calientes,Té verde,3,28.24,84.72,en el lugar,False,15.0,Barra,individual,,,2026-05-01,15:30:00,entregado,pago en línea,pagado,399.34,63.89,463.23,31.0,5.0,VIP,True
635,1261,72,Andrea López,andrea.lópez72@correo.com,2025-09-26,Página web,Alimentos,Sandwich club,2,93.82,187.64,en el lugar,False,15.0,Barra,individual,,,2026-05-01,15:30:00,entregado,pago en línea,pagado,399.34,63.89,463.23,31.0,5.0,VIP,True
636,1262,107,Estefanía Castillo,estefanía.castillo107@correo.com,2025-11-21,Página web,Bebidas calientes,Té chai,3,37.41,112.23,en el lugar,True,11.0,Terraza,pareja,2026-07-13,cancelada,2026-07-16,18:50:00,entregado,pago en línea,pagado,285.12,45.62,330.74,11.0,5.0,Frecuente,True
637,1262,107,Estefanía Castillo,estefanía.castillo107@correo.com,2025-11-21,Página web,Repostería,Dona glaseada,3,57.63,172.89,en el lugar,True,11.0,Terraza,pareja,2026-07-13,cancelada,2026-07-16,18:50:00,entregado,pago en línea,pagado,285.12,45.62,330.74,11.0,5.0,Frecuente,True
638,1263,89,Hugo García,hugo.garcía89@correo.com,2026-01-30,Página web,Bebidas frías,Limonada,2,22.77,45.54,para llevar,False,,,,,,2026-02-27,13:25:00,entregado,pago en línea,pagado,45.54,7.29,52.83,15.0,5.0,VIP,True
639,1264,62,Camila Cruz,camila.cruz62@correo.com,2025-11-20,Presencial (mesero),Repostería,Concha,2,27.22,54.44,en el lugar,False,8.0,Zona de estudio,pareja,,,2026-07-22,18:45:00,en preparación,transferencia,pagado,353.27,56.52,409.79,,,Frecuente,False
640,1264,62,Camila Cruz,camila.cruz62@correo.com,2025-11-20,Presencial (mesero),Repostería,Pay de queso,3,42.02,126.06,en el lugar,False,8.0,Zona de estudio,pareja,,,2026-07-22,18:45:00,en preparación,transferencia,pagado,353.27,56.52,409.79,,,Frecuente,False
641,1264,62,Camila Cruz,camila.cruz62@correo.com,2025-11-20,Presencial (mesero),Bebidas frías,Té helado,2,29.4,58.8,en el lugar,False,8.0,Zona de estudio,pareja,,,2026-07-22,18:45:00,en preparación,transferencia,pagado,353.27,56.52,409.79,,,Frecuente,False
642,1264,62,Camila Cruz,camila.cruz62@correo.com,2025-11-20,Presencial (mesero),Bebidas frías,Jugo de naranja,3,37.99,113.97,en el lugar,False,8.0,Zona de estudio,pareja,,,2026-07-22,18:45:00,en preparación,transferencia,pagado,353.27,56.52,409.79,,,Frecuente,False
643,1265,54,Iván Sánchez,iván.sánchez54@correo.com,2025-03-01,Presencial (mostrador),Café frío,Café helado,1,38.36,38.36,para llevar,False,,,,,,2025-05-07,10:35:00,entregado,efectivo,pagado,38.36,6.14,44.5,21.0,4.0,VIP,False
644,1266,146,Iván Ramírez,iván.ramírez146@correo.com,2026-02-19,Página web,Repostería,Croissant,1,27.2,27.2,en el lugar,False,5.0,Barra,pareja,,,2026-07-02,17:00:00,entregado,pago en línea,pagado,27.2,4.35,31.55,41.0,3.0,VIP,True
645,1267,220,Camila Cruz,camila.cruz220@correo.com,2025-02-04,Página web,Café frío,Frappuccino de caramelo,3,46.16,138.48,en el lugar,True,19.0,Barra,pareja,2026-01-11,completada,2026-01-13,13:45:00,en preparación,pago en línea,pagado,344.08,55.05,399.13,,,Frecuente,True
646,1267,220,Camila Cruz,camila.cruz220@correo.com,2025-02-04,Página web,Repostería,Concha,1,30.19,30.19,en el lugar,True,19.0,Barra,pareja,2026-01-11,completada,2026-01-13,13:45:00,en preparación,pago en línea,pagado,344.08,55.05,399.13,,,Frecuente,True
647,1267,220,Camila Cruz,camila.cruz220@correo.com,2025-02-04,Página web,Repostería,Pay de queso,3,58.47,175.41,en el lugar,True,19.0,Barra,pareja,2026-01-11,completada,2026-01-13,13:45:00,en preparación,pago en línea,pagado,344.08,55.05,399.13,,,Frecuente,True
648,1268,211,Paola Ramírez,paola.ramírez211@correo.com,2026-04-18,Presencial (mesero),Alimentos,Ensalada César,2,63.48,126.96,en el lugar,False,5.0,Salón principal,individual,,,2026-06-25,11:10:00,entregado,tarjeta,pagado,181.93,29.11,211.04,42.0,5.0,Recurrente,False
649,1268,211,Paola Ramírez,paola.ramírez211@correo.com,2026-04-18,Presencial (mesero),Café frío,Frappé de café,1,54.97,54.97,en el lugar,False,5.0,Salón principal,individual,,,2026-06-25,11:10:00,entregado,tarjeta,pagado,181.93,29.11,211.04,42.0,5.0,Recurrente,False
650,1269,148,Gabriela Gómez,gabriela.gómez148@correo.com,2025-12-27,Página web,Repostería,Croissant,3,25.15,75.45,para llevar,False,,,,,,2026-02-06,15:20:00,en preparación,pago en línea,pagado,372.02,59.52,431.54,,,Frecuente,True
651,1269,148,Gabriela Gómez,gabriela.gómez148@correo.com,2025-12-27,Página web,Bebidas calientes,Té verde,2,37.94,75.88,para llevar,False,,,,,,2026-02-06,15:20:00,en preparación,pago en línea,pagado,372.02,59.52,431.54,,,Frecuente,True
652,1269,148,Gabriela Gómez,gabriela.gómez148@correo.com,2025-12-27,Página web,Repostería,Pay de queso,2,56.36,112.72,para llevar,False,,,,,,2026-02-06,15:20:00,en preparación,pago en línea,pagado,372.02,59.52,431.54,,,Frecuente,True
653,1269,148,Gabriela Gómez,gabriela.gómez148@correo.com,2025-12-27,Página web,Bebidas frías,Limonada,3,35.99,107.97,para llevar,False,,,,,,2026-02-06,15:20:00,en preparación,pago en línea,pagado,372.02,59.52,431.54,,,Frecuente,True
654,1270,209,Estefanía Morales,estefanía.morales209@correo.com,2026-08-03,Presencial (mesero),Alimentos,Bagel con queso crema,1,67.3,67.3,para llevar,False,,,,,,2026-08-06,18:35:00,entregado,tarjeta,pagado,67.3,10.77,78.07,20.0,5.0,Frecuente,False
655,1271,39,Michelle Vázquez,michelle.vázquez39@correo.com,2026-07-22,Presencial (mostrador),Bebidas frías,Jugo de naranja,2,30.23,60.46,en el lugar,True,3.0,Barra,grupal,2026-08-09,pendiente,2026-08-09,15:15:00,entregado,tarjeta,pagado,190.39,30.46,220.85,27.0,5.0,Frecuente,False
656,1271,39,Michelle Vázquez,michelle.vázquez39@correo.com,2026-07-22,Presencial (mostrador),Café caliente,Mocaccino,1,37.75,37.75,en el lugar,True,3.0,Barra,grupal,2026-08-09,pendiente,2026-08-09,15:15:00,entregado,tarjeta,pagado,190.39,30.46,220.85,27.0,5.0,Frecuente,False
657,1271,39,Michelle Vázquez,michelle.vázquez39@correo.com,2026-07-22,Presencial (mostrador),Café frío,Frappuccino de caramelo,2,46.09,92.18,en el lugar,True,3.0,Barra,grupal,2026-08-09,pendiente,2026-08-09,15:15:00,entregado,tarjeta,pagado,190.39,30.46,220.85,27.0,5.0,Frecuente,False
658,1272,141,Regina Gómez,regina.gómez141@correo.com,2025-07-06,Página web,Bebidas frías,Jugo de naranja,3,21.72,65.16,en el lugar,True,14.0,Barra,pareja,2026-02-18,cancelada,2026-02-19,20:40:00,cancelado,pago en línea,reembolsado,163.64,26.18,189.82,,,Frecuente,True
659,1272,141,Regina Gómez,regina.gómez141@correo.com,2025-07-06,Página web,Café frío,Café helado,2,49.24,98.48,en el lugar,True,14.0,Barra,pareja,2026-02-18,cancelada,2026-02-19,20:40:00,cancelado,pago en línea,reembolsado,163.64,26.18,189.82,,,Frecuente,True
660,1273,124,Lucía Gómez,lucía.gómez124@correo.com,2025-12-12,Página web,Bebidas calientes,Chocolate caliente,2,28.99,57.98,para llevar,False,,,,,,2025-12-28,16:30:00,en preparación,pago en línea,pagado,225.77,36.12,261.89,,,Frecuente,True
661,1273,124,Lucía Gómez,lucía.gómez124@correo.com,2025-12-12,Página web,Alimentos,Ensalada César,1,72.69,72.69,para llevar,False,,,,,,2025-12-28,16:30:00,en preparación,pago en línea,pagado,225.77,36.12,261.89,,,Frecuente,True
662,1273,124,Lucía Gómez,lucía.gómez124@correo.com,2025-12-12,Página web,Café caliente,Capuchino,1,50.53,50.53,para llevar,False,,,,,,2025-12-28,16:30:00,en preparación,pago en línea,pagado,225.77,36.12,261.89,,,Frecuente,True
663,1273,124,Lucía Gómez,lucía.gómez124@correo.com,2025-12-12,Página web,Repostería,Pay de queso,1,44.57,44.57,para llevar,False,,,,,,2025-12-28,16:30:00,en preparación,pago en línea,pagado,225.77,36.12,261.89,,,Frecuente,True
664,1274,64,Jorge Díaz,jorge.díaz64@correo.com,2025-03-12,Presencial (mesero),Repostería,Pay de queso,1,59.8,59.8,en el lugar,True,10.0,Barra,individual,2025-08-13,no_show,2025-08-16,11:20:00,entregado,efectivo,pagado,59.8,9.57,69.37,31.0,4.0,Frecuente,False
665,1275,132,Camila Vázquez,camila.vázquez132@correo.com,2026-01-20,Página web,Bebidas frías,Jugo de naranja,3,20.35,61.05,para llevar,False,,,,,,2026-06-17,14:45:00,entregado,efectivo,pagado,204.07,32.65,236.72,25.0,5.0,Frecuente,True
666,1275,132,Camila Vázquez,camila.vázquez132@correo.com,2026-01-20,Página web,Repostería,Croissant,1,45.36,45.36,para llevar,False,,,,,,2026-06-17,14:45:00,entregado,efectivo,pagado,204.07,32.65,236.72,25.0,5.0,Frecuente,True
667,1275,132,Camila Vázquez,camila.vázquez132@correo.com,2026-01-20,Página web,Café frío,Café helado,2,48.83,97.66,para llevar,False,,,,,,2026-06-17,14:45:00,entregado,efectivo,pagado,204.07,32.65,236.72,25.0,5.0,Frecuente,True
668,1276,217,Carlos Romero,carlos.romero217@correo.com,2026-05-24,Presencial (mesero),Bebidas frías,Limonada,1,35.33,35.33,para llevar,False,,,,,,2026-07-09,13:50:00,entregado,transferencia,pagado,35.33,5.65,40.98,18.0,3.0,Frecuente,False
669,1277,247,Alejandro De la Cruz,alejandro.delacruz247@correo.com,2025-05-10,Presencial (mesero),Repostería,Pay de queso,3,39.42,118.26,en el lugar,True,12.0,Terraza,grupal,2026-02-10,cancelada,2026-02-12,12:25:00,entregado,transferencia,pagado,352.77,56.44,409.21,41.0,3.0,Frecuente,False
670,1277,247,Alejandro De la Cruz,alejandro.delacruz247@correo.com,2025-05-10,Presencial (mesero),Café frío,Frappé de café,3,41.54,124.62,en el lugar,True,12.0,Terraza,grupal,2026-02-10,cancelada,2026-02-12,12:25:00,entregado,transferencia,pagado,352.77,56.44,409.21,41.0,3.0,Frecuente,False
671,1277,247,Alejandro De la Cruz,alejandro.delacruz247@correo.com,2025-05-10,Presencial (mesero),Bebidas frías,Limonada,3,36.63,109.89,en el lugar,True,12.0,Terraza,grupal,2026-02-10,cancelada,2026-02-12,12:25:00,entregado,transferencia,pagado,352.77,56.44,409.21,41.0,3.0,Frecuente,False
672,1278,190,Gabriela López,gabriela.lópez190@correo.com,2026-01-28,Presencial (mostrador),Alimentos,Ensalada César,1,53.61,53.61,en el lugar,True,3.0,Terraza,individual,2026-06-13,completada,2026-06-13,18:40:00,entregado,tarjeta,pagado,104.67,16.75,121.42,17.0,5.0,Frecuente,False
673,1278,190,Gabriela López,gabriela.lópez190@correo.com,2026-01-28,Presencial (mostrador),Repostería,Concha,1,51.06,51.06,en el lugar,True,3.0,Terraza,individual,2026-06-13,completada,2026-06-13,18:40:00,entregado,tarjeta,pagado,104.67,16.75,121.42,17.0,5.0,Frecuente,False
674,1279,78,Paola Ramírez,paola.ramírez78@correo.com,2025-06-16,Página web,Café caliente,Espresso,2,48.92,97.84,para llevar,False,,,,,,2026-06-03,10:20:00,entregado,pago en línea,pagado,97.84,15.65,113.49,14.0,5.0,Frecuente,True
675,1280,212,José Cruz,josé.cruz212@correo.com,2025-10-22,Presencial (mostrador),Café caliente,Capuchino,1,46.02,46.02,para llevar,False,,,,,,2025-11-07,19:50:00,entregado,tarjeta,pagado,46.02,7.36,53.38,21.0,3.0,VIP,False
676,1281,55,Sergio De la Cruz,sergio.delacruz55@correo.com,2025-02-21,Presencial (mostrador),Repostería,Croissant,1,54.93,54.93,para llevar,False,,,,,,2025-09-13,09:50:00,listo,tarjeta,pagado,210.36,33.66,244.02,20.0,,Frecuente,False
677,1281,55,Sergio De la Cruz,sergio.delacruz55@correo.com,2025-02-21,Presencial (mostrador),Bebidas calientes,Chocolate caliente,3,35.1,105.3,para llevar,False,,,,,,2025-09-13,09:50:00,listo,tarjeta,pagado,210.36,33.66,244.02,20.0,,Frecuente,False
678,1281,55,Sergio De la Cruz,sergio.delacruz55@correo.com,2025-02-21,Presencial (mostrador),Café caliente,Espresso,1,50.13,50.13,para llevar,False,,,,,,2025-09-13,09:50:00,listo,tarjeta,pagado,210.36,33.66,244.02,20.0,,Frecuente,False
679,1282,107,Estefanía Castillo,estefanía.castillo107@correo.com,2025-11-21,Página web,Café frío,Café helado,2,64.44,128.88,en el lugar,False,17.0,Barra,pareja,,,2026-04-14,09:40:00,entregado,pago en línea,pagado,128.88,20.62,149.5,22.0,5.0,Frecuente,True
680,1283,215,María Ramírez,maría.ramírez215@correo.com,2026-01-26,Página web,Bebidas frías,Té helado,2,21.64,43.28,para llevar,False,,,,,,2026-05-10,08:25:00,entregado,pago en línea,pagado,345.57,55.29,400.86,35.0,5.0,VIP,True
681,1283,215,María Ramírez,maría.ramírez215@correo.com,2026-01-26,Página web,Alimentos,Sandwich club,1,64.24,64.24,para llevar,False,,,,,,2026-05-10,08:25:00,entregado,pago en línea,pagado,345.57,55.29,400.86,35.0,5.0,VIP,True
682,1283,215,María Ramírez,maría.ramírez215@correo.com,2026-01-26,Página web,Alimentos,Ensalada César,3,79.35,238.05,para llevar,False,,,,,,2026-05-10,08:25:00,entregado,pago en línea,pagado,345.57,55.29,400.86,35.0,5.0,VIP,True
683,1284,233,Ximena Castillo,ximena.castillo233@correo.com,2025-05-19,Presencial (mesero),Alimentos,Sandwich club,1,50.96,50.96,en el lugar,False,12.0,Salón principal,individual,,,2025-08-23,20:05:00,cancelado,tarjeta,pendiente,401.17,64.19,465.36,,,Frecuente,False
684,1284,233,Ximena Castillo,ximena.castillo233@correo.com,2025-05-19,Presencial (mesero),Alimentos,Panini de jamón y queso,2,79.75,159.5,en el lugar,False,12.0,Salón principal,individual,,,2025-08-23,20:05:00,cancelado,tarjeta,pendiente,401.17,64.19,465.36,,,Frecuente,False
685,1284,233,Ximena Castillo,ximena.castillo233@correo.com,2025-05-19,Presencial (mesero),Café caliente,Mocaccino,1,52.98,52.98,en el lugar,False,12.0,Salón principal,individual,,,2025-08-23,20:05:00,cancelado,tarjeta,pendiente,401.17,64.19,465.36,,,Frecuente,False
686,1284,233,Ximena Castillo,ximena.castillo233@correo.com,2025-05-19,Presencial (mesero),Café frío,Frappé de café,3,45.91,137.73,en el lugar,False,12.0,Salón principal,individual,,,2025-08-23,20:05:00,cancelado,tarjeta,pendiente,401.17,64.19,465.36,,,Frecuente,False
687,1285,76,Mariana De la Cruz,mariana.delacruz76@correo.com,2026-01-02,Página web,Bebidas calientes,Infusión de manzanilla,2,32.12,64.24,para llevar,False,,,,,,2026-08-06,13:05:00,entregado,pago en línea,pagado,131.94,21.11,153.05,39.0,5.0,Frecuente,True
688,1285,76,Mariana De la Cruz,mariana.delacruz76@correo.com,2026-01-02,Página web,Bebidas calientes,Infusión de manzanilla,1,44.75,44.75,para llevar,False,,,,,,2026-08-06,13:05:00,entregado,pago en línea,pagado,131.94,21.11,153.05,39.0,5.0,Frecuente,True
689,1285,76,Mariana De la Cruz,mariana.delacruz76@correo.com,2026-01-02,Página web,Bebidas frías,Agua mineral,1,22.95,22.95,para llevar,False,,,,,,2026-08-06,13:05:00,entregado,pago en línea,pagado,131.94,21.11,153.05,39.0,5.0,Frecuente,True
690,1286,72,Andrea López,andrea.lópez72@correo.com,2025-09-26,Página web,Repostería,Brownie,2,46.81,93.62,en el lugar,False,16.0,Terraza,individual,,,2026-01-22,17:10:00,entregado,pago en línea,pagado,190.2,30.43,220.63,39.0,5.0,VIP,True
691,1286,72,Andrea López,andrea.lópez72@correo.com,2025-09-26,Página web,Café caliente,Mocaccino,2,48.29,96.58,en el lugar,False,16.0,Terraza,individual,,,2026-01-22,17:10:00,entregado,pago en línea,pagado,190.2,30.43,220.63,39.0,5.0,VIP,True
692,1287,227,José Torres,josé.torres227@correo.com,2026-07-04,Página web,Repostería,Pay de queso,2,40.49,80.98,en el lugar,False,1.0,Terraza,pareja,,,2026-08-04,15:20:00,en preparación,pago en línea,pagado,360.54,57.69,418.23,,,VIP,True
693,1287,227,José Torres,josé.torres227@correo.com,2026-07-04,Página web,Café caliente,Espresso,3,32.78,98.34,en el lugar,False,1.0,Terraza,pareja,,,2026-08-04,15:20:00,en preparación,pago en línea,pagado,360.54,57.69,418.23,,,VIP,True
694,1287,227,José Torres,josé.torres227@correo.com,2026-07-04,Página web,Bebidas calientes,Té verde,2,42.69,85.38,en el lugar,False,1.0,Terraza,pareja,,,2026-08-04,15:20:00,en preparación,pago en línea,pagado,360.54,57.69,418.23,,,VIP,True
695,1287,227,José Torres,josé.torres227@correo.com,2026-07-04,Página web,Café frío,Frappuccino de caramelo,2,47.92,95.84,en el lugar,False,1.0,Terraza,pareja,,,2026-08-04,15:20:00,en preparación,pago en línea,pagado,360.54,57.69,418.23,,,VIP,True
696,1288,63,María Martínez,maría.martínez63@correo.com,2026-07-05,Página web,Repostería,Pay de queso,2,45.69,91.38,en el lugar,False,16.0,Barra,grupal,,,2026-07-12,16:50:00,en preparación,pago en línea,pagado,407.15,65.14,472.29,,,Frecuente,True
697,1288,63,María Martínez,maría.martínez63@correo.com,2026-07-05,Página web,Alimentos,Ensalada César,2,83.32,166.64,en el lugar,False,16.0,Barra,grupal,,,2026-07-12,16:50:00,en preparación,pago en línea,pagado,407.15,65.14,472.29,,,Frecuente,True
698,1288,63,María Martínez,maría.martínez63@correo.com,2026-07-05,Página web,Repostería,Muffin de arándano,3,27.15,81.45,en el lugar,False,16.0,Barra,grupal,,,2026-07-12,16:50:00,en preparación,pago en línea,pagado,407.15,65.14,472.29,,,Frecuente,True
699,1288,63,María Martínez,maría.martínez63@correo.com,2026-07-05,Página web,Bebidas frías,Té helado,3,22.56,67.68,en el lugar,False,16.0,Barra,grupal,,,2026-07-12,16:50:00,en preparación,pago en línea,pagado,407.15,65.14,472.29,,,Frecuente,True
700,1289,116,Michelle Vázquez,michelle.vázquez116@correo.com,2026-01-25,Página web,Café caliente,Mocaccino,1,34.59,34.59,para llevar,False,,,,,,2026-01-31,19:50:00,entregado,pago en línea,pagado,182.53,29.2,211.73,28.0,5.0,Frecuente,True
701,1289,116,Michelle Vázquez,michelle.vázquez116@correo.com,2026-01-25,Página web,Café frío,Café helado,2,52.78,105.56,para llevar,False,,,,,,2026-01-31,19:50:00,entregado,pago en línea,pagado,182.53,29.2,211.73,28.0,5.0,Frecuente,True
702,1289,116,Michelle Vázquez,michelle.vázquez116@correo.com,2026-01-25,Página web,Bebidas calientes,Té chai,1,42.38,42.38,para llevar,False,,,,,,2026-01-31,19:50:00,entregado,pago en línea,pagado,182.53,29.2,211.73,28.0,5.0,Frecuente,True
703,1290,186,Ximena Pérez,ximena.pérez186@correo.com,2025-11-15,Presencial (mesero),Alimentos,Panini de jamón y queso,3,61.12,183.36,en el lugar,False,9.0,Terraza,grupal,,,2025-12-04,14:50:00,entregado,efectivo,pagado,338.9,54.22,393.12,27.0,5.0,Frecuente,False
704,1290,186,Ximena Pérez,ximena.pérez186@correo.com,2025-11-15,Presencial (mesero),Café caliente,Latte,3,30.7,92.1,en el lugar,False,9.0,Terraza,grupal,,,2025-12-04,14:50:00,entregado,efectivo,pagado,338.9,54.22,393.12,27.0,5.0,Frecuente,False
705,1290,186,Ximena Pérez,ximena.pérez186@correo.com,2025-11-15,Presencial (mesero),Bebidas calientes,Chocolate caliente,2,31.72,63.44,en el lugar,False,9.0,Terraza,grupal,,,2025-12-04,14:50:00,entregado,efectivo,pagado,338.9,54.22,393.12,27.0,5.0,Frecuente,False
706,1291,95,Sofía Castillo,sofía.castillo95@correo.com,2025-01-01,Presencial (mostrador),Café frío,Frappé de café,2,56.53,113.06,en el lugar,False,18.0,Salón principal,pareja,,,2026-01-08,13:15:00,entregado,tarjeta,pagado,336.44,53.83,390.27,27.0,4.0,Frecuente,False
707,1291,95,Sofía Castillo,sofía.castillo95@correo.com,2025-01-01,Presencial (mostrador),Bebidas frías,Té helado,1,31.84,31.84,en el lugar,False,18.0,Salón principal,pareja,,,2026-01-08,13:15:00,entregado,tarjeta,pagado,336.44,53.83,390.27,27.0,4.0,Frecuente,False
708,1291,95,Sofía Castillo,sofía.castillo95@correo.com,2025-01-01,Presencial (mostrador),Repostería,Concha,3,44.82,134.46,en el lugar,False,18.0,Salón principal,pareja,,,2026-01-08,13:15:00,entregado,tarjeta,pagado,336.44,53.83,390.27,27.0,4.0,Frecuente,False
709,1291,95,Sofía Castillo,sofía.castillo95@correo.com,2025-01-01,Presencial (mostrador),Bebidas frías,Refresco de cola,2,28.54,57.08,en el lugar,False,18.0,Salón principal,pareja,,,2026-01-08,13:15:00,entregado,tarjeta,pagado,336.44,53.83,390.27,27.0,4.0,Frecuente,False
710,1292,79,Raúl Hernández,raúl.hernández79@correo.com,2025-07-03,Página web,Café caliente,Mocaccino,3,46.99,140.97,para llevar,False,,,,,,2026-02-09,17:40:00,entregado,pago en línea,pagado,223.75,35.8,259.55,42.0,5.0,VIP,True
711,1292,79,Raúl Hernández,raúl.hernández79@correo.com,2025-07-03,Página web,Café frío,Frappuccino de caramelo,2,41.39,82.78,para llevar,False,,,,,,2026-02-09,17:40:00,entregado,pago en línea,pagado,223.75,35.8,259.55,42.0,5.0,VIP,True
712,1293,236,Raúl Torres,raúl.torres236@correo.com,2025-02-03,Presencial (mostrador),Alimentos,Ensalada César,3,86.19,258.57,en el lugar,True,5.0,Salón principal,individual,2026-04-21,cancelada,2026-04-23,16:55:00,entregado,efectivo,pagado,288.7,46.19,334.89,15.0,5.0,VIP,False
713,1293,236,Raúl Torres,raúl.torres236@correo.com,2025-02-03,Presencial (mostrador),Bebidas calientes,Chocolate caliente,1,30.13,30.13,en el lugar,True,5.0,Salón principal,individual,2026-04-21,cancelada,2026-04-23,16:55:00,entregado,efectivo,pagado,288.7,46.19,334.89,15.0,5.0,VIP,False
714,1294,12,Diego Flores,diego.flores12@correo.com,2025-03-23,Página web,Bebidas calientes,Chocolate caliente,1,37.89,37.89,en el lugar,True,18.0,Barra,pareja,2025-08-23,completada,2025-08-23,10:00:00,entregado,pago en línea,pagado,273.76,43.8,317.56,12.0,5.0,Frecuente,True
715,1294,12,Diego Flores,diego.flores12@correo.com,2025-03-23,Página web,Café caliente,Mocaccino,2,41.12,82.24,en el lugar,True,18.0,Barra,pareja,2025-08-23,completada,2025-08-23,10:00:00,entregado,pago en línea,pagado,273.76,43.8,317.56,12.0,5.0,Frecuente,True
716,1294,12,Diego Flores,diego.flores12@correo.com,2025-03-23,Página web,Café caliente,Espresso,3,51.21,153.63,en el lugar,True,18.0,Barra,pareja,2025-08-23,completada,2025-08-23,10:00:00,entregado,pago en línea,pagado,273.76,43.8,317.56,12.0,5.0,Frecuente,True
717,1295,98,Ricardo Martínez,ricardo.martínez98@correo.com,2025-10-18,Presencial (mostrador),Café frío,Frappé de café,3,52.13,156.39,para llevar,False,,,,,,2026-05-14,12:50:00,en preparación,transferencia,pagado,247.71,39.63,287.34,,,VIP,False
718,1295,98,Ricardo Martínez,ricardo.martínez98@correo.com,2025-10-18,Presencial (mostrador),Bebidas frías,Té helado,3,30.44,91.32,para llevar,False,,,,,,2026-05-14,12:50:00,en preparación,transferencia,pagado,247.71,39.63,287.34,,,VIP,False
719,1296,11,Mariana Vázquez,mariana.vázquez11@correo.com,2025-07-16,Página web,Bebidas calientes,Chocolate caliente,3,43.71,131.13,para llevar,False,,,,,,2025-11-21,14:05:00,listo,pago en línea,pagado,379.03,60.64,439.67,28.0,,Frecuente,True
720,1296,11,Mariana Vázquez,mariana.vázquez11@correo.com,2025-07-16,Página web,Café frío,Cold brew,2,38.2,76.4,para llevar,False,,,,,,2025-11-21,14:05:00,listo,pago en línea,pagado,379.03,60.64,439.67,28.0,,Frecuente,True
721,1296,11,Mariana Vázquez,mariana.vázquez11@correo.com,2025-07-16,Página web,Café frío,Café helado,3,48.18,144.54,para llevar,False,,,,,,2025-11-21,14:05:00,listo,pago en línea,pagado,379.03,60.64,439.67,28.0,,Frecuente,True
722,1296,11,Mariana Vázquez,mariana.vázquez11@correo.com,2025-07-16,Página web,Repostería,Brownie,1,26.96,26.96,para llevar,False,,,,,,2025-11-21,14:05:00,listo,pago en línea,pagado,379.03,60.64,439.67,28.0,,Frecuente,True
723,1297,10,Adrián Martínez,adrián.martínez10@correo.com,2026-07-20,Página web,Bebidas calientes,Té chai,3,41.83,125.49,en el lugar,False,5.0,Zona de estudio,pareja,,,2026-08-06,13:35:00,listo,pago en línea,pagado,125.49,20.08,145.57,11.0,,Frecuente,True
724,1298,17,Gabriela Ramírez,gabriela.ramírez17@correo.com,2025-11-29,Página web,Repostería,Concha,3,57.77,173.31,en el lugar,False,4.0,Salón principal,pareja,,,2026-03-31,11:40:00,entregado,tarjeta,pagado,309.87,49.58,359.45,13.0,5.0,Frecuente,True
725,1298,17,Gabriela Ramírez,gabriela.ramírez17@correo.com,2025-11-29,Página web,Café frío,Café helado,2,41.31,82.62,en el lugar,False,4.0,Salón principal,pareja,,,2026-03-31,11:40:00,entregado,tarjeta,pagado,309.87,49.58,359.45,13.0,5.0,Frecuente,True
726,1298,17,Gabriela Ramírez,gabriela.ramírez17@correo.com,2025-11-29,Página web,Café frío,Frappuccino de caramelo,1,53.94,53.94,en el lugar,False,4.0,Salón principal,pareja,,,2026-03-31,11:40:00,entregado,tarjeta,pagado,309.87,49.58,359.45,13.0,5.0,Frecuente,True
727,1299,4,Diego Jiménez,diego.jiménez4@correo.com,2025-01-28,Página web,Bebidas frías,Jugo de naranja,1,34.76,34.76,en el lugar,False,4.0,Salón principal,grupal,,,2026-06-15,14:55:00,entregado,pago en línea,pagado,409.38,65.5,474.88,15.0,4.0,VIP,True
728,1299,4,Diego Jiménez,diego.jiménez4@correo.com,2025-01-28,Página web,Alimentos,Sandwich club,3,83.1,249.3,en el lugar,False,4.0,Salón principal,grupal,,,2026-06-15,14:55:00,entregado,pago en línea,pagado,409.38,65.5,474.88,15.0,4.0,VIP,True
729,1299,4,Diego Jiménez,diego.jiménez4@correo.com,2025-01-28,Página web,Bebidas calientes,Chocolate caliente,2,37.6,75.2,en el lugar,False,4.0,Salón principal,grupal,,,2026-06-15,14:55:00,entregado,pago en línea,pagado,409.38,65.5,474.88,15.0,4.0,VIP,True
730,1299,4,Diego Jiménez,diego.jiménez4@correo.com,2025-01-28,Página web,Bebidas calientes,Chocolate caliente,2,25.06,50.12,en el lugar,False,4.0,Salón principal,grupal,,,2026-06-15,14:55:00,entregado,pago en línea,pagado,409.38,65.5,474.88,15.0,4.0,VIP,True
731,1300,199,Yuleni López,yuleni.lópez199@correo.com,2026-05-30,Presencial (mostrador),Repostería,Croissant,2,49.06,98.12,en el lugar,False,5.0,Barra,pareja,,,2026-06-19,10:40:00,entregado,transferencia,pagado,162.02,25.92,187.94,32.0,5.0,VIP,False
732,1300,199,Yuleni López,yuleni.lópez199@correo.com,2026-05-30,Presencial (mostrador),Repostería,Muffin de arándano,2,31.95,63.9,en el lugar,False,5.0,Barra,pareja,,,2026-06-19,10:40:00,entregado,transferencia,pagado,162.02,25.92,187.94,32.0,5.0,VIP,False
733,1301,250,Diego Romero,diego.romero250@correo.com,2025-02-14,Presencial (mesero),Alimentos,Panini de jamón y queso,1,75.02,75.02,en el lugar,False,3.0,Barra,individual,,,2025-10-01,07:00:00,entregado,efectivo,pagado,75.02,12.0,87.02,31.0,5.0,VIP,False
734,1302,203,Andrea Castillo,andrea.castillo203@correo.com,2026-01-25,Página web,Repostería,Dona glaseada,2,42.3,84.6,en el lugar,False,15.0,Barra,individual,,,2026-03-09,16:05:00,entregado,pago en línea,pagado,386.37,61.82,448.19,19.0,5.0,Frecuente,True
735,1302,203,Andrea Castillo,andrea.castillo203@correo.com,2026-01-25,Página web,Café frío,Frappuccino de caramelo,3,60.69,182.07,en el lugar,False,15.0,Barra,individual,,,2026-03-09,16:05:00,entregado,pago en línea,pagado,386.37,61.82,448.19,19.0,5.0,Frecuente,True
736,1302,203,Andrea Castillo,andrea.castillo203@correo.com,2026-01-25,Página web,Bebidas frías,Limonada,3,39.9,119.7,en el lugar,False,15.0,Barra,individual,,,2026-03-09,16:05:00,entregado,pago en línea,pagado,386.37,61.82,448.19,19.0,5.0,Frecuente,True
737,1303,236,Raúl Torres,raúl.torres236@correo.com,2025-02-03,Página web,Bebidas calientes,Chocolate caliente,1,39.27,39.27,en el lugar,True,15.0,Salón principal,pareja,2026-03-25,completada,2026-03-28,19:10:00,entregado,transferencia,pagado,286.34,45.81,332.15,10.0,2.0,VIP,True
738,1303,236,Raúl Torres,raúl.torres236@correo.com,2025-02-03,Página web,Bebidas calientes,Infusión de manzanilla,2,39.72,79.44,en el lugar,True,15.0,Salón principal,pareja,2026-03-25,completada,2026-03-28,19:10:00,entregado,transferencia,pagado,286.34,45.81,332.15,10.0,2.0,VIP,True
739,1303,236,Raúl Torres,raúl.torres236@correo.com,2025-02-03,Página web,Repostería,Concha,2,28.33,56.66,en el lugar,True,15.0,Salón principal,pareja,2026-03-25,completada,2026-03-28,19:10:00,entregado,transferencia,pagado,286.34,45.81,332.15,10.0,2.0,VIP,True
740,1303,236,Raúl Torres,raúl.torres236@correo.com,2025-02-03,Página web,Café caliente,Espresso,3,36.99,110.97,en el lugar,True,15.0,Salón principal,pareja,2026-03-25,completada,2026-03-28,19:10:00,entregado,transferencia,pagado,286.34,45.81,332.15,10.0,2.0,VIP,True
741,1304,19,Sergio Sánchez,sergio.sánchez19@correo.com,2026-05-27,Página web,Bebidas frías,Limonada,3,25.21,75.63,para llevar,False,,,,,,2026-05-27,11:40:00,entregado,pago en línea,pagado,75.63,12.1,87.73,29.0,4.0,Frecuente,True
742,1305,201,Paola Morales,paola.morales201@correo.com,2025-06-08,Página web,Repostería,Muffin de arándano,3,46.45,139.35,en el lugar,True,4.0,Zona de estudio,individual,2026-02-01,completada,2026-02-02,09:05:00,cancelado,pago en línea,reembolsado,434.23,69.48,503.71,,,Frecuente,True
743,1305,201,Paola Morales,paola.morales201@correo.com,2025-06-08,Página web,Repostería,Brownie,3,35.96,107.88,en el lugar,True,4.0,Zona de estudio,individual,2026-02-01,completada,2026-02-02,09:05:00,cancelado,pago en línea,reembolsado,434.23,69.48,503.71,,,Frecuente,True
744,1305,201,Paola Morales,paola.morales201@correo.com,2025-06-08,Página web,Café frío,Café helado,2,57.11,114.22,en el lugar,True,4.0,Zona de estudio,individual,2026-02-01,completada,2026-02-02,09:05:00,cancelado,pago en línea,reembolsado,434.23,69.48,503.71,,,Frecuente,True
745,1305,201,Paola Morales,paola.morales201@correo.com,2025-06-08,Página web,Alimentos,Bagel con queso crema,1,72.78,72.78,en el lugar,True,4.0,Zona de estudio,individual,2026-02-01,completada,2026-02-02,09:05:00,cancelado,pago en línea,reembolsado,434.23,69.48,503.71,,,Frecuente,True
746,1306,111,Ana Flores,ana.flores111@correo.com,2025-08-29,Página web,Café caliente,Latte,1,29.1,29.1,para llevar,False,,,,,,2025-12-03,09:00:00,entregado,pago en línea,pagado,202.44,32.39,234.83,40.0,3.0,Frecuente,True
747,1306,111,Ana Flores,ana.flores111@correo.com,2025-08-29,Página web,Repostería,Dona glaseada,1,44.63,44.63,para llevar,False,,,,,,2025-12-03,09:00:00,entregado,pago en línea,pagado,202.44,32.39,234.83,40.0,3.0,Frecuente,True
748,1306,111,Ana Flores,ana.flores111@correo.com,2025-08-29,Página web,Alimentos,Panini de jamón y queso,2,50.62,101.24,para llevar,False,,,,,,2025-12-03,09:00:00,entregado,pago en línea,pagado,202.44,32.39,234.83,40.0,3.0,Frecuente,True
749,1306,111,Ana Flores,ana.flores111@correo.com,2025-08-29,Página web,Bebidas calientes,Chocolate caliente,1,27.47,27.47,para llevar,False,,,,,,2025-12-03,09:00:00,entregado,pago en línea,pagado,202.44,32.39,234.83,40.0,3.0,Frecuente,True
750,1307,113,Diego Reyes,diego.reyes113@correo.com,2025-06-06,Presencial (mesero),Bebidas calientes,Té chai,1,42.75,42.75,en el lugar,False,1.0,Salón principal,pareja,,,2026-08-01,11:45:00,en preparación,efectivo,pagado,195.51,31.28,226.79,,,Frecuente,False
751,1307,113,Diego Reyes,diego.reyes113@correo.com,2025-06-06,Presencial (mesero),Café caliente,Capuchino,1,46.4,46.4,en el lugar,False,1.0,Salón principal,pareja,,,2026-08-01,11:45:00,en preparación,efectivo,pagado,195.51,31.28,226.79,,,Frecuente,False
752,1307,113,Diego Reyes,diego.reyes113@correo.com,2025-06-06,Presencial (mesero),Bebidas calientes,Té chai,1,32.88,32.88,en el lugar,False,1.0,Salón principal,pareja,,,2026-08-01,11:45:00,en preparación,efectivo,pagado,195.51,31.28,226.79,,,Frecuente,False
753,1307,113,Diego Reyes,diego.reyes113@correo.com,2025-06-06,Presencial (mesero),Bebidas frías,Té helado,2,36.74,73.48,en el lugar,False,1.0,Salón principal,pareja,,,2026-08-01,11:45:00,en preparación,efectivo,pagado,195.51,31.28,226.79,,,Frecuente,False
754,1308,11,Mariana Vázquez,mariana.vázquez11@correo.com,2025-07-16,Página web,Café frío,Frappé de café,3,59.05,177.15,en el lugar,False,1.0,Zona de estudio,individual,,,2026-07-13,17:35:00,entregado,tarjeta,pagado,230.09,36.81,266.9,32.0,4.0,Frecuente,True
755,1308,11,Mariana Vázquez,mariana.vázquez11@correo.com,2025-07-16,Página web,Repostería,Muffin de arándano,1,52.94,52.94,en el lugar,False,1.0,Zona de estudio,individual,,,2026-07-13,17:35:00,entregado,tarjeta,pagado,230.09,36.81,266.9,32.0,4.0,Frecuente,True
756,1309,107,Estefanía Castillo,estefanía.castillo107@correo.com,2025-11-21,Página web,Bebidas calientes,Chocolate caliente,2,27.41,54.82,en el lugar,False,3.0,Terraza,individual,,,2026-01-07,13:20:00,entregado,pago en línea,pagado,346.31,55.41,401.72,40.0,3.0,Frecuente,True
757,1309,107,Estefanía Castillo,estefanía.castillo107@correo.com,2025-11-21,Página web,Alimentos,Panini de jamón y queso,3,81.79,245.37,en el lugar,False,3.0,Terraza,individual,,,2026-01-07,13:20:00,entregado,pago en línea,pagado,346.31,55.41,401.72,40.0,3.0,Frecuente,True
758,1309,107,Estefanía Castillo,estefanía.castillo107@correo.com,2025-11-21,Página web,Repostería,Dona glaseada,1,46.12,46.12,en el lugar,False,3.0,Terraza,individual,,,2026-01-07,13:20:00,entregado,pago en línea,pagado,346.31,55.41,401.72,40.0,3.0,Frecuente,True
759,1310,108,Hugo Morales,hugo.morales108@correo.com,2026-07-16,Presencial (mesero),Alimentos,Ensalada César,2,75.69,151.38,para llevar,False,,,,,,2026-07-28,14:35:00,entregado,tarjeta,pagado,151.38,24.22,175.6,13.0,4.0,Recurrente,False
760,1311,113,Diego Reyes,diego.reyes113@correo.com,2025-06-06,Presencial (mesero),Repostería,Pay de queso,2,40.31,80.62,en el lugar,False,5.0,Barra,grupal,,,2025-06-26,15:25:00,entregado,transferencia,pagado,80.62,12.9,93.52,16.0,5.0,Frecuente,False
761,1312,117,Julián Flores,julián.flores117@correo.com,2026-02-04,Página web,Bebidas frías,Té helado,2,30.21,60.42,para llevar,False,,,,,,2026-07-29,11:15:00,entregado,pago en línea,pagado,60.42,9.67,70.09,44.0,5.0,Frecuente,True
762,1313,173,Karla Gómez,karla.gómez173@correo.com,2025-09-14,Presencial (mostrador),Repostería,Brownie,1,50.34,50.34,en el lugar,True,15.0,Salón principal,individual,2026-01-18,completada,2026-01-21,12:20:00,entregado,transferencia,pagado,146.66,23.47,170.13,24.0,5.0,Frecuente,False
763,1313,173,Karla Gómez,karla.gómez173@correo.com,2025-09-14,Presencial (mostrador),Bebidas calientes,Infusión de manzanilla,1,37.48,37.48,en el lugar,True,15.0,Salón principal,individual,2026-01-18,completada,2026-01-21,12:20:00,entregado,transferencia,pagado,146.66,23.47,170.13,24.0,5.0,Frecuente,False
764,1313,173,Karla Gómez,karla.gómez173@correo.com,2025-09-14,Presencial (mostrador),Repostería,Muffin de arándano,1,58.84,58.84,en el lugar,True,15.0,Salón principal,individual,2026-01-18,completada,2026-01-21,12:20:00,entregado,transferencia,pagado,146.66,23.47,170.13,24.0,5.0,Frecuente,False
765,1314,178,María Pérez,maría.pérez178@correo.com,2025-12-04,Página web,Bebidas calientes,Infusión de manzanilla,1,42.38,42.38,para llevar,False,,,,,,2026-01-27,13:40:00,entregado,pago en línea,pagado,148.34,23.73,172.07,9.0,5.0,Frecuente,True
766,1314,178,María Pérez,maría.pérez178@correo.com,2025-12-04,Página web,Bebidas calientes,Infusión de manzanilla,1,31.06,31.06,para llevar,False,,,,,,2026-01-27,13:40:00,entregado,pago en línea,pagado,148.34,23.73,172.07,9.0,5.0,Frecuente,True
767,1314,178,María Pérez,maría.pérez178@correo.com,2025-12-04,Página web,Bebidas frías,Agua mineral,1,33.81,33.81,para llevar,False,,,,,,2026-01-27,13:40:00,entregado,pago en línea,pagado,148.34,23.73,172.07,9.0,5.0,Frecuente,True
768,1314,178,María Pérez,maría.pérez178@correo.com,2025-12-04,Página web,Bebidas calientes,Infusión de manzanilla,1,41.09,41.09,para llevar,False,,,,,,2026-01-27,13:40:00,entregado,pago en línea,pagado,148.34,23.73,172.07,9.0,5.0,Frecuente,True
769,1315,32,Camila Ramírez,camila.ramírez32@correo.com,2025-03-01,Página web,Alimentos,Sandwich club,3,50.82,152.46,en el lugar,False,14.0,Salón principal,individual,,,2025-09-09,20:00:00,entregado,pago en línea,pagado,416.35,66.62,482.97,35.0,5.0,VIP,True
770,1315,32,Camila Ramírez,camila.ramírez32@correo.com,2025-03-01,Página web,Café frío,Frappuccino de caramelo,2,63.92,127.84,en el lugar,False,14.0,Salón principal,individual,,,2025-09-09,20:00:00,entregado,pago en línea,pagado,416.35,66.62,482.97,35.0,5.0,VIP,True
771,1315,32,Camila Ramírez,camila.ramírez32@correo.com,2025-03-01,Página web,Alimentos,Sandwich club,1,87.99,87.99,en el lugar,False,14.0,Salón principal,individual,,,2025-09-09,20:00:00,entregado,pago en línea,pagado,416.35,66.62,482.97,35.0,5.0,VIP,True
772,1315,32,Camila Ramírez,camila.ramírez32@correo.com,2025-03-01,Página web,Bebidas frías,Limonada,2,24.03,48.06,en el lugar,False,14.0,Salón principal,individual,,,2025-09-09,20:00:00,entregado,pago en línea,pagado,416.35,66.62,482.97,35.0,5.0,VIP,True
773,1316,49,Pablo Hernández,pablo.hernández49@correo.com,2025-04-06,Presencial (mesero),Café frío,Frappé de café,3,50.85,152.55,en el lugar,False,10.0,Terraza,pareja,,,2025-11-04,20:35:00,entregado,transferencia,pagado,586.29,93.81,680.1,18.0,5.0,VIP,False
774,1316,49,Pablo Hernández,pablo.hernández49@correo.com,2025-04-06,Presencial (mesero),Alimentos,Ensalada César,2,72.66,145.32,en el lugar,False,10.0,Terraza,pareja,,,2025-11-04,20:35:00,entregado,transferencia,pagado,586.29,93.81,680.1,18.0,5.0,VIP,False
775,1316,49,Pablo Hernández,pablo.hernández49@correo.com,2025-04-06,Presencial (mesero),Repostería,Dona glaseada,2,39.6,79.2,en el lugar,False,10.0,Terraza,pareja,,,2025-11-04,20:35:00,entregado,transferencia,pagado,586.29,93.81,680.1,18.0,5.0,VIP,False
776,1316,49,Pablo Hernández,pablo.hernández49@correo.com,2025-04-06,Presencial (mesero),Alimentos,Sandwich club,3,69.74,209.22,en el lugar,False,10.0,Terraza,pareja,,,2025-11-04,20:35:00,entregado,transferencia,pagado,586.29,93.81,680.1,18.0,5.0,VIP,False
777,1317,45,Carlos García,carlos.garcía45@correo.com,2025-03-04,Presencial (mostrador),Bebidas frías,Refresco de cola,1,22.62,22.62,para llevar,False,,,,,,2025-12-23,18:15:00,entregado,transferencia,pagado,257.12,41.14,298.26,13.0,5.0,VIP,False
778,1317,45,Carlos García,carlos.garcía45@correo.com,2025-03-04,Presencial (mostrador),Repostería,Dona glaseada,3,49.9,149.7,para llevar,False,,,,,,2025-12-23,18:15:00,entregado,transferencia,pagado,257.12,41.14,298.26,13.0,5.0,VIP,False
779,1317,45,Carlos García,carlos.garcía45@correo.com,2025-03-04,Presencial (mostrador),Alimentos,Ensalada César,1,84.8,84.8,para llevar,False,,,,,,2025-12-23,18:15:00,entregado,transferencia,pagado,257.12,41.14,298.26,13.0,5.0,VIP,False
780,1318,67,Gabriela Flores,gabriela.flores67@correo.com,2025-04-17,Página web,Repostería,Croissant,2,32.33,64.66,para llevar,False,,,,,,2026-03-24,14:10:00,entregado,pago en línea,pagado,366.33,58.61,424.94,43.0,5.0,Frecuente,True
781,1318,67,Gabriela Flores,gabriela.flores67@correo.com,2025-04-17,Página web,Café caliente,Espresso,2,37.69,75.38,para llevar,False,,,,,,2026-03-24,14:10:00,entregado,pago en línea,pagado,366.33,58.61,424.94,43.0,5.0,Frecuente,True
782,1318,67,Gabriela Flores,gabriela.flores67@correo.com,2025-04-17,Página web,Repostería,Muffin de arándano,1,48.69,48.69,para llevar,False,,,,,,2026-03-24,14:10:00,entregado,pago en línea,pagado,366.33,58.61,424.94,43.0,5.0,Frecuente,True
783,1318,67,Gabriela Flores,gabriela.flores67@correo.com,2025-04-17,Página web,Café frío,Frappé de café,3,59.2,177.6,para llevar,False,,,,,,2026-03-24,14:10:00,entregado,pago en línea,pagado,366.33,58.61,424.94,43.0,5.0,Frecuente,True
784,1319,89,Hugo García,hugo.garcía89@correo.com,2026-01-30,Presencial (mesero),Bebidas calientes,Té chai,2,43.53,87.06,en el lugar,False,18.0,Zona de estudio,individual,,,2026-03-28,14:20:00,en preparación,transferencia,pagado,87.06,13.93,100.99,,,VIP,False
785,1320,92,Camila Jiménez,camila.jiménez92@correo.com,2025-11-13,Presencial (mesero),Café frío,Café helado,2,39.71,79.42,en el lugar,False,4.0,Terraza,grupal,,,2026-07-05,20:05:00,entregado,transferencia,pagado,79.42,12.71,92.13,40.0,4.0,Frecuente,False
786,1321,115,Raúl De la Cruz,raúl.delacruz115@correo.com,2025-07-31,Página web,Alimentos,Panini de jamón y queso,2,83.46,166.92,para llevar,False,,,,,,2026-04-12,18:05:00,listo,pago en línea,pagado,268.0,42.88,310.88,26.0,,Frecuente,True
787,1321,115,Raúl De la Cruz,raúl.delacruz115@correo.com,2025-07-31,Página web,Café caliente,Americano,2,50.54,101.08,para llevar,False,,,,,,2026-04-12,18:05:00,listo,pago en línea,pagado,268.0,42.88,310.88,26.0,,Frecuente,True
788,1322,143,Estefanía Sánchez,estefanía.sánchez143@correo.com,2025-03-29,Página web,Alimentos,Ensalada César,1,92.19,92.19,en el lugar,True,8.0,Salón principal,grupal,2025-12-09,cancelada,2025-12-12,09:05:00,entregado,pago en línea,pagado,404.65,64.74,469.39,17.0,3.0,VIP,True
789,1322,143,Estefanía Sánchez,estefanía.sánchez143@correo.com,2025-03-29,Página web,Alimentos,Bagel con queso crema,2,83.51,167.02,en el lugar,True,8.0,Salón principal,grupal,2025-12-09,cancelada,2025-12-12,09:05:00,entregado,pago en línea,pagado,404.65,64.74,469.39,17.0,3.0,VIP,True
790,1322,143,Estefanía Sánchez,estefanía.sánchez143@correo.com,2025-03-29,Página web,Bebidas calientes,Té chai,1,26.7,26.7,en el lugar,True,8.0,Salón principal,grupal,2025-12-09,cancelada,2025-12-12,09:05:00,entregado,pago en línea,pagado,404.65,64.74,469.39,17.0,3.0,VIP,True
791,1322,143,Estefanía Sánchez,estefanía.sánchez143@correo.com,2025-03-29,Página web,Repostería,Pay de queso,2,59.37,118.74,en el lugar,True,8.0,Salón principal,grupal,2025-12-09,cancelada,2025-12-12,09:05:00,entregado,pago en línea,pagado,404.65,64.74,469.39,17.0,3.0,VIP,True
792,1323,87,Alejandro Pérez,alejandro.pérez87@correo.com,2026-08-18,Presencial (mostrador),Repostería,Concha,1,53.95,53.95,en el lugar,False,14.0,Barra,grupal,,,2026-08-18,17:55:00,listo,tarjeta,pagado,270.94,43.35,314.29,36.0,,Frecuente,False
793,1323,87,Alejandro Pérez,alejandro.pérez87@correo.com,2026-08-18,Presencial (mostrador),Bebidas frías,Jugo de naranja,3,38.41,115.23,en el lugar,False,14.0,Barra,grupal,,,2026-08-18,17:55:00,listo,tarjeta,pagado,270.94,43.35,314.29,36.0,,Frecuente,False
794,1323,87,Alejandro Pérez,alejandro.pérez87@correo.com,2026-08-18,Presencial (mostrador),Bebidas calientes,Infusión de manzanilla,3,33.92,101.76,en el lugar,False,14.0,Barra,grupal,,,2026-08-18,17:55:00,listo,tarjeta,pagado,270.94,43.35,314.29,36.0,,Frecuente,False
795,1324,166,Raúl Cruz,raúl.cruz166@correo.com,2026-04-27,Página web,Alimentos,Bagel con queso crema,2,71.02,142.04,para llevar,False,,,,,,2026-07-25,12:50:00,entregado,pago en línea,pagado,241.1,38.58,279.68,42.0,5.0,VIP,True
796,1324,166,Raúl Cruz,raúl.cruz166@correo.com,2026-04-27,Página web,Bebidas frías,Agua mineral,3,24.27,72.81,para llevar,False,,,,,,2026-07-25,12:50:00,entregado,pago en línea,pagado,241.1,38.58,279.68,42.0,5.0,VIP,True
797,1324,166,Raúl Cruz,raúl.cruz166@correo.com,2026-04-27,Página web,Bebidas frías,Jugo de naranja,1,26.25,26.25,para llevar,False,,,,,,2026-07-25,12:50:00,entregado,pago en línea,pagado,241.1,38.58,279.68,42.0,5.0,VIP,True
798,1325,70,Alejandro Jiménez,alejandro.jiménez70@correo.com,2026-05-16,Presencial (mostrador),Bebidas calientes,Té chai,2,41.83,83.66,para llevar,False,,,,,,2026-07-30,11:15:00,entregado,transferencia,pagado,83.66,13.39,97.05,30.0,4.0,Frecuente,False
799,1326,143,Estefanía Sánchez,estefanía.sánchez143@correo.com,2025-03-29,Presencial (mesero),Repostería,Croissant,3,53.19,159.57,para llevar,False,,,,,,2025-05-31,07:50:00,entregado,efectivo,pagado,410.94,65.75,476.69,41.0,4.0,VIP,False
800,1326,143,Estefanía Sánchez,estefanía.sánchez143@correo.com,2025-03-29,Presencial (mesero),Bebidas frías,Jugo de naranja,3,34.29,102.87,para llevar,False,,,,,,2025-05-31,07:50:00,entregado,efectivo,pagado,410.94,65.75,476.69,41.0,4.0,VIP,False
801,1326,143,Estefanía Sánchez,estefanía.sánchez143@correo.com,2025-03-29,Presencial (mesero),Bebidas calientes,Chocolate caliente,3,32.01,96.03,para llevar,False,,,,,,2025-05-31,07:50:00,entregado,efectivo,pagado,410.94,65.75,476.69,41.0,4.0,VIP,False
802,1326,143,Estefanía Sánchez,estefanía.sánchez143@correo.com,2025-03-29,Presencial (mesero),Repostería,Dona glaseada,1,52.47,52.47,para llevar,False,,,,,,2025-05-31,07:50:00,entregado,efectivo,pagado,410.94,65.75,476.69,41.0,4.0,VIP,False
803,1327,150,Sergio García,sergio.garcía150@correo.com,2026-07-03,Página web,Café caliente,Espresso,3,29.68,89.04,en el lugar,False,12.0,Barra,individual,,,2026-08-19,10:05:00,entregado,pago en línea,pagado,487.93,78.07,566.0,39.0,1.0,Frecuente,True
804,1327,150,Sergio García,sergio.garcía150@correo.com,2026-07-03,Página web,Café frío,Frappuccino de caramelo,2,41.44,82.88,en el lugar,False,12.0,Barra,individual,,,2026-08-19,10:05:00,entregado,pago en línea,pagado,487.93,78.07,566.0,39.0,1.0,Frecuente,True
805,1327,150,Sergio García,sergio.garcía150@correo.com,2026-07-03,Página web,Café caliente,Capuchino,3,46.27,138.81,en el lugar,False,12.0,Barra,individual,,,2026-08-19,10:05:00,entregado,pago en línea,pagado,487.93,78.07,566.0,39.0,1.0,Frecuente,True
806,1327,150,Sergio García,sergio.garcía150@correo.com,2026-07-03,Página web,Alimentos,Panini de jamón y queso,2,88.6,177.2,en el lugar,False,12.0,Barra,individual,,,2026-08-19,10:05:00,entregado,pago en línea,pagado,487.93,78.07,566.0,39.0,1.0,Frecuente,True
807,1328,124,Lucía Gómez,lucía.gómez124@correo.com,2025-12-12,Página web,Bebidas calientes,Chocolate caliente,1,34.11,34.11,para llevar,False,,,,,,2026-06-17,13:10:00,listo,pago en línea,pagado,34.11,5.46,39.57,18.0,,Frecuente,True
808,1329,209,Estefanía Morales,estefanía.morales209@correo.com,2026-08-03,Presencial (mostrador),Bebidas frías,Limonada,2,22.35,44.7,para llevar,False,,,,,,2026-08-14,08:45:00,entregado,tarjeta,pagado,44.7,7.15,51.85,27.0,1.0,Frecuente,False
809,1330,50,Ricardo Morales,ricardo.morales50@correo.com,2026-05-13,Presencial (mostrador),Repostería,Croissant,1,31.41,31.41,para llevar,False,,,,,,2026-06-19,14:00:00,entregado,efectivo,pagado,124.19,19.87,144.06,44.0,4.0,VIP,False
810,1330,50,Ricardo Morales,ricardo.morales50@correo.com,2026-05-13,Presencial (mostrador),Bebidas calientes,Infusión de manzanilla,2,25.04,50.08,para llevar,False,,,,,,2026-06-19,14:00:00,entregado,efectivo,pagado,124.19,19.87,144.06,44.0,4.0,VIP,False
811,1330,50,Ricardo Morales,ricardo.morales50@correo.com,2026-05-13,Presencial (mostrador),Bebidas frías,Agua mineral,2,21.35,42.7,para llevar,False,,,,,,2026-06-19,14:00:00,entregado,efectivo,pagado,124.19,19.87,144.06,44.0,4.0,VIP,False
812,1331,136,Andrea Hernández,andrea.hernández136@correo.com,2026-03-07,Página web,Café caliente,Café de olla,3,45.94,137.82,en el lugar,False,5.0,Barra,pareja,,,2026-06-30,12:30:00,entregado,pago en línea,pagado,467.25,74.76,542.01,13.0,5.0,VIP,True
813,1331,136,Andrea Hernández,andrea.hernández136@correo.com,2026-03-07,Página web,Alimentos,Panini de jamón y queso,2,56.64,113.28,en el lugar,False,5.0,Barra,pareja,,,2026-06-30,12:30:00,entregado,pago en línea,pagado,467.25,74.76,542.01,13.0,5.0,VIP,True
814,1331,136,Andrea Hernández,andrea.hernández136@correo.com,2026-03-07,Página web,Alimentos,Ensalada César,3,72.05,216.15,en el lugar,False,5.0,Barra,pareja,,,2026-06-30,12:30:00,entregado,pago en línea,pagado,467.25,74.76,542.01,13.0,5.0,VIP,True
815,1332,193,Iván Flores,iván.flores193@correo.com,2026-08-17,Página web,Bebidas frías,Jugo de naranja,2,23.79,47.58,en el lugar,False,18.0,Terraza,grupal,,,2026-08-17,18:00:00,entregado,pago en línea,pagado,47.58,7.61,55.19,9.0,4.0,Frecuente,True
816,1333,20,Lucía López,lucía.lópez20@correo.com,2025-09-29,Página web,Café caliente,Café de olla,2,44.39,88.78,para llevar,False,,,,,,2025-11-29,17:40:00,listo,pago en línea,pagado,395.5,63.28,458.78,15.0,,Frecuente,True
817,1333,20,Lucía López,lucía.lópez20@correo.com,2025-09-29,Página web,Alimentos,Sandwich club,2,69.57,139.14,para llevar,False,,,,,,2025-11-29,17:40:00,listo,pago en línea,pagado,395.5,63.28,458.78,15.0,,Frecuente,True
818,1333,20,Lucía López,lucía.lópez20@correo.com,2025-09-29,Página web,Café caliente,Capuchino,2,39.8,79.6,para llevar,False,,,,,,2025-11-29,17:40:00,listo,pago en línea,pagado,395.5,63.28,458.78,15.0,,Frecuente,True
819,1333,20,Lucía López,lucía.lópez20@correo.com,2025-09-29,Página web,Alimentos,Sandwich club,1,87.98,87.98,para llevar,False,,,,,,2025-11-29,17:40:00,listo,pago en línea,pagado,395.5,63.28,458.78,15.0,,Frecuente,True
820,1334,197,Raúl De la Cruz,raúl.delacruz197@correo.com,2025-11-22,Página web,Bebidas calientes,Chocolate caliente,2,26.18,52.36,para llevar,False,,,,,,2026-01-11,15:10:00,listo,pago en línea,pagado,220.77,35.32,256.09,11.0,,Frecuente,True
821,1334,197,Raúl De la Cruz,raúl.delacruz197@correo.com,2025-11-22,Página web,Repostería,Croissant,2,25.95,51.9,para llevar,False,,,,,,2026-01-11,15:10:00,listo,pago en línea,pagado,220.77,35.32,256.09,11.0,,Frecuente,True
822,1334,197,Raúl De la Cruz,raúl.delacruz197@correo.com,2025-11-22,Página web,Café caliente,Capuchino,2,38.53,77.06,para llevar,False,,,,,,2026-01-11,15:10:00,listo,pago en línea,pagado,220.77,35.32,256.09,11.0,,Frecuente,True
823,1334,197,Raúl De la Cruz,raúl.delacruz197@correo.com,2025-11-22,Página web,Repostería,Croissant,1,39.45,39.45,para llevar,False,,,,,,2026-01-11,15:10:00,listo,pago en línea,pagado,220.77,35.32,256.09,11.0,,Frecuente,True
824,1335,18,Yuleni Gómez,yuleni.gómez18@correo.com,2026-02-15,Página web,Repostería,Concha,3,36.14,108.42,para llevar,False,,,,,,2026-04-07,10:45:00,listo,pago en línea,pagado,108.42,17.35,125.77,34.0,,VIP,True
825,1336,52,José Reyes,josé.reyes52@correo.com,2025-09-29,Presencial (mostrador),Café frío,Cold brew,2,44.14,88.28,para llevar,False,,,,,,2025-11-01,14:00:00,en preparación,tarjeta,pagado,88.28,14.12,102.4,,,VIP,False
826,1337,149,Alejandro Ramírez,alejandro.ramírez149@correo.com,2025-05-04,Presencial (mostrador),Alimentos,Ensalada César,1,77.65,77.65,en el lugar,True,18.0,Salón principal,individual,2025-12-15,pendiente,2025-12-18,08:50:00,entregado,efectivo,pagado,77.65,12.42,90.07,38.0,5.0,Frecuente,False
827,1338,94,Raúl Reyes,raúl.reyes94@correo.com,2025-06-28,Presencial (mesero),Bebidas frías,Jugo de naranja,2,25.63,51.26,para llevar,False,,,,,,2025-11-14,16:20:00,entregado,transferencia,pagado,183.32,29.33,212.65,16.0,5.0,Frecuente,False
828,1338,94,Raúl Reyes,raúl.reyes94@correo.com,2025-06-28,Presencial (mesero),Café frío,Frappé de café,3,44.02,132.06,para llevar,False,,,,,,2025-11-14,16:20:00,entregado,transferencia,pagado,183.32,29.33,212.65,16.0,5.0,Frecuente,False
829,1339,98,Ricardo Martínez,ricardo.martínez98@correo.com,2025-10-18,Página web,Repostería,Croissant,1,41.09,41.09,en el lugar,False,11.0,Zona de estudio,grupal,,,2026-07-29,11:30:00,entregado,pago en línea,pagado,177.91,28.47,206.38,8.0,5.0,VIP,True
830,1339,98,Ricardo Martínez,ricardo.martínez98@correo.com,2025-10-18,Página web,Bebidas frías,Agua mineral,3,20.32,60.96,en el lugar,False,11.0,Zona de estudio,grupal,,,2026-07-29,11:30:00,entregado,pago en línea,pagado,177.91,28.47,206.38,8.0,5.0,VIP,True
831,1339,98,Ricardo Martínez,ricardo.martínez98@correo.com,2025-10-18,Página web,Bebidas calientes,Chocolate caliente,2,37.93,75.86,en el lugar,False,11.0,Zona de estudio,grupal,,,2026-07-29,11:30:00,entregado,pago en línea,pagado,177.91,28.47,206.38,8.0,5.0,VIP,True
832,1340,156,Iván Ortiz,iván.ortiz156@correo.com,2026-05-06,Página web,Bebidas calientes,Té chai,1,32.06,32.06,en el lugar,True,13.0,Terraza,grupal,2026-07-31,completada,2026-07-31,09:30:00,en preparación,pago en línea,pagado,333.7,53.39,387.09,,,VIP,True
833,1340,156,Iván Ortiz,iván.ortiz156@correo.com,2026-05-06,Página web,Alimentos,Ensalada César,3,64.34,193.02,en el lugar,True,13.0,Terraza,grupal,2026-07-31,completada,2026-07-31,09:30:00,en preparación,pago en línea,pagado,333.7,53.39,387.09,,,VIP,True
834,1340,156,Iván Ortiz,iván.ortiz156@correo.com,2026-05-06,Página web,Bebidas calientes,Té chai,1,27.5,27.5,en el lugar,True,13.0,Terraza,grupal,2026-07-31,completada,2026-07-31,09:30:00,en preparación,pago en línea,pagado,333.7,53.39,387.09,,,VIP,True
835,1340,156,Iván Ortiz,iván.ortiz156@correo.com,2026-05-06,Página web,Repostería,Croissant,2,40.56,81.12,en el lugar,True,13.0,Terraza,grupal,2026-07-31,completada,2026-07-31,09:30:00,en preparación,pago en línea,pagado,333.7,53.39,387.09,,,VIP,True
836,1341,237,Valeria Cruz,valeria.cruz237@correo.com,2026-04-01,Presencial (mostrador),Bebidas calientes,Chocolate caliente,3,25.14,75.42,en el lugar,False,8.0,Salón principal,pareja,,,2026-07-01,10:05:00,cancelado,efectivo,reembolsado,449.01,71.84,520.85,,,Frecuente,False
837,1341,237,Valeria Cruz,valeria.cruz237@correo.com,2026-04-01,Presencial (mostrador),Bebidas calientes,Infusión de manzanilla,3,27.22,81.66,en el lugar,False,8.0,Salón principal,pareja,,,2026-07-01,10:05:00,cancelado,efectivo,reembolsado,449.01,71.84,520.85,,,Frecuente,False
838,1341,237,Valeria Cruz,valeria.cruz237@correo.com,2026-04-01,Presencial (mostrador),Repostería,Brownie,3,42.51,127.53,en el lugar,False,8.0,Salón principal,pareja,,,2026-07-01,10:05:00,cancelado,efectivo,reembolsado,449.01,71.84,520.85,,,Frecuente,False
839,1341,237,Valeria Cruz,valeria.cruz237@correo.com,2026-04-01,Presencial (mostrador),Café frío,Cold brew,3,54.8,164.4,en el lugar,False,8.0,Salón principal,pareja,,,2026-07-01,10:05:00,cancelado,efectivo,reembolsado,449.01,71.84,520.85,,,Frecuente,False
840,1342,113,Diego Reyes,diego.reyes113@correo.com,2025-06-06,Presencial (mostrador),Bebidas calientes,Infusión de manzanilla,2,25.04,50.08,en el lugar,True,19.0,Salón principal,grupal,2026-03-20,completada,2026-03-22,09:05:00,entregado,transferencia,pagado,280.01,44.8,324.81,37.0,4.0,Frecuente,False
841,1342,113,Diego Reyes,diego.reyes113@correo.com,2025-06-06,Presencial (mostrador),Alimentos,Sandwich club,2,87.69,175.38,en el lugar,True,19.0,Salón principal,grupal,2026-03-20,completada,2026-03-22,09:05:00,entregado,transferencia,pagado,280.01,44.8,324.81,37.0,4.0,Frecuente,False
842,1342,113,Diego Reyes,diego.reyes113@correo.com,2025-06-06,Presencial (mostrador),Repostería,Pay de queso,1,54.55,54.55,en el lugar,True,19.0,Salón principal,grupal,2026-03-20,completada,2026-03-22,09:05:00,entregado,transferencia,pagado,280.01,44.8,324.81,37.0,4.0,Frecuente,False
843,1343,227,José Torres,josé.torres227@correo.com,2026-07-04,Presencial (mostrador),Bebidas frías,Té helado,1,39.81,39.81,en el lugar,True,9.0,Barra,grupal,2026-08-01,completada,2026-08-04,12:40:00,entregado,tarjeta,pagado,39.81,6.37,46.18,35.0,1.0,VIP,False
844,1344,151,Marco Torres,marco.torres151@correo.com,2026-06-22,Página web,Alimentos,Sandwich club,3,74.63,223.89,para llevar,False,,,,,,2026-06-26,10:15:00,entregado,pago en línea,pagado,476.19,76.19,552.38,14.0,4.0,Frecuente,True
845,1344,151,Marco Torres,marco.torres151@correo.com,2026-06-22,Página web,Bebidas calientes,Té verde,1,41.81,41.81,para llevar,False,,,,,,2026-06-26,10:15:00,entregado,pago en línea,pagado,476.19,76.19,552.38,14.0,4.0,Frecuente,True
846,1344,151,Marco Torres,marco.torres151@correo.com,2026-06-22,Página web,Café frío,Frappé de café,1,49.21,49.21,para llevar,False,,,,,,2026-06-26,10:15:00,entregado,pago en línea,pagado,476.19,76.19,552.38,14.0,4.0,Frecuente,True
847,1344,151,Marco Torres,marco.torres151@correo.com,2026-06-22,Página web,Repostería,Concha,3,53.76,161.28,para llevar,False,,,,,,2026-06-26,10:15:00,entregado,pago en línea,pagado,476.19,76.19,552.38,14.0,4.0,Frecuente,True
848,1345,234,Lucía Díaz,lucía.díaz234@correo.com,2026-07-08,Página web,Café caliente,Capuchino,2,44.49,88.98,en el lugar,False,13.0,Zona de estudio,grupal,,,2026-08-17,14:45:00,entregado,pago en línea,pagado,376.67,60.27,436.94,37.0,4.0,Frecuente,True
849,1345,234,Lucía Díaz,lucía.díaz234@correo.com,2026-07-08,Página web,Alimentos,Sandwich club,1,50.09,50.09,en el lugar,False,13.0,Zona de estudio,grupal,,,2026-08-17,14:45:00,entregado,pago en línea,pagado,376.67,60.27,436.94,37.0,4.0,Frecuente,True
850,1345,234,Lucía Díaz,lucía.díaz234@correo.com,2026-07-08,Página web,Café caliente,Café de olla,3,29.41,88.23,en el lugar,False,13.0,Zona de estudio,grupal,,,2026-08-17,14:45:00,entregado,pago en línea,pagado,376.67,60.27,436.94,37.0,4.0,Frecuente,True
851,1345,234,Lucía Díaz,lucía.díaz234@correo.com,2026-07-08,Página web,Alimentos,Panini de jamón y queso,3,49.79,149.37,en el lugar,False,13.0,Zona de estudio,grupal,,,2026-08-17,14:45:00,entregado,pago en línea,pagado,376.67,60.27,436.94,37.0,4.0,Frecuente,True
852,1346,49,Pablo Hernández,pablo.hernández49@correo.com,2025-04-06,Presencial (mesero),Bebidas frías,Limonada,1,38.09,38.09,en el lugar,True,1.0,Barra,grupal,2025-10-17,completada,2025-10-19,14:30:00,entregado,efectivo,pagado,38.09,6.09,44.18,24.0,4.0,VIP,False
853,1347,16,Ximena Pérez,ximena.pérez16@correo.com,2026-04-19,Presencial (mostrador),Café frío,Café helado,3,52.54,157.62,para llevar,False,,,,,,2026-06-03,13:35:00,entregado,efectivo,pagado,157.62,25.22,182.84,30.0,2.0,Frecuente,False
854,1348,179,Iván Reyes,iván.reyes179@correo.com,2026-07-18,Presencial (mostrador),Repostería,Concha,2,43.12,86.24,para llevar,False,,,,,,2026-08-06,16:40:00,entregado,tarjeta,pagado,175.71,28.11,203.82,20.0,1.0,Frecuente,False
855,1348,179,Iván Reyes,iván.reyes179@correo.com,2026-07-18,Presencial (mostrador),Bebidas calientes,Chocolate caliente,2,26.15,52.3,para llevar,False,,,,,,2026-08-06,16:40:00,entregado,tarjeta,pagado,175.71,28.11,203.82,20.0,1.0,Frecuente,False
856,1348,179,Iván Reyes,iván.reyes179@correo.com,2026-07-18,Presencial (mostrador),Bebidas frías,Jugo de naranja,1,37.17,37.17,para llevar,False,,,,,,2026-08-06,16:40:00,entregado,tarjeta,pagado,175.71,28.11,203.82,20.0,1.0,Frecuente,False
857,1349,113,Diego Reyes,diego.reyes113@correo.com,2025-06-06,Página web,Bebidas frías,Jugo de naranja,1,39.26,39.26,para llevar,False,,,,,,2026-07-13,08:25:00,entregado,pago en línea,pagado,144.63,23.14,167.77,22.0,2.0,Frecuente,True
858,1349,113,Diego Reyes,diego.reyes113@correo.com,2025-06-06,Página web,Bebidas frías,Agua mineral,2,28.37,56.74,para llevar,False,,,,,,2026-07-13,08:25:00,entregado,pago en línea,pagado,144.63,23.14,167.77,22.0,2.0,Frecuente,True
859,1349,113,Diego Reyes,diego.reyes113@correo.com,2025-06-06,Página web,Café frío,Frappé de café,1,48.63,48.63,para llevar,False,,,,,,2026-07-13,08:25:00,entregado,pago en línea,pagado,144.63,23.14,167.77,22.0,2.0,Frecuente,True
860,1350,183,Regina Cruz,regina.cruz183@correo.com,2025-02-22,Página web,Café frío,Frappuccino de caramelo,3,40.53,121.59,para llevar,False,,,,,,2025-10-15,14:45:00,listo,pago en línea,pagado,343.43,54.95,398.38,9.0,,Frecuente,True
861,1350,183,Regina Cruz,regina.cruz183@correo.com,2025-02-22,Página web,Café caliente,Capuchino,3,28.27,84.81,para llevar,False,,,,,,2025-10-15,14:45:00,listo,pago en línea,pagado,343.43,54.95,398.38,9.0,,Frecuente,True
862,1350,183,Regina Cruz,regina.cruz183@correo.com,2025-02-22,Página web,Repostería,Concha,2,44.41,88.82,para llevar,False,,,,,,2025-10-15,14:45:00,listo,pago en línea,pagado,343.43,54.95,398.38,9.0,,Frecuente,True
863,1350,183,Regina Cruz,regina.cruz183@correo.com,2025-02-22,Página web,Café frío,Café helado,1,48.21,48.21,para llevar,False,,,,,,2025-10-15,14:45:00,listo,pago en línea,pagado,343.43,54.95,398.38,9.0,,Frecuente,True
864,1351,89,Hugo García,hugo.garcía89@correo.com,2026-01-30,Página web,Café caliente,Espresso,2,50.45,100.9,en el lugar,False,11.0,Salón principal,individual,,,2026-03-21,10:20:00,entregado,pago en línea,pagado,263.48,42.16,305.64,31.0,5.0,VIP,True
865,1351,89,Hugo García,hugo.garcía89@correo.com,2026-01-30,Página web,Café frío,Frappuccino de caramelo,2,54.65,109.3,en el lugar,False,11.0,Salón principal,individual,,,2026-03-21,10:20:00,entregado,pago en línea,pagado,263.48,42.16,305.64,31.0,5.0,VIP,True
866,1351,89,Hugo García,hugo.garcía89@correo.com,2026-01-30,Página web,Café caliente,Capuchino,1,53.28,53.28,en el lugar,False,11.0,Salón principal,individual,,,2026-03-21,10:20:00,entregado,pago en línea,pagado,263.48,42.16,305.64,31.0,5.0,VIP,True
867,1352,248,Estefanía García,estefanía.garcía248@correo.com,2025-03-07,Presencial (mesero),Bebidas calientes,Chocolate caliente,2,43.42,86.84,en el lugar,True,5.0,Salón principal,individual,2025-08-28,completada,2025-08-29,15:45:00,entregado,tarjeta,pagado,298.57,47.77,346.34,21.0,3.0,Frecuente,False
868,1352,248,Estefanía García,estefanía.garcía248@correo.com,2025-03-07,Presencial (mesero),Bebidas frías,Jugo de naranja,1,23.78,23.78,en el lugar,True,5.0,Salón principal,individual,2025-08-28,completada,2025-08-29,15:45:00,entregado,tarjeta,pagado,298.57,47.77,346.34,21.0,3.0,Frecuente,False
869,1352,248,Estefanía García,estefanía.garcía248@correo.com,2025-03-07,Presencial (mesero),Bebidas frías,Agua mineral,3,35.79,107.37,en el lugar,True,5.0,Salón principal,individual,2025-08-28,completada,2025-08-29,15:45:00,entregado,tarjeta,pagado,298.57,47.77,346.34,21.0,3.0,Frecuente,False
870,1352,248,Estefanía García,estefanía.garcía248@correo.com,2025-03-07,Presencial (mesero),Repostería,Croissant,3,26.86,80.58,en el lugar,True,5.0,Salón principal,individual,2025-08-28,completada,2025-08-29,15:45:00,entregado,tarjeta,pagado,298.57,47.77,346.34,21.0,3.0,Frecuente,False
871,1353,14,Mariana Pérez,mariana.pérez14@correo.com,2026-01-15,Presencial (mostrador),Bebidas calientes,Infusión de manzanilla,2,34.48,68.96,en el lugar,True,13.0,Zona de estudio,pareja,2026-07-17,completada,2026-07-20,08:35:00,listo,transferencia,pagado,271.8,43.49,315.29,32.0,,Frecuente,False
872,1353,14,Mariana Pérez,mariana.pérez14@correo.com,2026-01-15,Presencial (mostrador),Bebidas frías,Refresco de cola,1,32.76,32.76,en el lugar,True,13.0,Zona de estudio,pareja,2026-07-17,completada,2026-07-20,08:35:00,listo,transferencia,pagado,271.8,43.49,315.29,32.0,,Frecuente,False
873,1353,14,Mariana Pérez,mariana.pérez14@correo.com,2026-01-15,Presencial (mostrador),Bebidas frías,Té helado,2,24.14,48.28,en el lugar,True,13.0,Zona de estudio,pareja,2026-07-17,completada,2026-07-20,08:35:00,listo,transferencia,pagado,271.8,43.49,315.29,32.0,,Frecuente,False
874,1353,14,Mariana Pérez,mariana.pérez14@correo.com,2026-01-15,Presencial (mostrador),Café frío,Frappuccino de caramelo,2,60.9,121.8,en el lugar,True,13.0,Zona de estudio,pareja,2026-07-17,completada,2026-07-20,08:35:00,listo,transferencia,pagado,271.8,43.49,315.29,32.0,,Frecuente,False
875,1354,170,Ricardo Flores,ricardo.flores170@correo.com,2026-08-06,Página web,Café frío,Frappé de café,2,48.96,97.92,para llevar,False,,,,,,2026-08-15,09:25:00,listo,pago en línea,pagado,285.86,45.74,331.6,32.0,,VIP,True
876,1354,170,Ricardo Flores,ricardo.flores170@correo.com,2026-08-06,Página web,Bebidas frías,Agua mineral,2,28.52,57.04,para llevar,False,,,,,,2026-08-15,09:25:00,listo,pago en línea,pagado,285.86,45.74,331.6,32.0,,VIP,True
877,1354,170,Ricardo Flores,ricardo.flores170@correo.com,2026-08-06,Página web,Alimentos,Panini de jamón y queso,2,65.45,130.9,para llevar,False,,,,,,2026-08-15,09:25:00,listo,pago en línea,pagado,285.86,45.74,331.6,32.0,,VIP,True
878,1355,49,Pablo Hernández,pablo.hernández49@correo.com,2025-04-06,Presencial (mostrador),Café caliente,Capuchino,1,29.03,29.03,en el lugar,True,3.0,Zona de estudio,grupal,2025-04-18,cancelada,2025-04-18,09:35:00,en preparación,efectivo,pagado,29.03,4.64,33.67,,,VIP,False
879,1356,184,Renata Castillo,renata.castillo184@correo.com,2025-05-15,Página web,Café frío,Cold brew,2,64.95,129.9,para llevar,False,,,,,,2025-11-01,10:50:00,listo,pago en línea,pagado,341.58,54.65,396.23,8.0,,VIP,True
880,1356,184,Renata Castillo,renata.castillo184@correo.com,2025-05-15,Página web,Bebidas calientes,Té verde,2,25.17,50.34,para llevar,False,,,,,,2025-11-01,10:50:00,listo,pago en línea,pagado,341.58,54.65,396.23,8.0,,VIP,True
881,1356,184,Renata Castillo,renata.castillo184@correo.com,2025-05-15,Página web,Repostería,Muffin de arándano,3,53.78,161.34,para llevar,False,,,,,,2025-11-01,10:50:00,listo,pago en línea,pagado,341.58,54.65,396.23,8.0,,VIP,True
882,1357,216,Iván Hernández,iván.hernández216@correo.com,2026-02-10,Presencial (mesero),Bebidas frías,Jugo de naranja,1,35.72,35.72,en el lugar,False,8.0,Salón principal,grupal,,,2026-06-10,17:40:00,listo,tarjeta,pagado,159.78,25.56,185.34,20.0,,Frecuente,False
883,1357,216,Iván Hernández,iván.hernández216@correo.com,2026-02-10,Presencial (mesero),Alimentos,Panini de jamón y queso,2,62.03,124.06,en el lugar,False,8.0,Salón principal,grupal,,,2026-06-10,17:40:00,listo,tarjeta,pagado,159.78,25.56,185.34,20.0,,Frecuente,False
884,1358,124,Lucía Gómez,lucía.gómez124@correo.com,2025-12-12,Página web,Bebidas frías,Limonada,3,26.11,78.33,para llevar,False,,,,,,2026-03-31,19:55:00,en preparación,pago en línea,pagado,148.33,23.73,172.06,,,Frecuente,True
885,1358,124,Lucía Gómez,lucía.gómez124@correo.com,2025-12-12,Página web,Bebidas calientes,Té chai,2,35.0,70.0,para llevar,False,,,,,,2026-03-31,19:55:00,en preparación,pago en línea,pagado,148.33,23.73,172.06,,,Frecuente,True
886,1359,163,Carlos Romero,carlos.romero163@correo.com,2025-04-12,Presencial (mostrador),Café frío,Cold brew,2,64.32,128.64,en el lugar,False,18.0,Zona de estudio,pareja,,,2025-10-02,10:30:00,entregado,transferencia,pagado,128.64,20.58,149.22,44.0,4.0,Frecuente,False
887,1360,57,Hugo Martínez,hugo.martínez57@correo.com,2025-07-10,Presencial (mesero),Repostería,Brownie,3,58.67,176.01,para llevar,False,,,,,,2026-01-26,13:15:00,entregado,tarjeta,pagado,176.01,28.16,204.17,13.0,3.0,VIP,False
888,1361,250,Diego Romero,diego.romero250@correo.com,2025-02-14,Presencial (mostrador),Café frío,Cold brew,2,37.08,74.16,para llevar,False,,,,,,2025-08-08,08:50:00,entregado,tarjeta,pagado,74.16,11.87,86.03,22.0,5.0,VIP,False
889,1362,196,Ximena Vázquez,ximena.vázquez196@correo.com,2026-01-28,Página web,Alimentos,Bagel con queso crema,2,94.48,188.96,para llevar,False,,,,,,2026-04-12,17:40:00,entregado,pago en línea,pagado,632.36,101.18,733.54,44.0,4.0,Recurrente,True
890,1362,196,Ximena Vázquez,ximena.vázquez196@correo.com,2026-01-28,Página web,Café frío,Frappuccino de caramelo,2,49.35,98.7,para llevar,False,,,,,,2026-04-12,17:40:00,entregado,pago en línea,pagado,632.36,101.18,733.54,44.0,4.0,Recurrente,True
891,1362,196,Ximena Vázquez,ximena.vázquez196@correo.com,2026-01-28,Página web,Café caliente,Latte,3,53.79,161.37,para llevar,False,,,,,,2026-04-12,17:40:00,entregado,pago en línea,pagado,632.36,101.18,733.54,44.0,4.0,Recurrente,True
892,1362,196,Ximena Vázquez,ximena.vázquez196@correo.com,2026-01-28,Página web,Café frío,Cold brew,3,61.11,183.33,para llevar,False,,,,,,2026-04-12,17:40:00,entregado,pago en línea,pagado,632.36,101.18,733.54,44.0,4.0,Recurrente,True
893,1363,96,Iván Sánchez,iván.sánchez96@correo.com,2026-03-17,Página web,Bebidas frías,Refresco de cola,2,29.2,58.4,en el lugar,True,1.0,Salón principal,pareja,2026-06-04,cancelada,2026-06-04,16:15:00,entregado,pago en línea,pagado,295.39,47.26,342.65,27.0,3.0,Frecuente,True
894,1363,96,Iván Sánchez,iván.sánchez96@correo.com,2026-03-17,Página web,Bebidas frías,Té helado,2,34.75,69.5,en el lugar,True,1.0,Salón principal,pareja,2026-06-04,cancelada,2026-06-04,16:15:00,entregado,pago en línea,pagado,295.39,47.26,342.65,27.0,3.0,Frecuente,True
895,1363,96,Iván Sánchez,iván.sánchez96@correo.com,2026-03-17,Página web,Repostería,Dona glaseada,3,55.83,167.49,en el lugar,True,1.0,Salón principal,pareja,2026-06-04,cancelada,2026-06-04,16:15:00,entregado,pago en línea,pagado,295.39,47.26,342.65,27.0,3.0,Frecuente,True
896,1364,233,Ximena Castillo,ximena.castillo233@correo.com,2025-05-19,Página web,Bebidas calientes,Chocolate caliente,3,38.97,116.91,para llevar,False,,,,,,2025-12-05,16:10:00,entregado,pago en línea,pagado,427.84,68.45,496.29,21.0,4.0,Frecuente,True
897,1364,233,Ximena Castillo,ximena.castillo233@correo.com,2025-05-19,Página web,Café caliente,Latte,2,46.86,93.72,para llevar,False,,,,,,2025-12-05,16:10:00,entregado,pago en línea,pagado,427.84,68.45,496.29,21.0,4.0,Frecuente,True
898,1364,233,Ximena Castillo,ximena.castillo233@correo.com,2025-05-19,Página web,Café caliente,Americano,3,51.91,155.73,para llevar,False,,,,,,2025-12-05,16:10:00,entregado,pago en línea,pagado,427.84,68.45,496.29,21.0,4.0,Frecuente,True
899,1364,233,Ximena Castillo,ximena.castillo233@correo.com,2025-05-19,Página web,Café frío,Café helado,1,61.48,61.48,para llevar,False,,,,,,2025-12-05,16:10:00,entregado,pago en línea,pagado,427.84,68.45,496.29,21.0,4.0,Frecuente,True
900,1365,44,María Morales,maría.morales44@correo.com,2025-12-29,Presencial (mesero),Alimentos,Bagel con queso crema,3,57.64,172.92,en el lugar,False,3.0,Terraza,grupal,,,2026-08-18,14:30:00,listo,tarjeta,pagado,343.39,54.94,398.33,10.0,,VIP,False
901,1365,44,María Morales,maría.morales44@correo.com,2025-12-29,Presencial (mesero),Bebidas frías,Té helado,2,29.24,58.48,en el lugar,False,3.0,Terraza,grupal,,,2026-08-18,14:30:00,listo,tarjeta,pagado,343.39,54.94,398.33,10.0,,VIP,False
902,1365,44,María Morales,maría.morales44@correo.com,2025-12-29,Presencial (mesero),Café caliente,Mocaccino,1,46.75,46.75,en el lugar,False,3.0,Terraza,grupal,,,2026-08-18,14:30:00,listo,tarjeta,pagado,343.39,54.94,398.33,10.0,,VIP,False
903,1365,44,María Morales,maría.morales44@correo.com,2025-12-29,Presencial (mesero),Bebidas calientes,Infusión de manzanilla,2,32.62,65.24,en el lugar,False,3.0,Terraza,grupal,,,2026-08-18,14:30:00,listo,tarjeta,pagado,343.39,54.94,398.33,10.0,,VIP,False
904,1366,85,Renata Díaz,renata.díaz85@correo.com,2026-06-06,Presencial (mostrador),Alimentos,Sandwich club,1,49.13,49.13,para llevar,False,,,,,,2026-06-07,11:05:00,entregado,tarjeta,pagado,266.45,42.63,309.08,42.0,5.0,VIP,False
905,1366,85,Renata Díaz,renata.díaz85@correo.com,2026-06-06,Presencial (mostrador),Bebidas calientes,Chocolate caliente,3,39.27,117.81,para llevar,False,,,,,,2026-06-07,11:05:00,entregado,tarjeta,pagado,266.45,42.63,309.08,42.0,5.0,VIP,False
906,1366,85,Renata Díaz,renata.díaz85@correo.com,2026-06-06,Presencial (mostrador),Alimentos,Bagel con queso crema,1,68.54,68.54,para llevar,False,,,,,,2026-06-07,11:05:00,entregado,tarjeta,pagado,266.45,42.63,309.08,42.0,5.0,VIP,False
907,1366,85,Renata Díaz,renata.díaz85@correo.com,2026-06-06,Presencial (mostrador),Repostería,Croissant,1,30.97,30.97,para llevar,False,,,,,,2026-06-07,11:05:00,entregado,tarjeta,pagado,266.45,42.63,309.08,42.0,5.0,VIP,False
908,1367,212,José Cruz,josé.cruz212@correo.com,2025-10-22,Presencial (mostrador),Café frío,Cold brew,3,56.43,169.29,para llevar,False,,,,,,2026-05-10,09:05:00,entregado,tarjeta,pagado,420.54,67.29,487.83,14.0,4.0,VIP,False
909,1367,212,José Cruz,josé.cruz212@correo.com,2025-10-22,Presencial (mostrador),Bebidas calientes,Chocolate caliente,3,33.84,101.52,para llevar,False,,,,,,2026-05-10,09:05:00,entregado,tarjeta,pagado,420.54,67.29,487.83,14.0,4.0,VIP,False
910,1367,212,José Cruz,josé.cruz212@correo.com,2025-10-22,Presencial (mostrador),Café caliente,Mocaccino,3,49.91,149.73,para llevar,False,,,,,,2026-05-10,09:05:00,entregado,tarjeta,pagado,420.54,67.29,487.83,14.0,4.0,VIP,False
911,1368,50,Ricardo Morales,ricardo.morales50@correo.com,2026-05-13,Página web,Café caliente,Capuchino,3,50.15,150.45,en el lugar,True,13.0,Salón principal,individual,2026-06-29,no_show,2026-07-01,18:20:00,entregado,pago en línea,pagado,150.45,24.07,174.52,22.0,4.0,VIP,True
912,1369,205,Ximena Flores,ximena.flores205@correo.com,2025-08-21,Página web,Repostería,Brownie,1,46.94,46.94,para llevar,False,,,,,,2025-10-09,19:50:00,entregado,pago en línea,pagado,187.71,30.03,217.74,8.0,5.0,Frecuente,True
913,1369,205,Ximena Flores,ximena.flores205@correo.com,2025-08-21,Página web,Bebidas frías,Limonada,1,38.69,38.69,para llevar,False,,,,,,2025-10-09,19:50:00,entregado,pago en línea,pagado,187.71,30.03,217.74,8.0,5.0,Frecuente,True
914,1369,205,Ximena Flores,ximena.flores205@correo.com,2025-08-21,Página web,Alimentos,Panini de jamón y queso,2,51.04,102.08,para llevar,False,,,,,,2025-10-09,19:50:00,entregado,pago en línea,pagado,187.71,30.03,217.74,8.0,5.0,Frecuente,True
915,1370,81,María Reyes,maría.reyes81@correo.com,2025-02-09,Página web,Bebidas calientes,Té verde,1,25.88,25.88,para llevar,False,,,,,,2026-03-27,17:25:00,entregado,pago en línea,pagado,277.01,44.32,321.33,44.0,3.0,Frecuente,True
916,1370,81,María Reyes,maría.reyes81@correo.com,2025-02-09,Página web,Café frío,Frappuccino de caramelo,3,44.05,132.15,para llevar,False,,,,,,2026-03-27,17:25:00,entregado,pago en línea,pagado,277.01,44.32,321.33,44.0,3.0,Frecuente,True
917,1370,81,María Reyes,maría.reyes81@correo.com,2025-02-09,Página web,Bebidas frías,Refresco de cola,3,39.66,118.98,para llevar,False,,,,,,2026-03-27,17:25:00,entregado,pago en línea,pagado,277.01,44.32,321.33,44.0,3.0,Frecuente,True
918,1371,7,Valeria Gómez,valeria.gómez7@correo.com,2025-04-15,Presencial (mostrador),Bebidas calientes,Infusión de manzanilla,3,26.35,79.05,en el lugar,False,5.0,Zona de estudio,individual,,,2025-07-11,11:05:00,entregado,transferencia,pagado,343.33,54.93,398.26,8.0,4.0,Frecuente,False
919,1371,7,Valeria Gómez,valeria.gómez7@correo.com,2025-04-15,Presencial (mostrador),Café caliente,Café de olla,1,52.63,52.63,en el lugar,False,5.0,Zona de estudio,individual,,,2025-07-11,11:05:00,entregado,transferencia,pagado,343.33,54.93,398.26,8.0,4.0,Frecuente,False
920,1371,7,Valeria Gómez,valeria.gómez7@correo.com,2025-04-15,Presencial (mostrador),Alimentos,Panini de jamón y queso,3,70.55,211.65,en el lugar,False,5.0,Zona de estudio,individual,,,2025-07-11,11:05:00,entregado,transferencia,pagado,343.33,54.93,398.26,8.0,4.0,Frecuente,False
921,1372,156,Iván Ortiz,iván.ortiz156@correo.com,2026-05-06,Presencial (mostrador),Bebidas frías,Té helado,1,21.2,21.2,para llevar,False,,,,,,2026-06-04,07:45:00,entregado,tarjeta,pagado,91.96,14.71,106.67,10.0,5.0,VIP,False
922,1372,156,Iván Ortiz,iván.ortiz156@correo.com,2026-05-06,Presencial (mostrador),Repostería,Pay de queso,2,35.38,70.76,para llevar,False,,,,,,2026-06-04,07:45:00,entregado,tarjeta,pagado,91.96,14.71,106.67,10.0,5.0,VIP,False
923,1373,250,Diego Romero,diego.romero250@correo.com,2025-02-14,Presencial (mesero),Repostería,Dona glaseada,1,52.54,52.54,para llevar,False,,,,,,2025-10-15,18:45:00,en preparación,efectivo,pagado,365.74,58.52,424.26,,,VIP,False
924,1373,250,Diego Romero,diego.romero250@correo.com,2025-02-14,Presencial (mesero),Café caliente,Café de olla,3,49.38,148.14,para llevar,False,,,,,,2025-10-15,18:45:00,en preparación,efectivo,pagado,365.74,58.52,424.26,,,VIP,False
925,1373,250,Diego Romero,diego.romero250@correo.com,2025-02-14,Presencial (mesero),Alimentos,Ensalada César,2,82.53,165.06,para llevar,False,,,,,,2025-10-15,18:45:00,en preparación,efectivo,pagado,365.74,58.52,424.26,,,VIP,False
926,1374,174,Michelle Torres,michelle.torres174@correo.com,2026-08-14,Página web,Alimentos,Sandwich club,1,48.23,48.23,en el lugar,False,8.0,Salón principal,grupal,,,2026-08-16,10:15:00,en preparación,pago en línea,pagado,326.27,52.2,378.47,,,Frecuente,True
927,1374,174,Michelle Torres,michelle.torres174@correo.com,2026-08-14,Página web,Alimentos,Sandwich club,3,92.68,278.04,en el lugar,False,8.0,Salón principal,grupal,,,2026-08-16,10:15:00,en preparación,pago en línea,pagado,326.27,52.2,378.47,,,Frecuente,True
928,1375,133,Emilio Martínez,emilio.martínez133@correo.com,2025-09-06,Página web,Café frío,Cold brew,1,42.35,42.35,en el lugar,False,7.0,Salón principal,grupal,,,2025-11-17,10:10:00,entregado,pago en línea,pagado,209.23,33.48,242.71,31.0,5.0,Frecuente,True
929,1375,133,Emilio Martínez,emilio.martínez133@correo.com,2025-09-06,Página web,Café frío,Cold brew,2,44.09,88.18,en el lugar,False,7.0,Salón principal,grupal,,,2025-11-17,10:10:00,entregado,pago en línea,pagado,209.23,33.48,242.71,31.0,5.0,Frecuente,True
930,1375,133,Emilio Martínez,emilio.martínez133@correo.com,2025-09-06,Página web,Bebidas frías,Refresco de cola,2,39.35,78.7,en el lugar,False,7.0,Salón principal,grupal,,,2025-11-17,10:10:00,entregado,pago en línea,pagado,209.23,33.48,242.71,31.0,5.0,Frecuente,True
931,1376,101,Ximena Ortiz,ximena.ortiz101@correo.com,2025-03-16,Página web,Alimentos,Sandwich club,2,83.1,166.2,para llevar,False,,,,,,2026-04-27,13:10:00,entregado,pago en línea,pagado,415.02,66.4,481.42,43.0,4.0,Recurrente,True
932,1376,101,Ximena Ortiz,ximena.ortiz101@correo.com,2025-03-16,Página web,Alimentos,Sandwich club,3,82.94,248.82,para llevar,False,,,,,,2026-04-27,13:10:00,entregado,pago en línea,pagado,415.02,66.4,481.42,43.0,4.0,Recurrente,True
933,1377,3,Yuleni Hernández,yuleni.hernández3@correo.com,2025-04-06,Página web,Café caliente,Capuchino,2,31.69,63.38,para llevar,False,,,,,,2026-04-13,09:20:00,entregado,pago en línea,pagado,334.69,53.55,388.24,27.0,5.0,Nuevo,True
934,1377,3,Yuleni Hernández,yuleni.hernández3@correo.com,2025-04-06,Página web,Alimentos,Bagel con queso crema,2,52.74,105.48,para llevar,False,,,,,,2026-04-13,09:20:00,entregado,pago en línea,pagado,334.69,53.55,388.24,27.0,5.0,Nuevo,True
935,1377,3,Yuleni Hernández,yuleni.hernández3@correo.com,2025-04-06,Página web,Café frío,Frappé de café,3,35.39,106.17,para llevar,False,,,,,,2026-04-13,09:20:00,entregado,pago en línea,pagado,334.69,53.55,388.24,27.0,5.0,Nuevo,True
936,1377,3,Yuleni Hernández,yuleni.hernández3@correo.com,2025-04-06,Página web,Bebidas frías,Agua mineral,2,29.83,59.66,para llevar,False,,,,,,2026-04-13,09:20:00,entregado,pago en línea,pagado,334.69,53.55,388.24,27.0,5.0,Nuevo,True
937,1378,191,Hugo López,hugo.lópez191@correo.com,2025-03-13,Presencial (mesero),Alimentos,Ensalada César,2,83.56,167.12,para llevar,False,,,,,,2025-05-24,13:00:00,en preparación,efectivo,pagado,272.69,43.63,316.32,,,Frecuente,False
938,1378,191,Hugo López,hugo.lópez191@correo.com,2025-03-13,Presencial (mesero),Bebidas calientes,Té verde,3,35.19,105.57,para llevar,False,,,,,,2025-05-24,13:00:00,en preparación,efectivo,pagado,272.69,43.63,316.32,,,Frecuente,False
939,1379,239,Renata Sánchez,renata.sánchez239@correo.com,2025-05-06,Página web,Café caliente,Capuchino,3,45.04,135.12,para llevar,False,,,,,,2026-04-23,12:55:00,entregado,pago en línea,pagado,400.37,64.06,464.43,13.0,5.0,VIP,True
940,1379,239,Renata Sánchez,renata.sánchez239@correo.com,2025-05-06,Página web,Bebidas calientes,Té chai,3,38.95,116.85,para llevar,False,,,,,,2026-04-23,12:55:00,entregado,pago en línea,pagado,400.37,64.06,464.43,13.0,5.0,VIP,True
941,1379,239,Renata Sánchez,renata.sánchez239@correo.com,2025-05-06,Página web,Bebidas calientes,Chocolate caliente,3,30.23,90.69,para llevar,False,,,,,,2026-04-23,12:55:00,entregado,pago en línea,pagado,400.37,64.06,464.43,13.0,5.0,VIP,True
942,1379,239,Renata Sánchez,renata.sánchez239@correo.com,2025-05-06,Página web,Alimentos,Bagel con queso crema,1,57.71,57.71,para llevar,False,,,,,,2026-04-23,12:55:00,entregado,pago en línea,pagado,400.37,64.06,464.43,13.0,5.0,VIP,True
943,1380,169,Diego López,diego.lópez169@correo.com,2025-09-30,Página web,Bebidas frías,Jugo de naranja,3,33.17,99.51,en el lugar,False,7.0,Barra,individual,,,2026-04-14,13:55:00,listo,pago en línea,pagado,290.1,46.42,336.52,25.0,,VIP,True
944,1380,169,Diego López,diego.lópez169@correo.com,2025-09-30,Página web,Alimentos,Ensalada César,2,81.7,163.4,en el lugar,False,7.0,Barra,individual,,,2026-04-14,13:55:00,listo,pago en línea,pagado,290.1,46.42,336.52,25.0,,VIP,True
945,1380,169,Diego López,diego.lópez169@correo.com,2025-09-30,Página web,Bebidas calientes,Té chai,1,27.19,27.19,en el lugar,False,7.0,Barra,individual,,,2026-04-14,13:55:00,listo,pago en línea,pagado,290.1,46.42,336.52,25.0,,VIP,True
946,1381,60,Estefanía Gómez,estefanía.gómez60@correo.com,2025-09-25,Presencial (mostrador),Café caliente,Espresso,2,48.89,97.78,para llevar,False,,,,,,2026-01-10,18:30:00,entregado,tarjeta,pagado,97.78,15.64,113.42,26.0,4.0,Frecuente,False
947,1382,158,Sofía Ortiz,sofía.ortiz158@correo.com,2025-03-17,Página web,Repostería,Pay de queso,1,40.43,40.43,en el lugar,True,6.0,Terraza,pareja,2026-05-31,completada,2026-06-01,09:10:00,entregado,pago en línea,pagado,77.8,12.45,90.25,32.0,5.0,Frecuente,True
948,1382,158,Sofía Ortiz,sofía.ortiz158@correo.com,2025-03-17,Página web,Bebidas frías,Té helado,1,37.37,37.37,en el lugar,True,6.0,Terraza,pareja,2026-05-31,completada,2026-06-01,09:10:00,entregado,pago en línea,pagado,77.8,12.45,90.25,32.0,5.0,Frecuente,True
949,1383,199,Yuleni López,yuleni.lópez199@correo.com,2026-05-30,Página web,Café caliente,Americano,1,42.1,42.1,en el lugar,True,4.0,Terraza,individual,2026-06-12,cancelada,2026-06-14,11:05:00,entregado,pago en línea,pagado,42.1,6.74,48.84,41.0,5.0,VIP,True
950,1384,7,Valeria Gómez,valeria.gómez7@correo.com,2025-04-15,Página web,Repostería,Croissant,1,57.93,57.93,para llevar,False,,,,,,2026-05-09,11:35:00,entregado,pago en línea,pagado,193.64,30.98,224.62,33.0,3.0,Frecuente,True
951,1384,7,Valeria Gómez,valeria.gómez7@correo.com,2025-04-15,Página web,Bebidas calientes,Infusión de manzanilla,1,32.57,32.57,para llevar,False,,,,,,2026-05-09,11:35:00,entregado,pago en línea,pagado,193.64,30.98,224.62,33.0,3.0,Frecuente,True
952,1384,7,Valeria Gómez,valeria.gómez7@correo.com,2025-04-15,Página web,Café caliente,Capuchino,2,51.57,103.14,para llevar,False,,,,,,2026-05-09,11:35:00,entregado,pago en línea,pagado,193.64,30.98,224.62,33.0,3.0,Frecuente,True
953,1385,14,Mariana Pérez,mariana.pérez14@correo.com,2026-01-15,Página web,Alimentos,Panini de jamón y queso,2,70.75,141.5,para llevar,False,,,,,,2026-07-19,20:10:00,entregado,efectivo,pagado,242.55,38.81,281.36,36.0,5.0,Frecuente,True
954,1385,14,Mariana Pérez,mariana.pérez14@correo.com,2026-01-15,Página web,Bebidas calientes,Chocolate caliente,1,25.06,25.06,para llevar,False,,,,,,2026-07-19,20:10:00,entregado,efectivo,pagado,242.55,38.81,281.36,36.0,5.0,Frecuente,True
955,1385,14,Mariana Pérez,mariana.pérez14@correo.com,2026-01-15,Página web,Bebidas calientes,Té verde,3,25.33,75.99,para llevar,False,,,,,,2026-07-19,20:10:00,entregado,efectivo,pagado,242.55,38.81,281.36,36.0,5.0,Frecuente,True
956,1386,135,Julián Castillo,julián.castillo135@correo.com,2026-03-15,Página web,Bebidas frías,Jugo de naranja,1,35.7,35.7,en el lugar,True,14.0,Barra,grupal,2026-05-13,completada,2026-05-13,16:35:00,entregado,pago en línea,pagado,90.82,14.53,105.35,43.0,3.0,VIP,True
957,1386,135,Julián Castillo,julián.castillo135@correo.com,2026-03-15,Página web,Bebidas calientes,Té chai,2,27.56,55.12,en el lugar,True,14.0,Barra,grupal,2026-05-13,completada,2026-05-13,16:35:00,entregado,pago en línea,pagado,90.82,14.53,105.35,43.0,3.0,VIP,True
958,1387,152,Emilio Flores,emilio.flores152@correo.com,2025-08-21,Presencial (mesero),Café frío,Frappé de café,2,38.16,76.32,para llevar,False,,,,,,2026-04-17,09:35:00,entregado,efectivo,pagado,132.72,21.24,153.96,22.0,3.0,Frecuente,False
959,1387,152,Emilio Flores,emilio.flores152@correo.com,2025-08-21,Presencial (mesero),Bebidas calientes,Té chai,2,28.2,56.4,para llevar,False,,,,,,2026-04-17,09:35:00,entregado,efectivo,pagado,132.72,21.24,153.96,22.0,3.0,Frecuente,False
960,1388,6,José Pérez,josé.pérez6@correo.com,2026-03-09,Presencial (mesero),Bebidas frías,Jugo de naranja,3,21.29,63.87,en el lugar,False,18.0,Barra,individual,,,2026-05-13,17:35:00,listo,tarjeta,pagado,234.45,37.51,271.96,32.0,,VIP,False
961,1388,6,José Pérez,josé.pérez6@correo.com,2026-03-09,Presencial (mesero),Repostería,Pay de queso,3,56.86,170.58,en el lugar,False,18.0,Barra,individual,,,2026-05-13,17:35:00,listo,tarjeta,pagado,234.45,37.51,271.96,32.0,,VIP,False
962,1389,229,Diego Ortiz,diego.ortiz229@correo.com,2025-01-26,Página web,Bebidas calientes,Té chai,3,36.46,109.38,para llevar,False,,,,,,2026-04-18,19:15:00,entregado,pago en línea,pagado,300.24,48.04,348.28,11.0,5.0,Frecuente,True
963,1389,229,Diego Ortiz,diego.ortiz229@correo.com,2025-01-26,Página web,Café frío,Café helado,3,63.62,190.86,para llevar,False,,,,,,2026-04-18,19:15:00,entregado,pago en línea,pagado,300.24,48.04,348.28,11.0,5.0,Frecuente,True
964,1390,244,Renata López,renata.lópez244@correo.com,2025-05-14,Presencial (mesero),Café frío,Café helado,3,60.12,180.36,en el lugar,True,12.0,Salón principal,grupal,2026-03-11,completada,2026-03-12,15:15:00,entregado,tarjeta,pagado,386.18,61.79,447.97,40.0,5.0,Recurrente,False
965,1390,244,Renata López,renata.lópez244@correo.com,2025-05-14,Presencial (mesero),Alimentos,Panini de jamón y queso,1,52.37,52.37,en el lugar,True,12.0,Salón principal,grupal,2026-03-11,completada,2026-03-12,15:15:00,entregado,tarjeta,pagado,386.18,61.79,447.97,40.0,5.0,Recurrente,False
966,1390,244,Renata López,renata.lópez244@correo.com,2025-05-14,Presencial (mesero),Repostería,Croissant,3,51.15,153.45,en el lugar,True,12.0,Salón principal,grupal,2026-03-11,completada,2026-03-12,15:15:00,entregado,tarjeta,pagado,386.18,61.79,447.97,40.0,5.0,Recurrente,False
967,1391,4,Diego Jiménez,diego.jiménez4@correo.com,2025-01-28,Presencial (mesero),Bebidas calientes,Té chai,2,43.46,86.92,en el lugar,True,10.0,Barra,individual,2025-06-01,completada,2025-06-03,11:55:00,listo,transferencia,pagado,257.38,41.18,298.56,18.0,,VIP,False
968,1391,4,Diego Jiménez,diego.jiménez4@correo.com,2025-01-28,Presencial (mesero),Café frío,Frappuccino de caramelo,3,56.82,170.46,en el lugar,True,10.0,Barra,individual,2025-06-01,completada,2025-06-03,11:55:00,listo,transferencia,pagado,257.38,41.18,298.56,18.0,,VIP,False
969,1392,6,José Pérez,josé.pérez6@correo.com,2026-03-09,Página web,Bebidas calientes,Infusión de manzanilla,1,26.95,26.95,en el lugar,False,13.0,Barra,individual,,,2026-03-14,15:30:00,entregado,pago en línea,pagado,192.85,30.86,223.71,18.0,5.0,VIP,True
970,1392,6,José Pérez,josé.pérez6@correo.com,2026-03-09,Página web,Repostería,Brownie,3,55.3,165.9,en el lugar,False,13.0,Barra,individual,,,2026-03-14,15:30:00,entregado,pago en línea,pagado,192.85,30.86,223.71,18.0,5.0,VIP,True
971,1393,149,Alejandro Ramírez,alejandro.ramírez149@correo.com,2025-05-04,Presencial (mostrador),Bebidas calientes,Té chai,1,32.24,32.24,para llevar,False,,,,,,2026-02-23,09:35:00,entregado,efectivo,pagado,99.38,15.9,115.28,35.0,2.0,Frecuente,False
972,1393,149,Alejandro Ramírez,alejandro.ramírez149@correo.com,2025-05-04,Presencial (mostrador),Bebidas frías,Té helado,2,33.57,67.14,para llevar,False,,,,,,2026-02-23,09:35:00,entregado,efectivo,pagado,99.38,15.9,115.28,35.0,2.0,Frecuente,False
973,1394,8,Adrián García,adrián.garcía8@correo.com,2026-01-03,Presencial (mesero),Bebidas frías,Agua mineral,1,31.87,31.87,para llevar,False,,,,,,2026-06-25,20:10:00,cancelado,efectivo,pendiente,31.87,5.1,36.97,,,Frecuente,False
974,1395,114,Ana Morales,ana.morales114@correo.com,2026-02-22,Página web,Bebidas calientes,Infusión de manzanilla,3,40.52,121.56,para llevar,False,,,,,,2026-08-01,18:30:00,entregado,pago en línea,pagado,202.66,32.43,235.09,36.0,5.0,Frecuente,True
975,1395,114,Ana Morales,ana.morales114@correo.com,2026-02-22,Página web,Bebidas calientes,Té chai,2,40.55,81.1,para llevar,False,,,,,,2026-08-01,18:30:00,entregado,pago en línea,pagado,202.66,32.43,235.09,36.0,5.0,Frecuente,True
976,1396,176,Daniela Vázquez,daniela.vázquez176@correo.com,2026-03-23,Página web,Bebidas frías,Jugo de naranja,2,39.75,79.5,para llevar,False,,,,,,2026-06-25,07:05:00,entregado,efectivo,pagado,79.5,12.72,92.22,14.0,5.0,Frecuente,True
977,1397,92,Camila Jiménez,camila.jiménez92@correo.com,2025-11-13,Presencial (mesero),Alimentos,Sandwich club,3,64.69,194.07,en el lugar,True,5.0,Terraza,pareja,2026-02-13,completada,2026-02-13,13:35:00,en preparación,transferencia,pagado,283.38,45.34,328.72,,,Frecuente,False
978,1397,92,Camila Jiménez,camila.jiménez92@correo.com,2025-11-13,Presencial (mesero),Bebidas frías,Jugo de naranja,3,29.77,89.31,en el lugar,True,5.0,Terraza,pareja,2026-02-13,completada,2026-02-13,13:35:00,en preparación,transferencia,pagado,283.38,45.34,328.72,,,Frecuente,False
979,1398,203,Andrea Castillo,andrea.castillo203@correo.com,2026-01-25,Página web,Repostería,Concha,3,26.37,79.11,en el lugar,False,4.0,Salón principal,grupal,,,2026-06-11,18:50:00,entregado,pago en línea,pagado,378.45,60.55,439.0,8.0,5.0,Frecuente,True
980,1398,203,Andrea Castillo,andrea.castillo203@correo.com,2026-01-25,Página web,Bebidas frías,Limonada,2,33.05,66.1,en el lugar,False,4.0,Salón principal,grupal,,,2026-06-11,18:50:00,entregado,pago en línea,pagado,378.45,60.55,439.0,8.0,5.0,Frecuente,True
981,1398,203,Andrea Castillo,andrea.castillo203@correo.com,2026-01-25,Página web,Café caliente,Café de olla,2,34.93,69.86,en el lugar,False,4.0,Salón principal,grupal,,,2026-06-11,18:50:00,entregado,pago en línea,pagado,378.45,60.55,439.0,8.0,5.0,Frecuente,True
982,1398,203,Andrea Castillo,andrea.castillo203@correo.com,2026-01-25,Página web,Café caliente,Espresso,3,54.46,163.38,en el lugar,False,4.0,Salón principal,grupal,,,2026-06-11,18:50:00,entregado,pago en línea,pagado,378.45,60.55,439.0,8.0,5.0,Frecuente,True
983,1399,126,Michelle Castillo,michelle.castillo126@correo.com,2025-02-23,Presencial (mesero),Bebidas frías,Agua mineral,1,32.12,32.12,en el lugar,False,18.0,Barra,individual,,,2025-11-04,11:00:00,entregado,transferencia,pagado,125.36,20.06,145.42,21.0,3.0,Frecuente,False
984,1399,126,Michelle Castillo,michelle.castillo126@correo.com,2025-02-23,Presencial (mesero),Bebidas frías,Limonada,1,33.76,33.76,en el lugar,False,18.0,Barra,individual,,,2025-11-04,11:00:00,entregado,transferencia,pagado,125.36,20.06,145.42,21.0,3.0,Frecuente,False
985,1399,126,Michelle Castillo,michelle.castillo126@correo.com,2025-02-23,Presencial (mesero),Bebidas calientes,Té chai,2,29.74,59.48,en el lugar,False,18.0,Barra,individual,,,2025-11-04,11:00:00,entregado,transferencia,pagado,125.36,20.06,145.42,21.0,3.0,Frecuente,False
986,1400,94,Raúl Reyes,raúl.reyes94@correo.com,2025-06-28,Página web,Bebidas frías,Agua mineral,3,25.21,75.63,para llevar,False,,,,,,2025-09-04,16:40:00,entregado,pago en línea,pagado,75.63,12.1,87.73,33.0,2.0,Frecuente,True
987,1401,33,Luis Martínez,luis.martínez33@correo.com,2026-05-13,Página web,Bebidas frías,Jugo de naranja,3,32.1,96.3,en el lugar,True,7.0,Terraza,grupal,2026-07-08,pendiente,2026-07-10,08:20:00,entregado,pago en línea,pagado,203.42,32.55,235.97,42.0,5.0,VIP,True
988,1401,33,Luis Martínez,luis.martínez33@correo.com,2026-05-13,Página web,Alimentos,Bagel con queso crema,1,60.82,60.82,en el lugar,True,7.0,Terraza,grupal,2026-07-08,pendiente,2026-07-10,08:20:00,entregado,pago en línea,pagado,203.42,32.55,235.97,42.0,5.0,VIP,True
989,1401,33,Luis Martínez,luis.martínez33@correo.com,2026-05-13,Página web,Alimentos,Panini de jamón y queso,1,46.3,46.3,en el lugar,True,7.0,Terraza,grupal,2026-07-08,pendiente,2026-07-10,08:20:00,entregado,pago en línea,pagado,203.42,32.55,235.97,42.0,5.0,VIP,True
990,1402,198,Adrián Reyes,adrián.reyes198@correo.com,2025-06-05,Presencial (mostrador),Café frío,Cold brew,1,43.21,43.21,para llevar,False,,,,,,2025-07-31,17:40:00,entregado,tarjeta,pagado,288.31,46.13,334.44,27.0,4.0,Frecuente,False
991,1402,198,Adrián Reyes,adrián.reyes198@correo.com,2025-06-05,Presencial (mostrador),Café caliente,Latte,1,54.45,54.45,para llevar,False,,,,,,2025-07-31,17:40:00,entregado,tarjeta,pagado,288.31,46.13,334.44,27.0,4.0,Frecuente,False
992,1402,198,Adrián Reyes,adrián.reyes198@correo.com,2025-06-05,Presencial (mostrador),Café frío,Frappuccino de caramelo,3,63.55,190.65,para llevar,False,,,,,,2025-07-31,17:40:00,entregado,tarjeta,pagado,288.31,46.13,334.44,27.0,4.0,Frecuente,False
993,1403,151,Marco Torres,marco.torres151@correo.com,2026-06-22,Página web,Bebidas frías,Té helado,3,37.93,113.79,para llevar,False,,,,,,2026-07-29,20:35:00,entregado,pago en línea,pagado,490.77,78.52,569.29,33.0,4.0,Frecuente,True
994,1403,151,Marco Torres,marco.torres151@correo.com,2026-06-22,Página web,Café frío,Café helado,3,63.4,190.2,para llevar,False,,,,,,2026-07-29,20:35:00,entregado,pago en línea,pagado,490.77,78.52,569.29,33.0,4.0,Frecuente,True
995,1403,151,Marco Torres,marco.torres151@correo.com,2026-06-22,Página web,Alimentos,Bagel con queso crema,3,62.26,186.78,para llevar,False,,,,,,2026-07-29,20:35:00,entregado,pago en línea,pagado,490.77,78.52,569.29,33.0,4.0,Frecuente,True
996,1404,121,Jorge Romero,jorge.romero121@correo.com,2026-07-01,Página web,Bebidas calientes,Chocolate caliente,2,38.56,77.12,en el lugar,False,5.0,Salón principal,pareja,,,2026-07-31,16:10:00,entregado,pago en línea,pagado,313.18,50.11,363.29,22.0,2.0,VIP,True
997,1404,121,Jorge Romero,jorge.romero121@correo.com,2026-07-01,Página web,Alimentos,Panini de jamón y queso,2,54.16,108.32,en el lugar,False,5.0,Salón principal,pareja,,,2026-07-31,16:10:00,entregado,pago en línea,pagado,313.18,50.11,363.29,22.0,2.0,VIP,True
998,1404,121,Jorge Romero,jorge.romero121@correo.com,2026-07-01,Página web,Repostería,Pay de queso,3,42.58,127.74,en el lugar,False,5.0,Salón principal,pareja,,,2026-07-31,16:10:00,entregado,pago en línea,pagado,313.18,50.11,363.29,22.0,2.0,VIP,True
999,1405,195,Pablo Reyes,pablo.reyes195@correo.com,2026-04-12,Presencial (mesero),Café caliente,Mocaccino,1,34.48,34.48,para llevar,False,,,,,,2026-06-29,17:05:00,entregado,efectivo,pagado,34.48,5.52,40.0,11.0,5.0,VIP,False
1000,1406,166,Raúl Cruz,raúl.cruz166@correo.com,2026-04-27,Página web,Alimentos,Panini de jamón y queso,3,70.75,212.25,para llevar,False,,,,,,2026-05-07,18:20:00,en preparación,tarjeta,pagado,245.36,39.26,284.62,,,VIP,True
1001,1406,166,Raúl Cruz,raúl.cruz166@correo.com,2026-04-27,Página web,Bebidas calientes,Té chai,1,33.11,33.11,para llevar,False,,,,,,2026-05-07,18:20:00,en preparación,tarjeta,pagado,245.36,39.26,284.62,,,VIP,True
1002,1407,173,Karla Gómez,karla.gómez173@correo.com,2025-09-14,Presencial (mostrador),Café frío,Frappé de café,2,46.01,92.02,en el lugar,True,17.0,Terraza,grupal,2025-09-14,pendiente,2025-09-17,18:30:00,entregado,transferencia,pagado,219.16,35.07,254.23,31.0,5.0,Frecuente,False
1003,1407,173,Karla Gómez,karla.gómez173@correo.com,2025-09-14,Presencial (mostrador),Café frío,Café helado,2,63.57,127.14,en el lugar,True,17.0,Terraza,grupal,2025-09-14,pendiente,2025-09-17,18:30:00,entregado,transferencia,pagado,219.16,35.07,254.23,31.0,5.0,Frecuente,False
1004,1408,197,Raúl De la Cruz,raúl.delacruz197@correo.com,2025-11-22,Página web,Bebidas calientes,Infusión de manzanilla,2,29.35,58.7,en el lugar,False,4.0,Zona de estudio,pareja,,,2026-01-18,12:50:00,entregado,pago en línea,pagado,58.7,9.39,68.09,40.0,2.0,Frecuente,True
1005,1409,22,Sofía Díaz,sofía.díaz22@correo.com,2025-08-13,Presencial (mesero),Repostería,Muffin de arándano,2,28.75,57.5,para llevar,False,,,,,,2025-08-31,14:45:00,entregado,tarjeta,pagado,117.57,18.81,136.38,17.0,4.0,VIP,False
1006,1409,22,Sofía Díaz,sofía.díaz22@correo.com,2025-08-13,Presencial (mesero),Repostería,Dona glaseada,1,31.52,31.52,para llevar,False,,,,,,2025-08-31,14:45:00,entregado,tarjeta,pagado,117.57,18.81,136.38,17.0,4.0,VIP,False
1007,1409,22,Sofía Díaz,sofía.díaz22@correo.com,2025-08-13,Presencial (mesero),Repostería,Concha,1,28.55,28.55,para llevar,False,,,,,,2025-08-31,14:45:00,entregado,tarjeta,pagado,117.57,18.81,136.38,17.0,4.0,VIP,False
1008,1410,159,Paola López,paola.lópez159@correo.com,2026-07-31,Página web,Café caliente,Latte,3,45.72,137.16,en el lugar,True,16.0,Barra,pareja,2026-08-11,completada,2026-08-13,08:35:00,en preparación,pago en línea,pagado,214.27,34.28,248.55,,,VIP,True
1009,1410,159,Paola López,paola.lópez159@correo.com,2026-07-31,Página web,Alimentos,Bagel con queso crema,1,51.99,51.99,en el lugar,True,16.0,Barra,pareja,2026-08-11,completada,2026-08-13,08:35:00,en preparación,pago en línea,pagado,214.27,34.28,248.55,,,VIP,True
1010,1410,159,Paola López,paola.lópez159@correo.com,2026-07-31,Página web,Bebidas calientes,Infusión de manzanilla,1,25.12,25.12,en el lugar,True,16.0,Barra,pareja,2026-08-11,completada,2026-08-13,08:35:00,en preparación,pago en línea,pagado,214.27,34.28,248.55,,,VIP,True
1011,1411,14,Mariana Pérez,mariana.pérez14@correo.com,2026-01-15,Página web,Alimentos,Ensalada César,3,50.94,152.82,para llevar,False,,,,,,2026-03-04,11:00:00,entregado,pago en línea,pagado,237.81,38.05,275.86,33.0,5.0,Frecuente,True
1012,1411,14,Mariana Pérez,mariana.pérez14@correo.com,2026-01-15,Página web,Alimentos,Panini de jamón y queso,1,84.99,84.99,para llevar,False,,,,,,2026-03-04,11:00:00,entregado,pago en línea,pagado,237.81,38.05,275.86,33.0,5.0,Frecuente,True
1013,1412,136,Andrea Hernández,andrea.hernández136@correo.com,2026-03-07,Presencial (mostrador),Café frío,Cold brew,1,45.32,45.32,para llevar,False,,,,,,2026-07-13,18:55:00,entregado,efectivo,pagado,45.32,7.25,52.57,23.0,3.0,VIP,False
1014,1413,116,Michelle Vázquez,michelle.vázquez116@correo.com,2026-01-25,Página web,Café frío,Café helado,2,58.0,116.0,en el lugar,True,16.0,Zona de estudio,pareja,2026-02-04,completada,2026-02-07,17:25:00,entregado,pago en línea,pagado,149.66,23.95,173.61,14.0,4.0,Frecuente,True
1015,1413,116,Michelle Vázquez,michelle.vázquez116@correo.com,2026-01-25,Página web,Repostería,Dona glaseada,1,33.66,33.66,en el lugar,True,16.0,Zona de estudio,pareja,2026-02-04,completada,2026-02-07,17:25:00,entregado,pago en línea,pagado,149.66,23.95,173.61,14.0,4.0,Frecuente,True
1016,1414,216,Iván Hernández,iván.hernández216@correo.com,2026-02-10,Página web,Café frío,Frappé de café,1,38.97,38.97,para llevar,False,,,,,,2026-08-08,18:40:00,en preparación,pago en línea,pagado,148.45,23.75,172.2,,,Frecuente,True
1017,1414,216,Iván Hernández,iván.hernández216@correo.com,2026-02-10,Página web,Café caliente,Capuchino,2,54.74,109.48,para llevar,False,,,,,,2026-08-08,18:40:00,en preparación,pago en línea,pagado,148.45,23.75,172.2,,,Frecuente,True
1018,1415,85,Renata Díaz,renata.díaz85@correo.com,2026-06-06,Página web,Café frío,Café helado,1,47.78,47.78,para llevar,False,,,,,,2026-06-08,16:15:00,entregado,pago en línea,pagado,126.84,20.29,147.13,31.0,5.0,VIP,True
1019,1415,85,Renata Díaz,renata.díaz85@correo.com,2026-06-06,Página web,Café caliente,Café de olla,2,39.53,79.06,para llevar,False,,,,,,2026-06-08,16:15:00,entregado,pago en línea,pagado,126.84,20.29,147.13,31.0,5.0,VIP,True
1020,1416,117,Julián Flores,julián.flores117@correo.com,2026-02-04,Página web,Bebidas calientes,Té verde,2,29.24,58.48,para llevar,False,,,,,,2026-04-16,12:55:00,entregado,pago en línea,pagado,58.48,9.36,67.84,14.0,5.0,Frecuente,True
1021,1417,72,Andrea López,andrea.lópez72@correo.com,2025-09-26,Presencial (mesero),Bebidas calientes,Chocolate caliente,3,31.62,94.86,para llevar,False,,,,,,2026-05-04,09:20:00,entregado,efectivo,pagado,94.86,15.18,110.04,45.0,3.0,VIP,False
1022,1418,17,Gabriela Ramírez,gabriela.ramírez17@correo.com,2025-11-29,Página web,Café caliente,Espresso,2,53.43,106.86,en el lugar,True,4.0,Salón principal,grupal,2026-06-07,completada,2026-06-07,10:50:00,cancelado,efectivo,pendiente,477.65,76.42,554.07,,,Frecuente,True
1023,1418,17,Gabriela Ramírez,gabriela.ramírez17@correo.com,2025-11-29,Página web,Bebidas frías,Agua mineral,3,26.03,78.09,en el lugar,True,4.0,Salón principal,grupal,2026-06-07,completada,2026-06-07,10:50:00,cancelado,efectivo,pendiente,477.65,76.42,554.07,,,Frecuente,True
1024,1418,17,Gabriela Ramírez,gabriela.ramírez17@correo.com,2025-11-29,Página web,Alimentos,Bagel con queso crema,3,71.68,215.04,en el lugar,True,4.0,Salón principal,grupal,2026-06-07,completada,2026-06-07,10:50:00,cancelado,efectivo,pendiente,477.65,76.42,554.07,,,Frecuente,True
1025,1418,17,Gabriela Ramírez,gabriela.ramírez17@correo.com,2025-11-29,Página web,Café frío,Frappé de café,2,38.83,77.66,en el lugar,True,4.0,Salón principal,grupal,2026-06-07,completada,2026-06-07,10:50:00,cancelado,efectivo,pendiente,477.65,76.42,554.07,,,Frecuente,True
1026,1419,76,Mariana De la Cruz,mariana.delacruz76@correo.com,2026-01-02,Presencial (mesero),Café frío,Café helado,1,55.9,55.9,en el lugar,True,4.0,Barra,individual,2026-08-15,completada,2026-08-18,19:40:00,en preparación,transferencia,pagado,55.9,8.94,64.84,,,Frecuente,False
1027,1420,215,María Ramírez,maría.ramírez215@correo.com,2026-01-26,Página web,Alimentos,Ensalada César,3,55.35,166.05,en el lugar,True,13.0,Barra,grupal,2026-04-10,completada,2026-04-10,07:45:00,listo,pago en línea,pagado,431.69,69.07,500.76,22.0,,VIP,True
1028,1420,215,María Ramírez,maría.ramírez215@correo.com,2026-01-26,Página web,Café caliente,Americano,3,43.44,130.32,en el lugar,True,13.0,Barra,grupal,2026-04-10,completada,2026-04-10,07:45:00,listo,pago en línea,pagado,431.69,69.07,500.76,22.0,,VIP,True
1029,1420,215,María Ramírez,maría.ramírez215@correo.com,2026-01-26,Página web,Bebidas frías,Té helado,2,37.58,75.16,en el lugar,True,13.0,Barra,grupal,2026-04-10,completada,2026-04-10,07:45:00,listo,pago en línea,pagado,431.69,69.07,500.76,22.0,,VIP,True
1030,1420,215,María Ramírez,maría.ramírez215@correo.com,2026-01-26,Página web,Bebidas frías,Refresco de cola,2,30.08,60.16,en el lugar,True,13.0,Barra,grupal,2026-04-10,completada,2026-04-10,07:45:00,listo,pago en línea,pagado,431.69,69.07,500.76,22.0,,VIP,True
1031,1421,213,Julián Vázquez,julián.vázquez213@correo.com,2025-11-03,Página web,Bebidas calientes,Chocolate caliente,2,43.84,87.68,para llevar,False,,,,,,2026-04-03,18:20:00,entregado,pago en línea,pagado,87.68,14.03,101.71,25.0,2.0,VIP,True
1032,1422,250,Diego Romero,diego.romero250@correo.com,2025-02-14,Presencial (mesero),Bebidas calientes,Té verde,1,31.49,31.49,para llevar,False,,,,,,2025-04-07,17:15:00,entregado,transferencia,pagado,211.04,33.77,244.81,22.0,3.0,VIP,False
1033,1422,250,Diego Romero,diego.romero250@correo.com,2025-02-14,Presencial (mesero),Bebidas calientes,Té verde,3,39.44,118.32,para llevar,False,,,,,,2025-04-07,17:15:00,entregado,transferencia,pagado,211.04,33.77,244.81,22.0,3.0,VIP,False
1034,1422,250,Diego Romero,diego.romero250@correo.com,2025-02-14,Presencial (mesero),Alimentos,Ensalada César,1,61.23,61.23,para llevar,False,,,,,,2025-04-07,17:15:00,entregado,transferencia,pagado,211.04,33.77,244.81,22.0,3.0,VIP,False
1035,1423,126,Michelle Castillo,michelle.castillo126@correo.com,2025-02-23,Presencial (mesero),Bebidas calientes,Chocolate caliente,1,41.34,41.34,en el lugar,False,19.0,Terraza,grupal,,,2025-12-06,09:20:00,listo,tarjeta,pagado,239.85,38.38,278.23,35.0,,Frecuente,False
1036,1423,126,Michelle Castillo,michelle.castillo126@correo.com,2025-02-23,Presencial (mesero),Café frío,Café helado,3,43.06,129.18,en el lugar,False,19.0,Terraza,grupal,,,2025-12-06,09:20:00,listo,tarjeta,pagado,239.85,38.38,278.23,35.0,,Frecuente,False
1037,1423,126,Michelle Castillo,michelle.castillo126@correo.com,2025-02-23,Presencial (mesero),Bebidas frías,Refresco de cola,3,23.11,69.33,en el lugar,False,19.0,Terraza,grupal,,,2025-12-06,09:20:00,listo,tarjeta,pagado,239.85,38.38,278.23,35.0,,Frecuente,False
1038,1424,195,Pablo Reyes,pablo.reyes195@correo.com,2026-04-12,Página web,Bebidas calientes,Chocolate caliente,2,37.95,75.9,para llevar,False,,,,,,2026-07-15,09:35:00,entregado,efectivo,pagado,337.47,54.0,391.47,14.0,1.0,VIP,True
1039,1424,195,Pablo Reyes,pablo.reyes195@correo.com,2026-04-12,Página web,Café caliente,Capuchino,1,32.4,32.4,para llevar,False,,,,,,2026-07-15,09:35:00,entregado,efectivo,pagado,337.47,54.0,391.47,14.0,1.0,VIP,True
1040,1424,195,Pablo Reyes,pablo.reyes195@correo.com,2026-04-12,Página web,Café frío,Frappuccino de caramelo,2,55.62,111.24,para llevar,False,,,,,,2026-07-15,09:35:00,entregado,efectivo,pagado,337.47,54.0,391.47,14.0,1.0,VIP,True
1041,1424,195,Pablo Reyes,pablo.reyes195@correo.com,2026-04-12,Página web,Café frío,Frappé de café,3,39.31,117.93,para llevar,False,,,,,,2026-07-15,09:35:00,entregado,efectivo,pagado,337.47,54.0,391.47,14.0,1.0,VIP,True
1042,1425,128,Ximena Sánchez,ximena.sánchez128@correo.com,2025-01-21,Presencial (mostrador),Café caliente,Espresso,3,48.61,145.83,para llevar,False,,,,,,2026-07-14,09:55:00,entregado,tarjeta,pagado,145.83,23.33,169.16,16.0,2.0,Frecuente,False
1043,1426,187,Luis Ramírez,luis.ramírez187@correo.com,2025-04-27,Página web,Café frío,Cold brew,3,49.41,148.23,en el lugar,False,1.0,Terraza,grupal,,,2025-09-01,19:05:00,listo,pago en línea,pagado,148.23,23.72,171.95,36.0,,Frecuente,True
1044,1427,237,Valeria Cruz,valeria.cruz237@correo.com,2026-04-01,Página web,Café caliente,Espresso,2,30.78,61.56,para llevar,False,,,,,,2026-05-12,11:25:00,entregado,pago en línea,pagado,61.56,9.85,71.41,34.0,5.0,Frecuente,True
1045,1428,249,Óscar Díaz,óscar.díaz249@correo.com,2026-06-10,Página web,Bebidas calientes,Infusión de manzanilla,1,38.74,38.74,para llevar,False,,,,,,2026-06-28,07:15:00,entregado,pago en línea,pagado,73.58,11.77,85.35,26.0,5.0,Frecuente,True
1046,1428,249,Óscar Díaz,óscar.díaz249@correo.com,2026-06-10,Página web,Bebidas calientes,Té chai,1,34.84,34.84,para llevar,False,,,,,,2026-06-28,07:15:00,entregado,pago en línea,pagado,73.58,11.77,85.35,26.0,5.0,Frecuente,True
1047,1429,32,Camila Ramírez,camila.ramírez32@correo.com,2025-03-01,Página web,Bebidas frías,Limonada,3,23.56,70.68,para llevar,False,,,,,,2026-03-01,08:45:00,en preparación,pago en línea,pagado,70.68,11.31,81.99,,,VIP,True
1048,1430,89,Hugo García,hugo.garcía89@correo.com,2026-01-30,Presencial (mostrador),Repostería,Concha,1,34.49,34.49,para llevar,False,,,,,,2026-04-25,16:10:00,entregado,tarjeta,pagado,350.19,56.03,406.22,32.0,5.0,VIP,False
1049,1430,89,Hugo García,hugo.garcía89@correo.com,2026-01-30,Presencial (mostrador),Alimentos,Ensalada César,3,91.64,274.92,para llevar,False,,,,,,2026-04-25,16:10:00,entregado,tarjeta,pagado,350.19,56.03,406.22,32.0,5.0,VIP,False
1050,1430,89,Hugo García,hugo.garcía89@correo.com,2026-01-30,Presencial (mostrador),Bebidas calientes,Té chai,1,40.78,40.78,para llevar,False,,,,,,2026-04-25,16:10:00,entregado,tarjeta,pagado,350.19,56.03,406.22,32.0,5.0,VIP,False
1051,1431,82,Diego Sánchez,diego.sánchez82@correo.com,2026-04-17,Presencial (mostrador),Café frío,Frappé de café,2,44.69,89.38,para llevar,False,,,,,,2026-06-13,18:35:00,entregado,transferencia,pagado,348.07,55.69,403.76,29.0,4.0,VIP,False
1052,1431,82,Diego Sánchez,diego.sánchez82@correo.com,2026-04-17,Presencial (mostrador),Café frío,Cold brew,3,58.03,174.09,para llevar,False,,,,,,2026-06-13,18:35:00,entregado,transferencia,pagado,348.07,55.69,403.76,29.0,4.0,VIP,False
1053,1431,82,Diego Sánchez,diego.sánchez82@correo.com,2026-04-17,Presencial (mostrador),Repostería,Muffin de arándano,2,42.3,84.6,para llevar,False,,,,,,2026-06-13,18:35:00,entregado,transferencia,pagado,348.07,55.69,403.76,29.0,4.0,VIP,False
1054,1432,206,María García,maría.garcía206@correo.com,2026-03-31,Presencial (mesero),Bebidas frías,Jugo de naranja,1,36.43,36.43,para llevar,False,,,,,,2026-05-05,19:50:00,entregado,transferencia,pagado,495.16,79.23,574.39,15.0,2.0,VIP,False
1055,1432,206,María García,maría.garcía206@correo.com,2026-03-31,Presencial (mesero),Alimentos,Sandwich club,2,74.05,148.1,para llevar,False,,,,,,2026-05-05,19:50:00,entregado,transferencia,pagado,495.16,79.23,574.39,15.0,2.0,VIP,False
1056,1432,206,María García,maría.garcía206@correo.com,2026-03-31,Presencial (mesero),Alimentos,Bagel con queso crema,3,80.15,240.45,para llevar,False,,,,,,2026-05-05,19:50:00,entregado,transferencia,pagado,495.16,79.23,574.39,15.0,2.0,VIP,False
1057,1432,206,María García,maría.garcía206@correo.com,2026-03-31,Presencial (mesero),Café frío,Café helado,2,35.09,70.18,para llevar,False,,,,,,2026-05-05,19:50:00,entregado,transferencia,pagado,495.16,79.23,574.39,15.0,2.0,VIP,False
1058,1433,195,Pablo Reyes,pablo.reyes195@correo.com,2026-04-12,Presencial (mesero),Café frío,Cold brew,2,59.83,119.66,en el lugar,False,10.0,Barra,individual,,,2026-04-27,12:25:00,listo,transferencia,pagado,303.08,48.49,351.57,45.0,,VIP,False
1059,1433,195,Pablo Reyes,pablo.reyes195@correo.com,2026-04-12,Presencial (mesero),Café caliente,Mocaccino,1,31.72,31.72,en el lugar,False,10.0,Barra,individual,,,2026-04-27,12:25:00,listo,transferencia,pagado,303.08,48.49,351.57,45.0,,VIP,False
1060,1433,195,Pablo Reyes,pablo.reyes195@correo.com,2026-04-12,Presencial (mesero),Bebidas calientes,Chocolate caliente,3,32.55,97.65,en el lugar,False,10.0,Barra,individual,,,2026-04-27,12:25:00,listo,transferencia,pagado,303.08,48.49,351.57,45.0,,VIP,False
1061,1433,195,Pablo Reyes,pablo.reyes195@correo.com,2026-04-12,Presencial (mesero),Café caliente,Mocaccino,1,54.05,54.05,en el lugar,False,10.0,Barra,individual,,,2026-04-27,12:25:00,listo,transferencia,pagado,303.08,48.49,351.57,45.0,,VIP,False
1062,1434,138,Daniela Jiménez,daniela.jiménez138@correo.com,2025-10-04,Presencial (mesero),Café caliente,Espresso,2,43.37,86.74,para llevar,False,,,,,,2025-11-10,14:45:00,entregado,efectivo,pagado,336.55,53.85,390.4,41.0,5.0,Frecuente,False
1063,1434,138,Daniela Jiménez,daniela.jiménez138@correo.com,2025-10-04,Presencial (mesero),Alimentos,Bagel con queso crema,3,83.27,249.81,para llevar,False,,,,,,2025-11-10,14:45:00,entregado,efectivo,pagado,336.55,53.85,390.4,41.0,5.0,Frecuente,False
1064,1435,247,Alejandro De la Cruz,alejandro.delacruz247@correo.com,2025-05-10,Página web,Café caliente,Americano,2,29.62,59.24,para llevar,False,,,,,,2026-05-02,11:35:00,listo,pago en línea,pagado,241.14,38.58,279.72,43.0,,Frecuente,True
1065,1435,247,Alejandro De la Cruz,alejandro.delacruz247@correo.com,2025-05-10,Página web,Bebidas calientes,Té chai,3,37.08,111.24,para llevar,False,,,,,,2026-05-02,11:35:00,listo,pago en línea,pagado,241.14,38.58,279.72,43.0,,Frecuente,True
1066,1435,247,Alejandro De la Cruz,alejandro.delacruz247@correo.com,2025-05-10,Página web,Café frío,Cold brew,2,35.33,70.66,para llevar,False,,,,,,2026-05-02,11:35:00,listo,pago en línea,pagado,241.14,38.58,279.72,43.0,,Frecuente,True
1067,1436,90,Karla Hernández,karla.hernández90@correo.com,2026-06-17,Página web,Bebidas frías,Refresco de cola,1,39.56,39.56,para llevar,False,,,,,,2026-07-20,16:40:00,en preparación,pago en línea,pagado,39.56,6.33,45.89,,,Frecuente,True
1068,1437,234,Lucía Díaz,lucía.díaz234@correo.com,2026-07-08,Página web,Bebidas calientes,Infusión de manzanilla,3,34.55,103.65,para llevar,False,,,,,,2026-07-21,13:45:00,listo,transferencia,pagado,103.65,16.58,120.23,33.0,,Frecuente,True
1069,1438,160,Ximena García,ximena.garcía160@correo.com,2026-07-26,Presencial (mostrador),Repostería,Croissant,2,43.95,87.9,en el lugar,True,4.0,Terraza,individual,2026-08-05,completada,2026-08-07,09:00:00,listo,efectivo,pagado,132.02,21.12,153.14,43.0,,VIP,False
1070,1438,160,Ximena García,ximena.garcía160@correo.com,2026-07-26,Presencial (mostrador),Café caliente,Americano,1,44.12,44.12,en el lugar,True,4.0,Terraza,individual,2026-08-05,completada,2026-08-07,09:00:00,listo,efectivo,pagado,132.02,21.12,153.14,43.0,,VIP,False
1071,1439,32,Camila Ramírez,camila.ramírez32@correo.com,2025-03-01,Página web,Café caliente,Espresso,1,36.49,36.49,para llevar,False,,,,,,2025-09-23,17:00:00,entregado,pago en línea,pagado,392.38,62.78,455.16,40.0,5.0,VIP,True
1072,1439,32,Camila Ramírez,camila.ramírez32@correo.com,2025-03-01,Página web,Repostería,Concha,3,59.32,177.96,para llevar,False,,,,,,2025-09-23,17:00:00,entregado,pago en línea,pagado,392.38,62.78,455.16,40.0,5.0,VIP,True
1073,1439,32,Camila Ramírez,camila.ramírez32@correo.com,2025-03-01,Página web,Repostería,Pay de queso,3,42.51,127.53,para llevar,False,,,,,,2025-09-23,17:00:00,entregado,pago en línea,pagado,392.38,62.78,455.16,40.0,5.0,VIP,True
1074,1439,32,Camila Ramírez,camila.ramírez32@correo.com,2025-03-01,Página web,Repostería,Pay de queso,1,50.4,50.4,para llevar,False,,,,,,2025-09-23,17:00:00,entregado,pago en línea,pagado,392.38,62.78,455.16,40.0,5.0,VIP,True
1075,1440,56,Hugo Jiménez,hugo.jiménez56@correo.com,2025-06-11,Página web,Café frío,Cold brew,1,58.06,58.06,en el lugar,True,2.0,Zona de estudio,individual,2025-07-31,completada,2025-08-01,15:10:00,entregado,pago en línea,pagado,154.9,24.78,179.68,35.0,5.0,Frecuente,True
1076,1440,56,Hugo Jiménez,hugo.jiménez56@correo.com,2025-06-11,Página web,Café frío,Café helado,2,48.42,96.84,en el lugar,True,2.0,Zona de estudio,individual,2025-07-31,completada,2025-08-01,15:10:00,entregado,pago en línea,pagado,154.9,24.78,179.68,35.0,5.0,Frecuente,True
1077,1441,8,Adrián García,adrián.garcía8@correo.com,2026-01-03,Página web,Bebidas frías,Refresco de cola,2,21.95,43.9,para llevar,False,,,,,,2026-01-13,18:50:00,entregado,pago en línea,pagado,189.97,30.4,220.37,13.0,3.0,Frecuente,True
1078,1441,8,Adrián García,adrián.garcía8@correo.com,2026-01-03,Página web,Café caliente,Americano,3,48.69,146.07,para llevar,False,,,,,,2026-01-13,18:50:00,entregado,pago en línea,pagado,189.97,30.4,220.37,13.0,3.0,Frecuente,True
1079,1442,171,Lucía Flores,lucía.flores171@correo.com,2026-02-17,Página web,Repostería,Pay de queso,3,47.76,143.28,en el lugar,True,9.0,Zona de estudio,pareja,2026-06-24,completada,2026-06-24,08:35:00,listo,pago en línea,pagado,477.54,76.41,553.95,31.0,,VIP,True
1080,1442,171,Lucía Flores,lucía.flores171@correo.com,2026-02-17,Página web,Café frío,Frappé de café,3,64.15,192.45,en el lugar,True,9.0,Zona de estudio,pareja,2026-06-24,completada,2026-06-24,08:35:00,listo,pago en línea,pagado,477.54,76.41,553.95,31.0,,VIP,True
1081,1442,171,Lucía Flores,lucía.flores171@correo.com,2026-02-17,Página web,Alimentos,Sandwich club,1,63.17,63.17,en el lugar,True,9.0,Zona de estudio,pareja,2026-06-24,completada,2026-06-24,08:35:00,listo,pago en línea,pagado,477.54,76.41,553.95,31.0,,VIP,True
1082,1442,171,Lucía Flores,lucía.flores171@correo.com,2026-02-17,Página web,Repostería,Pay de queso,2,39.32,78.64,en el lugar,True,9.0,Zona de estudio,pareja,2026-06-24,completada,2026-06-24,08:35:00,listo,pago en línea,pagado,477.54,76.41,553.95,31.0,,VIP,True
1083,1443,25,Adrián Romero,adrián.romero25@correo.com,2026-04-25,Presencial (mesero),Repostería,Dona glaseada,3,26.49,79.47,para llevar,False,,,,,,2026-06-29,20:45:00,entregado,transferencia,pagado,236.9,37.9,274.8,37.0,5.0,Recurrente,False
1084,1443,25,Adrián Romero,adrián.romero25@correo.com,2026-04-25,Presencial (mesero),Bebidas calientes,Té chai,2,39.82,79.64,para llevar,False,,,,,,2026-06-29,20:45:00,entregado,transferencia,pagado,236.9,37.9,274.8,37.0,5.0,Recurrente,False
1085,1443,25,Adrián Romero,adrián.romero25@correo.com,2026-04-25,Presencial (mesero),Café frío,Frappé de café,1,39.64,39.64,para llevar,False,,,,,,2026-06-29,20:45:00,entregado,transferencia,pagado,236.9,37.9,274.8,37.0,5.0,Recurrente,False
1086,1443,25,Adrián Romero,adrián.romero25@correo.com,2026-04-25,Presencial (mesero),Café caliente,Capuchino,1,38.15,38.15,para llevar,False,,,,,,2026-06-29,20:45:00,entregado,transferencia,pagado,236.9,37.9,274.8,37.0,5.0,Recurrente,False
1087,1444,166,Raúl Cruz,raúl.cruz166@correo.com,2026-04-27,Página web,Alimentos,Bagel con queso crema,2,65.08,130.16,en el lugar,False,15.0,Terraza,individual,,,2026-07-21,08:25:00,entregado,pago en línea,pagado,267.45,42.79,310.24,17.0,2.0,VIP,True
1088,1444,166,Raúl Cruz,raúl.cruz166@correo.com,2026-04-27,Página web,Café caliente,Capuchino,1,37.25,37.25,en el lugar,False,15.0,Terraza,individual,,,2026-07-21,08:25:00,entregado,pago en línea,pagado,267.45,42.79,310.24,17.0,2.0,VIP,True
1089,1444,166,Raúl Cruz,raúl.cruz166@correo.com,2026-04-27,Página web,Bebidas frías,Refresco de cola,3,24.25,72.75,en el lugar,False,15.0,Terraza,individual,,,2026-07-21,08:25:00,entregado,pago en línea,pagado,267.45,42.79,310.24,17.0,2.0,VIP,True
1090,1444,166,Raúl Cruz,raúl.cruz166@correo.com,2026-04-27,Página web,Bebidas calientes,Infusión de manzanilla,1,27.29,27.29,en el lugar,False,15.0,Terraza,individual,,,2026-07-21,08:25:00,entregado,pago en línea,pagado,267.45,42.79,310.24,17.0,2.0,VIP,True
1091,1445,83,Diego Ramírez,diego.ramírez83@correo.com,2025-01-25,Página web,Repostería,Muffin de arándano,3,47.25,141.75,en el lugar,True,12.0,Barra,pareja,2025-08-30,completada,2025-08-31,12:45:00,en preparación,transferencia,pagado,436.24,69.8,506.04,,,Frecuente,True
1092,1445,83,Diego Ramírez,diego.ramírez83@correo.com,2025-01-25,Página web,Café caliente,Americano,1,29.87,29.87,en el lugar,True,12.0,Barra,pareja,2025-08-30,completada,2025-08-31,12:45:00,en preparación,transferencia,pagado,436.24,69.8,506.04,,,Frecuente,True
1093,1445,83,Diego Ramírez,diego.ramírez83@correo.com,2025-01-25,Página web,Alimentos,Sandwich club,3,59.92,179.76,en el lugar,True,12.0,Barra,pareja,2025-08-30,completada,2025-08-31,12:45:00,en preparación,transferencia,pagado,436.24,69.8,506.04,,,Frecuente,True
1094,1445,83,Diego Ramírez,diego.ramírez83@correo.com,2025-01-25,Página web,Bebidas calientes,Infusión de manzanilla,2,42.43,84.86,en el lugar,True,12.0,Barra,pareja,2025-08-30,completada,2025-08-31,12:45:00,en preparación,transferencia,pagado,436.24,69.8,506.04,,,Frecuente,True
1095,1446,49,Pablo Hernández,pablo.hernández49@correo.com,2025-04-06,Página web,Bebidas calientes,Infusión de manzanilla,3,32.09,96.27,en el lugar,True,10.0,Salón principal,individual,2025-07-07,no_show,2025-07-09,20:00:00,entregado,pago en línea,pagado,220.65,35.3,255.95,45.0,5.0,VIP,True
1096,1446,49,Pablo Hernández,pablo.hernández49@correo.com,2025-04-06,Página web,Bebidas calientes,Infusión de manzanilla,3,41.46,124.38,en el lugar,True,10.0,Salón principal,individual,2025-07-07,no_show,2025-07-09,20:00:00,entregado,pago en línea,pagado,220.65,35.3,255.95,45.0,5.0,VIP,True
1097,1447,100,Emilio López,emilio.lópez100@correo.com,2025-01-26,Presencial (mesero),Repostería,Concha,3,52.72,158.16,en el lugar,False,11.0,Terraza,individual,,,2025-06-23,12:50:00,en preparación,efectivo,pagado,287.35,45.98,333.33,,,Recurrente,False
1098,1447,100,Emilio López,emilio.lópez100@correo.com,2025-01-26,Presencial (mesero),Bebidas calientes,Infusión de manzanilla,1,30.26,30.26,en el lugar,False,11.0,Terraza,individual,,,2025-06-23,12:50:00,en preparación,efectivo,pagado,287.35,45.98,333.33,,,Recurrente,False
1099,1447,100,Emilio López,emilio.lópez100@correo.com,2025-01-26,Presencial (mesero),Bebidas calientes,Té chai,1,44.76,44.76,en el lugar,False,11.0,Terraza,individual,,,2025-06-23,12:50:00,en preparación,efectivo,pagado,287.35,45.98,333.33,,,Recurrente,False
1100,1447,100,Emilio López,emilio.lópez100@correo.com,2025-01-26,Presencial (mesero),Café frío,Frappuccino de caramelo,1,54.17,54.17,en el lugar,False,11.0,Terraza,individual,,,2025-06-23,12:50:00,en preparación,efectivo,pagado,287.35,45.98,333.33,,,Recurrente,False
1101,1448,36,Karla Sánchez,karla.sánchez36@correo.com,2026-07-07,Página web,Bebidas calientes,Té chai,2,32.41,64.82,para llevar,False,,,,,,2026-07-19,13:55:00,entregado,pago en línea,pagado,171.53,27.44,198.97,15.0,3.0,Frecuente,True
1102,1448,36,Karla Sánchez,karla.sánchez36@correo.com,2026-07-07,Página web,Repostería,Concha,3,35.57,106.71,para llevar,False,,,,,,2026-07-19,13:55:00,entregado,pago en línea,pagado,171.53,27.44,198.97,15.0,3.0,Frecuente,True
1103,1449,125,Raúl Torres,raúl.torres125@correo.com,2025-03-25,Página web,Café caliente,Americano,3,40.39,121.17,para llevar,False,,,,,,2026-08-18,17:35:00,listo,pago en línea,pagado,393.57,62.97,456.54,35.0,,Frecuente,True
1104,1449,125,Raúl Torres,raúl.torres125@correo.com,2025-03-25,Página web,Repostería,Croissant,3,44.35,133.05,para llevar,False,,,,,,2026-08-18,17:35:00,listo,pago en línea,pagado,393.57,62.97,456.54,35.0,,Frecuente,True
1105,1449,125,Raúl Torres,raúl.torres125@correo.com,2025-03-25,Página web,Café frío,Frappuccino de caramelo,3,46.45,139.35,para llevar,False,,,,,,2026-08-18,17:35:00,listo,pago en línea,pagado,393.57,62.97,456.54,35.0,,Frecuente,True
1106,1450,66,Pablo Flores,pablo.flores66@correo.com,2026-06-26,Página web,Café caliente,Latte,2,48.25,96.5,en el lugar,False,3.0,Terraza,individual,,,2026-08-05,11:55:00,entregado,pago en línea,pagado,375.39,60.06,435.45,38.0,5.0,VIP,True
1107,1450,66,Pablo Flores,pablo.flores66@correo.com,2026-06-26,Página web,Bebidas frías,Jugo de naranja,3,21.99,65.97,en el lugar,False,3.0,Terraza,individual,,,2026-08-05,11:55:00,entregado,pago en línea,pagado,375.39,60.06,435.45,38.0,5.0,VIP,True
1108,1450,66,Pablo Flores,pablo.flores66@correo.com,2026-06-26,Página web,Alimentos,Sandwich club,2,78.39,156.78,en el lugar,False,3.0,Terraza,individual,,,2026-08-05,11:55:00,entregado,pago en línea,pagado,375.39,60.06,435.45,38.0,5.0,VIP,True
1109,1450,66,Pablo Flores,pablo.flores66@correo.com,2026-06-26,Página web,Alimentos,Bagel con queso crema,1,56.14,56.14,en el lugar,False,3.0,Terraza,individual,,,2026-08-05,11:55:00,entregado,pago en línea,pagado,375.39,60.06,435.45,38.0,5.0,VIP,True
1110,1451,224,Marco Flores,marco.flores224@correo.com,2025-12-13,Presencial (mesero),Repostería,Pay de queso,3,48.57,145.71,en el lugar,True,13.0,Terraza,pareja,2026-08-12,completada,2026-08-13,08:25:00,entregado,transferencia,pagado,380.37,60.86,441.23,18.0,5.0,VIP,False
1111,1451,224,Marco Flores,marco.flores224@correo.com,2025-12-13,Presencial (mesero),Café caliente,Latte,3,28.88,86.64,en el lugar,True,13.0,Terraza,pareja,2026-08-12,completada,2026-08-13,08:25:00,entregado,transferencia,pagado,380.37,60.86,441.23,18.0,5.0,VIP,False
1112,1451,224,Marco Flores,marco.flores224@correo.com,2025-12-13,Presencial (mesero),Café caliente,Americano,3,49.34,148.02,en el lugar,True,13.0,Terraza,pareja,2026-08-12,completada,2026-08-13,08:25:00,entregado,transferencia,pagado,380.37,60.86,441.23,18.0,5.0,VIP,False
1113,1452,233,Ximena Castillo,ximena.castillo233@correo.com,2025-05-19,Página web,Bebidas frías,Refresco de cola,3,22.58,67.74,para llevar,False,,,,,,2026-03-07,13:15:00,entregado,pago en línea,pagado,67.74,10.84,78.58,19.0,5.0,Frecuente,True
1114,1453,5,Pablo Morales,pablo.morales5@correo.com,2025-08-14,Página web,Bebidas calientes,Infusión de manzanilla,3,41.86,125.58,para llevar,False,,,,,,2026-03-08,12:40:00,listo,pago en línea,pagado,125.58,20.09,145.67,24.0,,Frecuente,True
1115,1454,62,Camila Cruz,camila.cruz62@correo.com,2025-11-20,Página web,Café caliente,Café de olla,3,47.1,141.3,para llevar,False,,,,,,2026-02-09,12:15:00,entregado,pago en línea,pagado,256.26,41.0,297.26,37.0,5.0,Frecuente,True
1116,1454,62,Camila Cruz,camila.cruz62@correo.com,2025-11-20,Página web,Café caliente,Café de olla,3,38.32,114.96,para llevar,False,,,,,,2026-02-09,12:15:00,entregado,pago en línea,pagado,256.26,41.0,297.26,37.0,5.0,Frecuente,True
1117,1455,248,Estefanía García,estefanía.garcía248@correo.com,2025-03-07,Presencial (mostrador),Repostería,Dona glaseada,2,26.81,53.62,para llevar,False,,,,,,2026-03-08,09:15:00,entregado,efectivo,pagado,192.86,30.86,223.72,31.0,5.0,Frecuente,False
1118,1455,248,Estefanía García,estefanía.garcía248@correo.com,2025-03-07,Presencial (mostrador),Café caliente,Americano,2,44.94,89.88,para llevar,False,,,,,,2026-03-08,09:15:00,entregado,efectivo,pagado,192.86,30.86,223.72,31.0,5.0,Frecuente,False
1119,1455,248,Estefanía García,estefanía.garcía248@correo.com,2025-03-07,Presencial (mostrador),Bebidas calientes,Té chai,1,27.22,27.22,para llevar,False,,,,,,2026-03-08,09:15:00,entregado,efectivo,pagado,192.86,30.86,223.72,31.0,5.0,Frecuente,False
1120,1455,248,Estefanía García,estefanía.garcía248@correo.com,2025-03-07,Presencial (mostrador),Bebidas frías,Té helado,1,22.14,22.14,para llevar,False,,,,,,2026-03-08,09:15:00,entregado,efectivo,pagado,192.86,30.86,223.72,31.0,5.0,Frecuente,False
1121,1456,227,José Torres,josé.torres227@correo.com,2026-07-04,Página web,Bebidas calientes,Infusión de manzanilla,1,32.51,32.51,para llevar,False,,,,,,2026-07-17,13:05:00,entregado,efectivo,pagado,89.3,14.29,103.59,19.0,5.0,VIP,True
1122,1456,227,José Torres,josé.torres227@correo.com,2026-07-04,Página web,Repostería,Dona glaseada,1,56.79,56.79,para llevar,False,,,,,,2026-07-17,13:05:00,entregado,efectivo,pagado,89.3,14.29,103.59,19.0,5.0,VIP,True
1123,1457,186,Ximena Pérez,ximena.pérez186@correo.com,2025-11-15,Presencial (mesero),Café frío,Café helado,1,62.8,62.8,para llevar,False,,,,,,2025-12-01,08:25:00,entregado,transferencia,pagado,62.8,10.05,72.85,42.0,4.0,Frecuente,False
1124,1458,56,Hugo Jiménez,hugo.jiménez56@correo.com,2025-06-11,Presencial (mesero),Repostería,Croissant,3,32.69,98.07,para llevar,False,,,,,,2025-06-22,15:40:00,entregado,efectivo,pagado,98.07,15.69,113.76,16.0,4.0,Frecuente,False
1125,1459,233,Ximena Castillo,ximena.castillo233@correo.com,2025-05-19,Página web,Bebidas calientes,Infusión de manzanilla,3,33.72,101.16,para llevar,False,,,,,,2025-10-03,11:35:00,listo,pago en línea,pagado,329.44,52.71,382.15,39.0,,Frecuente,True
1126,1459,233,Ximena Castillo,ximena.castillo233@correo.com,2025-05-19,Página web,Alimentos,Bagel con queso crema,2,57.5,115.0,para llevar,False,,,,,,2025-10-03,11:35:00,listo,pago en línea,pagado,329.44,52.71,382.15,39.0,,Frecuente,True
1127,1459,233,Ximena Castillo,ximena.castillo233@correo.com,2025-05-19,Página web,Café frío,Café helado,1,63.86,63.86,para llevar,False,,,,,,2025-10-03,11:35:00,listo,pago en línea,pagado,329.44,52.71,382.15,39.0,,Frecuente,True
1128,1459,233,Ximena Castillo,ximena.castillo233@correo.com,2025-05-19,Página web,Café caliente,Café de olla,1,49.42,49.42,para llevar,False,,,,,,2025-10-03,11:35:00,listo,pago en línea,pagado,329.44,52.71,382.15,39.0,,Frecuente,True
1129,1460,20,Lucía López,lucía.lópez20@correo.com,2025-09-29,Página web,Alimentos,Bagel con queso crema,2,73.36,146.72,para llevar,False,,,,,,2026-05-08,14:30:00,entregado,pago en línea,pagado,671.39,107.42,778.81,9.0,5.0,Frecuente,True
1130,1460,20,Lucía López,lucía.lópez20@correo.com,2025-09-29,Página web,Repostería,Dona glaseada,3,53.68,161.04,para llevar,False,,,,,,2026-05-08,14:30:00,entregado,pago en línea,pagado,671.39,107.42,778.81,9.0,5.0,Frecuente,True
1131,1460,20,Lucía López,lucía.lópez20@correo.com,2025-09-29,Página web,Alimentos,Bagel con queso crema,3,89.47,268.41,para llevar,False,,,,,,2026-05-08,14:30:00,entregado,pago en línea,pagado,671.39,107.42,778.81,9.0,5.0,Frecuente,True
1132,1460,20,Lucía López,lucía.lópez20@correo.com,2025-09-29,Página web,Bebidas frías,Agua mineral,3,31.74,95.22,para llevar,False,,,,,,2026-05-08,14:30:00,entregado,pago en línea,pagado,671.39,107.42,778.81,9.0,5.0,Frecuente,True
1133,1461,210,Luis Romero,luis.romero210@correo.com,2026-01-27,Página web,Repostería,Croissant,2,52.28,104.56,para llevar,False,,,,,,2026-02-25,09:25:00,entregado,pago en línea,pagado,288.12,46.1,334.22,43.0,3.0,Frecuente,True
1134,1461,210,Luis Romero,luis.romero210@correo.com,2026-01-27,Página web,Café caliente,Espresso,3,36.6,109.8,para llevar,False,,,,,,2026-02-25,09:25:00,entregado,pago en línea,pagado,288.12,46.1,334.22,43.0,3.0,Frecuente,True
1135,1461,210,Luis Romero,luis.romero210@correo.com,2026-01-27,Página web,Café caliente,Mocaccino,2,36.88,73.76,para llevar,False,,,,,,2026-02-25,09:25:00,entregado,pago en línea,pagado,288.12,46.1,334.22,43.0,3.0,Frecuente,True
1136,1462,93,Iván Castillo,iván.castillo93@correo.com,2025-05-11,Presencial (mesero),Café frío,Frappé de café,2,59.08,118.16,en el lugar,True,9.0,Terraza,grupal,2025-06-10,completada,2025-06-13,13:20:00,entregado,tarjeta,pagado,212.67,34.03,246.7,18.0,5.0,Frecuente,False
1137,1462,93,Iván Castillo,iván.castillo93@correo.com,2025-05-11,Presencial (mesero),Alimentos,Sandwich club,1,94.51,94.51,en el lugar,True,9.0,Terraza,grupal,2025-06-10,completada,2025-06-13,13:20:00,entregado,tarjeta,pagado,212.67,34.03,246.7,18.0,5.0,Frecuente,False
1138,1463,240,Luis Sánchez,luis.sánchez240@correo.com,2025-01-22,Página web,Alimentos,Ensalada César,2,51.55,103.1,para llevar,False,,,,,,2025-12-22,16:30:00,entregado,pago en línea,pagado,103.1,16.5,119.6,42.0,5.0,Frecuente,True
1139,1464,94,Raúl Reyes,raúl.reyes94@correo.com,2025-06-28,Presencial (mostrador),Repostería,Muffin de arándano,2,51.38,102.76,para llevar,False,,,,,,2026-03-25,07:25:00,entregado,tarjeta,pagado,387.69,62.03,449.72,39.0,1.0,Frecuente,False
1140,1464,94,Raúl Reyes,raúl.reyes94@correo.com,2025-06-28,Presencial (mostrador),Alimentos,Sandwich club,2,72.82,145.64,para llevar,False,,,,,,2026-03-25,07:25:00,entregado,tarjeta,pagado,387.69,62.03,449.72,39.0,1.0,Frecuente,False
1141,1464,94,Raúl Reyes,raúl.reyes94@correo.com,2025-06-28,Presencial (mostrador),Repostería,Pay de queso,3,46.43,139.29,para llevar,False,,,,,,2026-03-25,07:25:00,entregado,tarjeta,pagado,387.69,62.03,449.72,39.0,1.0,Frecuente,False
1142,1465,31,Regina Hernández,regina.hernández31@correo.com,2025-04-25,Presencial (mostrador),Café frío,Cold brew,1,37.64,37.64,en el lugar,True,8.0,Terraza,individual,2026-07-02,completada,2026-07-03,17:05:00,entregado,transferencia,pagado,221.34,35.41,256.75,29.0,5.0,Frecuente,False
1143,1465,31,Regina Hernández,regina.hernández31@correo.com,2025-04-25,Presencial (mostrador),Bebidas calientes,Té verde,1,41.32,41.32,en el lugar,True,8.0,Terraza,individual,2026-07-02,completada,2026-07-03,17:05:00,entregado,transferencia,pagado,221.34,35.41,256.75,29.0,5.0,Frecuente,False
1144,1465,31,Regina Hernández,regina.hernández31@correo.com,2025-04-25,Presencial (mostrador),Bebidas frías,Té helado,1,38.68,38.68,en el lugar,True,8.0,Terraza,individual,2026-07-02,completada,2026-07-03,17:05:00,entregado,transferencia,pagado,221.34,35.41,256.75,29.0,5.0,Frecuente,False
1145,1465,31,Regina Hernández,regina.hernández31@correo.com,2025-04-25,Presencial (mostrador),Café caliente,Capuchino,2,51.85,103.7,en el lugar,True,8.0,Terraza,individual,2026-07-02,completada,2026-07-03,17:05:00,entregado,transferencia,pagado,221.34,35.41,256.75,29.0,5.0,Frecuente,False
1146,1466,121,Jorge Romero,jorge.romero121@correo.com,2026-07-01,Página web,Repostería,Croissant,3,51.36,154.08,para llevar,False,,,,,,2026-08-14,16:30:00,entregado,pago en línea,pagado,389.31,62.29,451.6,38.0,5.0,VIP,True
1147,1466,121,Jorge Romero,jorge.romero121@correo.com,2026-07-01,Página web,Alimentos,Panini de jamón y queso,3,78.41,235.23,para llevar,False,,,,,,2026-08-14,16:30:00,entregado,pago en línea,pagado,389.31,62.29,451.6,38.0,5.0,VIP,True
1148,1467,59,Yuleni Romero,yuleni.romero59@correo.com,2025-03-25,Presencial (mostrador),Repostería,Brownie,1,54.24,54.24,para llevar,False,,,,,,2026-08-08,11:25:00,entregado,tarjeta,pagado,54.24,8.68,62.92,21.0,4.0,Frecuente,False
1149,1468,84,Sofía Gómez,sofía.gómez84@correo.com,2025-10-13,Página web,Alimentos,Sandwich club,2,62.02,124.04,para llevar,False,,,,,,2025-11-21,08:35:00,entregado,pago en línea,pagado,184.6,29.54,214.14,17.0,4.0,Frecuente,True
1150,1468,84,Sofía Gómez,sofía.gómez84@correo.com,2025-10-13,Página web,Bebidas frías,Jugo de naranja,2,30.28,60.56,para llevar,False,,,,,,2025-11-21,08:35:00,entregado,pago en línea,pagado,184.6,29.54,214.14,17.0,4.0,Frecuente,True
1151,1469,90,Karla Hernández,karla.hernández90@correo.com,2026-06-17,Presencial (mesero),Alimentos,Bagel con queso crema,3,48.43,145.29,para llevar,False,,,,,,2026-06-30,09:15:00,entregado,transferencia,pagado,383.22,61.32,444.54,37.0,5.0,Frecuente,False
1152,1469,90,Karla Hernández,karla.hernández90@correo.com,2026-06-17,Presencial (mesero),Alimentos,Bagel con queso crema,3,79.31,237.93,para llevar,False,,,,,,2026-06-30,09:15:00,entregado,transferencia,pagado,383.22,61.32,444.54,37.0,5.0,Frecuente,False
1153,1470,157,Carlos Torres,carlos.torres157@correo.com,2026-05-05,Página web,Alimentos,Bagel con queso crema,1,52.53,52.53,en el lugar,True,1.0,Barra,grupal,2026-05-15,completada,2026-05-18,18:05:00,entregado,pago en línea,pagado,188.77,30.2,218.97,35.0,5.0,VIP,True
1154,1470,157,Carlos Torres,carlos.torres157@correo.com,2026-05-05,Página web,Bebidas frías,Refresco de cola,1,30.16,30.16,en el lugar,True,1.0,Barra,grupal,2026-05-15,completada,2026-05-18,18:05:00,entregado,pago en línea,pagado,188.77,30.2,218.97,35.0,5.0,VIP,True
1155,1470,157,Carlos Torres,carlos.torres157@correo.com,2026-05-05,Página web,Café caliente,Latte,3,35.36,106.08,en el lugar,True,1.0,Barra,grupal,2026-05-15,completada,2026-05-18,18:05:00,entregado,pago en línea,pagado,188.77,30.2,218.97,35.0,5.0,VIP,True
1156,1471,227,José Torres,josé.torres227@correo.com,2026-07-04,Página web,Café frío,Frappé de café,1,36.59,36.59,en el lugar,False,16.0,Barra,individual,,,2026-07-16,11:15:00,entregado,pago en línea,pagado,36.59,5.85,42.44,23.0,4.0,VIP,True
1157,1472,160,Ximena García,ximena.garcía160@correo.com,2026-07-26,Página web,Alimentos,Bagel con queso crema,1,53.55,53.55,en el lugar,False,13.0,Barra,pareja,,,2026-07-28,15:05:00,entregado,pago en línea,pagado,226.7,36.27,262.97,38.0,2.0,VIP,True
1158,1472,160,Ximena García,ximena.garcía160@correo.com,2026-07-26,Página web,Café frío,Café helado,1,54.11,54.11,en el lugar,False,13.0,Barra,pareja,,,2026-07-28,15:05:00,entregado,pago en línea,pagado,226.7,36.27,262.97,38.0,2.0,VIP,True
1159,1472,160,Ximena García,ximena.garcía160@correo.com,2026-07-26,Página web,Bebidas calientes,Té verde,3,39.68,119.04,en el lugar,False,13.0,Barra,pareja,,,2026-07-28,15:05:00,entregado,pago en línea,pagado,226.7,36.27,262.97,38.0,2.0,VIP,True
1160,1473,161,Diego Jiménez,diego.jiménez161@correo.com,2026-01-25,Página web,Café frío,Frappé de café,2,54.98,109.96,para llevar,False,,,,,,2026-08-02,11:55:00,entregado,pago en línea,pagado,354.08,56.65,410.73,38.0,3.0,Frecuente,True
1161,1473,161,Diego Jiménez,diego.jiménez161@correo.com,2026-01-25,Página web,Alimentos,Ensalada César,3,46.04,138.12,para llevar,False,,,,,,2026-08-02,11:55:00,entregado,pago en línea,pagado,354.08,56.65,410.73,38.0,3.0,Frecuente,True
1162,1473,161,Diego Jiménez,diego.jiménez161@correo.com,2026-01-25,Página web,Repostería,Concha,1,30.98,30.98,para llevar,False,,,,,,2026-08-02,11:55:00,entregado,pago en línea,pagado,354.08,56.65,410.73,38.0,3.0,Frecuente,True
1163,1473,161,Diego Jiménez,diego.jiménez161@correo.com,2026-01-25,Página web,Café caliente,Café de olla,2,37.51,75.02,para llevar,False,,,,,,2026-08-02,11:55:00,entregado,pago en línea,pagado,354.08,56.65,410.73,38.0,3.0,Frecuente,True
1164,1474,179,Iván Reyes,iván.reyes179@correo.com,2026-07-18,Página web,Alimentos,Panini de jamón y queso,2,81.74,163.48,en el lugar,False,17.0,Salón principal,individual,,,2026-07-25,07:00:00,listo,pago en línea,pagado,353.2,56.51,409.71,29.0,,Frecuente,True
1165,1474,179,Iván Reyes,iván.reyes179@correo.com,2026-07-18,Página web,Bebidas frías,Agua mineral,2,33.27,66.54,en el lugar,False,17.0,Salón principal,individual,,,2026-07-25,07:00:00,listo,pago en línea,pagado,353.2,56.51,409.71,29.0,,Frecuente,True
1166,1474,179,Iván Reyes,iván.reyes179@correo.com,2026-07-18,Página web,Repostería,Muffin de arándano,3,41.06,123.18,en el lugar,False,17.0,Salón principal,individual,,,2026-07-25,07:00:00,listo,pago en línea,pagado,353.2,56.51,409.71,29.0,,Frecuente,True
1167,1475,79,Raúl Hernández,raúl.hernández79@correo.com,2025-07-03,Presencial (mesero),Café frío,Frappuccino de caramelo,3,60.69,182.07,en el lugar,False,4.0,Zona de estudio,grupal,,,2026-03-25,19:50:00,entregado,transferencia,pagado,182.07,29.13,211.2,30.0,1.0,VIP,False
1168,1476,212,José Cruz,josé.cruz212@correo.com,2025-10-22,Página web,Repostería,Dona glaseada,2,37.21,74.42,en el lugar,True,7.0,Terraza,individual,2026-06-30,completada,2026-07-03,07:15:00,cancelado,transferencia,reembolsado,165.66,26.51,192.17,,,VIP,True
1169,1476,212,José Cruz,josé.cruz212@correo.com,2025-10-22,Página web,Repostería,Pay de queso,2,45.62,91.24,en el lugar,True,7.0,Terraza,individual,2026-06-30,completada,2026-07-03,07:15:00,cancelado,transferencia,reembolsado,165.66,26.51,192.17,,,VIP,True
1170,1477,46,Andrea García,andrea.garcía46@correo.com,2025-09-12,Presencial (mostrador),Bebidas frías,Agua mineral,3,25.77,77.31,para llevar,False,,,,,,2025-12-18,07:45:00,entregado,tarjeta,pagado,306.17,48.99,355.16,26.0,5.0,VIP,False
1171,1477,46,Andrea García,andrea.garcía46@correo.com,2025-09-12,Presencial (mostrador),Café caliente,Latte,1,53.04,53.04,para llevar,False,,,,,,2025-12-18,07:45:00,entregado,tarjeta,pagado,306.17,48.99,355.16,26.0,5.0,VIP,False
1172,1477,46,Andrea García,andrea.garcía46@correo.com,2025-09-12,Presencial (mostrador),Café frío,Frappuccino de caramelo,2,55.43,110.86,para llevar,False,,,,,,2025-12-18,07:45:00,entregado,tarjeta,pagado,306.17,48.99,355.16,26.0,5.0,VIP,False
1173,1477,46,Andrea García,andrea.garcía46@correo.com,2025-09-12,Presencial (mostrador),Bebidas frías,Agua mineral,2,32.48,64.96,para llevar,False,,,,,,2025-12-18,07:45:00,entregado,tarjeta,pagado,306.17,48.99,355.16,26.0,5.0,VIP,False
1174,1478,18,Yuleni Gómez,yuleni.gómez18@correo.com,2026-02-15,Página web,Repostería,Muffin de arándano,1,52.48,52.48,en el lugar,True,16.0,Zona de estudio,individual,2026-02-15,completada,2026-02-18,14:00:00,listo,pago en línea,pagado,121.78,19.48,141.26,25.0,,VIP,True
1175,1478,18,Yuleni Gómez,yuleni.gómez18@correo.com,2026-02-15,Página web,Bebidas frías,Jugo de naranja,3,23.1,69.3,en el lugar,True,16.0,Zona de estudio,individual,2026-02-15,completada,2026-02-18,14:00:00,listo,pago en línea,pagado,121.78,19.48,141.26,25.0,,VIP,True
1176,1479,52,José Reyes,josé.reyes52@correo.com,2025-09-29,Página web,Repostería,Muffin de arándano,1,45.9,45.9,en el lugar,True,2.0,Barra,pareja,2025-12-10,cancelada,2025-12-11,18:15:00,entregado,pago en línea,pagado,45.9,7.34,53.24,28.0,4.0,VIP,True
1177,1480,96,Iván Sánchez,iván.sánchez96@correo.com,2026-03-17,Presencial (mostrador),Repostería,Concha,3,35.41,106.23,para llevar,False,,,,,,2026-08-12,09:50:00,entregado,efectivo,pagado,327.47,52.4,379.87,30.0,5.0,Frecuente,False
1178,1480,96,Iván Sánchez,iván.sánchez96@correo.com,2026-03-17,Presencial (mostrador),Bebidas calientes,Infusión de manzanilla,2,35.92,71.84,para llevar,False,,,,,,2026-08-12,09:50:00,entregado,efectivo,pagado,327.47,52.4,379.87,30.0,5.0,Frecuente,False
1179,1480,96,Iván Sánchez,iván.sánchez96@correo.com,2026-03-17,Presencial (mostrador),Alimentos,Panini de jamón y queso,3,49.8,149.4,para llevar,False,,,,,,2026-08-12,09:50:00,entregado,efectivo,pagado,327.47,52.4,379.87,30.0,5.0,Frecuente,False
1180,1481,38,Ximena Ramírez,ximena.ramírez38@correo.com,2025-03-07,Página web,Bebidas frías,Jugo de naranja,2,27.46,54.92,en el lugar,True,18.0,Terraza,pareja,2026-06-29,cancelada,2026-06-29,12:30:00,entregado,pago en línea,pagado,92.92,14.87,107.79,33.0,3.0,Frecuente,True
1181,1481,38,Ximena Ramírez,ximena.ramírez38@correo.com,2025-03-07,Página web,Bebidas frías,Jugo de naranja,1,38.0,38.0,en el lugar,True,18.0,Terraza,pareja,2026-06-29,cancelada,2026-06-29,12:30:00,entregado,pago en línea,pagado,92.92,14.87,107.79,33.0,3.0,Frecuente,True
1182,1482,217,Carlos Romero,carlos.romero217@correo.com,2026-05-24,Página web,Repostería,Brownie,2,28.41,56.82,en el lugar,False,15.0,Terraza,individual,,,2026-06-09,13:50:00,entregado,pago en línea,pagado,56.82,9.09,65.91,29.0,4.0,Frecuente,True
1183,1483,182,Raúl De la Cruz,raúl.delacruz182@correo.com,2025-07-12,Presencial (mostrador),Café frío,Cold brew,1,44.03,44.03,en el lugar,False,7.0,Salón principal,grupal,,,2025-08-12,08:55:00,listo,tarjeta,pagado,163.27,26.12,189.39,20.0,,Frecuente,False
1184,1483,182,Raúl De la Cruz,raúl.delacruz182@correo.com,2025-07-12,Presencial (mostrador),Repostería,Dona glaseada,2,59.62,119.24,en el lugar,False,7.0,Salón principal,grupal,,,2025-08-12,08:55:00,listo,tarjeta,pagado,163.27,26.12,189.39,20.0,,Frecuente,False
1185,1484,68,Alejandro García,alejandro.garcía68@correo.com,2025-04-20,Presencial (mostrador),Alimentos,Sandwich club,3,91.3,273.9,en el lugar,False,8.0,Salón principal,individual,,,2025-06-17,08:00:00,entregado,transferencia,pagado,647.8,103.65,751.45,17.0,5.0,Frecuente,False
1186,1484,68,Alejandro García,alejandro.garcía68@correo.com,2025-04-20,Presencial (mostrador),Repostería,Pay de queso,2,41.93,83.86,en el lugar,False,8.0,Salón principal,individual,,,2025-06-17,08:00:00,entregado,transferencia,pagado,647.8,103.65,751.45,17.0,5.0,Frecuente,False
1187,1484,68,Alejandro García,alejandro.garcía68@correo.com,2025-04-20,Presencial (mostrador),Café frío,Cold brew,3,60.25,180.75,en el lugar,False,8.0,Salón principal,individual,,,2025-06-17,08:00:00,entregado,transferencia,pagado,647.8,103.65,751.45,17.0,5.0,Frecuente,False
1188,1484,68,Alejandro García,alejandro.garcía68@correo.com,2025-04-20,Presencial (mostrador),Bebidas frías,Agua mineral,3,36.43,109.29,en el lugar,False,8.0,Salón principal,individual,,,2025-06-17,08:00:00,entregado,transferencia,pagado,647.8,103.65,751.45,17.0,5.0,Frecuente,False
1189,1485,130,Valeria Cruz,valeria.cruz130@correo.com,2025-09-20,Página web,Bebidas calientes,Té verde,2,32.82,65.64,en el lugar,True,17.0,Salón principal,pareja,2026-08-08,completada,2026-08-11,07:10:00,entregado,tarjeta,pagado,239.12,38.26,277.38,45.0,5.0,Frecuente,True
1190,1485,130,Valeria Cruz,valeria.cruz130@correo.com,2025-09-20,Página web,Bebidas calientes,Té chai,1,34.28,34.28,en el lugar,True,17.0,Salón principal,pareja,2026-08-08,completada,2026-08-11,07:10:00,entregado,tarjeta,pagado,239.12,38.26,277.38,45.0,5.0,Frecuente,True
1191,1485,130,Valeria Cruz,valeria.cruz130@correo.com,2025-09-20,Página web,Alimentos,Bagel con queso crema,3,46.4,139.2,en el lugar,True,17.0,Salón principal,pareja,2026-08-08,completada,2026-08-11,07:10:00,entregado,tarjeta,pagado,239.12,38.26,277.38,45.0,5.0,Frecuente,True
1192,1486,42,Renata Ortiz,renata.ortiz42@correo.com,2025-08-08,Presencial (mostrador),Bebidas calientes,Infusión de manzanilla,1,35.26,35.26,en el lugar,True,12.0,Salón principal,pareja,2026-01-07,completada,2026-01-10,07:50:00,cancelado,tarjeta,pendiente,228.95,36.63,265.58,,,Frecuente,False
1193,1486,42,Renata Ortiz,renata.ortiz42@correo.com,2025-08-08,Presencial (mostrador),Café frío,Cold brew,2,45.56,91.12,en el lugar,True,12.0,Salón principal,pareja,2026-01-07,completada,2026-01-10,07:50:00,cancelado,tarjeta,pendiente,228.95,36.63,265.58,,,Frecuente,False
1194,1486,42,Renata Ortiz,renata.ortiz42@correo.com,2025-08-08,Presencial (mostrador),Bebidas calientes,Té verde,3,34.19,102.57,en el lugar,True,12.0,Salón principal,pareja,2026-01-07,completada,2026-01-10,07:50:00,cancelado,tarjeta,pendiente,228.95,36.63,265.58,,,Frecuente,False
1195,1487,44,María Morales,maría.morales44@correo.com,2025-12-29,Presencial (mesero),Bebidas frías,Jugo de naranja,3,36.6,109.8,en el lugar,True,16.0,Salón principal,grupal,2026-03-14,completada,2026-03-16,13:05:00,entregado,transferencia,pagado,197.86,31.66,229.52,38.0,2.0,VIP,False
1196,1487,44,María Morales,maría.morales44@correo.com,2025-12-29,Presencial (mesero),Café caliente,Espresso,1,28.8,28.8,en el lugar,True,16.0,Salón principal,grupal,2026-03-14,completada,2026-03-16,13:05:00,entregado,transferencia,pagado,197.86,31.66,229.52,38.0,2.0,VIP,False
1197,1487,44,María Morales,maría.morales44@correo.com,2025-12-29,Presencial (mesero),Bebidas calientes,Chocolate caliente,2,29.63,59.26,en el lugar,True,16.0,Salón principal,grupal,2026-03-14,completada,2026-03-16,13:05:00,entregado,transferencia,pagado,197.86,31.66,229.52,38.0,2.0,VIP,False
1198,1488,59,Yuleni Romero,yuleni.romero59@correo.com,2025-03-25,Presencial (mesero),Café caliente,Espresso,2,44.52,89.04,en el lugar,False,8.0,Terraza,individual,,,2026-02-19,19:15:00,listo,tarjeta,pagado,362.67,58.03,420.7,32.0,,Frecuente,False
1199,1488,59,Yuleni Romero,yuleni.romero59@correo.com,2025-03-25,Presencial (mesero),Café caliente,Espresso,1,50.86,50.86,en el lugar,False,8.0,Terraza,individual,,,2026-02-19,19:15:00,listo,tarjeta,pagado,362.67,58.03,420.7,32.0,,Frecuente,False
1200,1488,59,Yuleni Romero,yuleni.romero59@correo.com,2025-03-25,Presencial (mesero),Café caliente,Latte,3,48.61,145.83,en el lugar,False,8.0,Terraza,individual,,,2026-02-19,19:15:00,listo,tarjeta,pagado,362.67,58.03,420.7,32.0,,Frecuente,False
1201,1488,59,Yuleni Romero,yuleni.romero59@correo.com,2025-03-25,Presencial (mesero),Bebidas frías,Té helado,2,38.47,76.94,en el lugar,False,8.0,Terraza,individual,,,2026-02-19,19:15:00,listo,tarjeta,pagado,362.67,58.03,420.7,32.0,,Frecuente,False
1202,1489,187,Luis Ramírez,luis.ramírez187@correo.com,2025-04-27,Presencial (mostrador),Café frío,Cold brew,1,57.26,57.26,para llevar,False,,,,,,2025-07-04,17:45:00,entregado,transferencia,pagado,160.48,25.68,186.16,8.0,3.0,Frecuente,False
1203,1489,187,Luis Ramírez,luis.ramírez187@correo.com,2025-04-27,Presencial (mostrador),Alimentos,Bagel con queso crema,1,49.3,49.3,para llevar,False,,,,,,2025-07-04,17:45:00,entregado,transferencia,pagado,160.48,25.68,186.16,8.0,3.0,Frecuente,False
1204,1489,187,Luis Ramírez,luis.ramírez187@correo.com,2025-04-27,Presencial (mostrador),Café caliente,Mocaccino,1,53.92,53.92,para llevar,False,,,,,,2025-07-04,17:45:00,entregado,transferencia,pagado,160.48,25.68,186.16,8.0,3.0,Frecuente,False
1205,1490,44,María Morales,maría.morales44@correo.com,2025-12-29,Página web,Café caliente,Latte,1,39.54,39.54,en el lugar,True,17.0,Barra,individual,2026-03-30,completada,2026-03-31,19:30:00,entregado,pago en línea,pagado,259.92,41.59,301.51,15.0,5.0,VIP,True
1206,1490,44,María Morales,maría.morales44@correo.com,2025-12-29,Página web,Alimentos,Sandwich club,3,73.46,220.38,en el lugar,True,17.0,Barra,individual,2026-03-30,completada,2026-03-31,19:30:00,entregado,pago en línea,pagado,259.92,41.59,301.51,15.0,5.0,VIP,True
1207,1491,85,Renata Díaz,renata.díaz85@correo.com,2026-06-06,Página web,Bebidas calientes,Té verde,3,26.36,79.08,para llevar,False,,,,,,2026-08-08,10:00:00,entregado,tarjeta,pagado,306.22,49.0,355.22,45.0,3.0,VIP,True
1208,1491,85,Renata Díaz,renata.díaz85@correo.com,2026-06-06,Página web,Café frío,Café helado,1,37.24,37.24,para llevar,False,,,,,,2026-08-08,10:00:00,entregado,tarjeta,pagado,306.22,49.0,355.22,45.0,3.0,VIP,True
1209,1491,85,Renata Díaz,renata.díaz85@correo.com,2026-06-06,Página web,Bebidas frías,Limonada,3,37.06,111.18,para llevar,False,,,,,,2026-08-08,10:00:00,entregado,tarjeta,pagado,306.22,49.0,355.22,45.0,3.0,VIP,True
1210,1491,85,Renata Díaz,renata.díaz85@correo.com,2026-06-06,Página web,Bebidas frías,Jugo de naranja,3,26.24,78.72,para llevar,False,,,,,,2026-08-08,10:00:00,entregado,tarjeta,pagado,306.22,49.0,355.22,45.0,3.0,VIP,True
1211,1492,209,Estefanía Morales,estefanía.morales209@correo.com,2026-08-03,Página web,Café frío,Cold brew,3,51.41,154.23,para llevar,False,,,,,,2026-08-18,11:50:00,entregado,pago en línea,pagado,154.23,24.68,178.91,11.0,5.0,Frecuente,True
1212,1493,159,Paola López,paola.lópez159@correo.com,2026-07-31,Presencial (mostrador),Bebidas frías,Refresco de cola,2,38.93,77.86,en el lugar,False,2.0,Zona de estudio,individual,,,2026-08-07,14:05:00,en preparación,transferencia,pagado,77.86,12.46,90.32,,,VIP,False
1213,1494,84,Sofía Gómez,sofía.gómez84@correo.com,2025-10-13,Presencial (mostrador),Café frío,Frappé de café,1,62.94,62.94,para llevar,False,,,,,,2025-11-03,08:00:00,entregado,tarjeta,pagado,293.02,46.88,339.9,35.0,4.0,Frecuente,False
1214,1494,84,Sofía Gómez,sofía.gómez84@correo.com,2025-10-13,Presencial (mostrador),Café caliente,Americano,2,42.42,84.84,para llevar,False,,,,,,2025-11-03,08:00:00,entregado,tarjeta,pagado,293.02,46.88,339.9,35.0,4.0,Frecuente,False
1215,1494,84,Sofía Gómez,sofía.gómez84@correo.com,2025-10-13,Presencial (mostrador),Alimentos,Sandwich club,2,72.62,145.24,para llevar,False,,,,,,2025-11-03,08:00:00,entregado,tarjeta,pagado,293.02,46.88,339.9,35.0,4.0,Frecuente,False
1216,1495,148,Gabriela Gómez,gabriela.gómez148@correo.com,2025-12-27,Página web,Café frío,Café helado,3,48.1,144.3,para llevar,False,,,,,,2026-06-24,13:40:00,en preparación,tarjeta,pagado,320.7,51.31,372.01,,,Frecuente,True
1217,1495,148,Gabriela Gómez,gabriela.gómez148@correo.com,2025-12-27,Página web,Café caliente,Americano,3,34.26,102.78,para llevar,False,,,,,,2026-06-24,13:40:00,en preparación,tarjeta,pagado,320.7,51.31,372.01,,,Frecuente,True
1218,1495,148,Gabriela Gómez,gabriela.gómez148@correo.com,2025-12-27,Página web,Bebidas frías,Té helado,3,24.54,73.62,para llevar,False,,,,,,2026-06-24,13:40:00,en preparación,tarjeta,pagado,320.7,51.31,372.01,,,Frecuente,True
1219,1496,207,Michelle De la Cruz,michelle.delacruz207@correo.com,2025-11-29,Presencial (mesero),Alimentos,Bagel con queso crema,1,59.13,59.13,para llevar,False,,,,,,2025-12-22,19:00:00,entregado,efectivo,pagado,151.29,24.21,175.5,33.0,5.0,Frecuente,False
1220,1496,207,Michelle De la Cruz,michelle.delacruz207@correo.com,2025-11-29,Presencial (mesero),Repostería,Muffin de arándano,2,46.08,92.16,para llevar,False,,,,,,2025-12-22,19:00:00,entregado,efectivo,pagado,151.29,24.21,175.5,33.0,5.0,Frecuente,False
1221,1497,23,Luis De la Cruz,luis.delacruz23@correo.com,2025-04-23,Presencial (mostrador),Bebidas calientes,Té verde,2,42.95,85.9,para llevar,False,,,,,,2025-12-24,17:05:00,en preparación,efectivo,pagado,411.02,65.76,476.78,,,VIP,False
1222,1497,23,Luis De la Cruz,luis.delacruz23@correo.com,2025-04-23,Presencial (mostrador),Café frío,Frappuccino de caramelo,2,56.39,112.78,para llevar,False,,,,,,2025-12-24,17:05:00,en preparación,efectivo,pagado,411.02,65.76,476.78,,,VIP,False
1223,1497,23,Luis De la Cruz,luis.delacruz23@correo.com,2025-04-23,Presencial (mostrador),Repostería,Brownie,3,35.24,105.72,para llevar,False,,,,,,2025-12-24,17:05:00,en preparación,efectivo,pagado,411.02,65.76,476.78,,,VIP,False
1224,1497,23,Luis De la Cruz,luis.delacruz23@correo.com,2025-04-23,Presencial (mostrador),Bebidas calientes,Chocolate caliente,3,35.54,106.62,para llevar,False,,,,,,2025-12-24,17:05:00,en preparación,efectivo,pagado,411.02,65.76,476.78,,,VIP,False
1225,1498,112,Pablo Martínez,pablo.martínez112@correo.com,2025-05-22,Página web,Café frío,Cold brew,3,44.15,132.45,para llevar,False,,,,,,2026-02-03,08:00:00,cancelado,pago en línea,pendiente,154.9,24.78,179.68,,,Frecuente,True
1226,1498,112,Pablo Martínez,pablo.martínez112@correo.com,2025-05-22,Página web,Bebidas frías,Limonada,1,22.45,22.45,para llevar,False,,,,,,2026-02-03,08:00:00,cancelado,pago en línea,pendiente,154.9,24.78,179.68,,,Frecuente,True
1227,1499,139,Renata Gómez,renata.gómez139@correo.com,2025-09-09,Presencial (mostrador),Repostería,Concha,3,27.09,81.27,en el lugar,False,1.0,Barra,individual,,,2025-09-27,10:55:00,entregado,transferencia,pagado,389.07,62.25,451.32,10.0,4.0,Frecuente,False
1228,1499,139,Renata Gómez,renata.gómez139@correo.com,2025-09-09,Presencial (mostrador),Bebidas frías,Refresco de cola,2,29.91,59.82,en el lugar,False,1.0,Barra,individual,,,2025-09-27,10:55:00,entregado,transferencia,pagado,389.07,62.25,451.32,10.0,4.0,Frecuente,False
1229,1499,139,Renata Gómez,renata.gómez139@correo.com,2025-09-09,Presencial (mostrador),Alimentos,Panini de jamón y queso,3,67.2,201.6,en el lugar,False,1.0,Barra,individual,,,2025-09-27,10:55:00,entregado,transferencia,pagado,389.07,62.25,451.32,10.0,4.0,Frecuente,False
1230,1499,139,Renata Gómez,renata.gómez139@correo.com,2025-09-09,Presencial (mostrador),Café frío,Cold brew,1,46.38,46.38,en el lugar,False,1.0,Barra,individual,,,2025-09-27,10:55:00,entregado,transferencia,pagado,389.07,62.25,451.32,10.0,4.0,Frecuente,False
1231,1500,76,Mariana De la Cruz,mariana.delacruz76@correo.com,2026-01-02,Presencial (mesero),Bebidas calientes,Infusión de manzanilla,3,42.31,126.93,en el lugar,False,11.0,Zona de estudio,grupal,,,2026-05-20,19:25:00,entregado,efectivo,pagado,326.38,52.22,378.6,44.0,4.0,Frecuente,False
1232,1500,76,Mariana De la Cruz,mariana.delacruz76@correo.com,2026-01-02,Presencial (mesero),Bebidas calientes,Té chai,2,41.15,82.3,en el lugar,False,11.0,Zona de estudio,grupal,,,2026-05-20,19:25:00,entregado,efectivo,pagado,326.38,52.22,378.6,44.0,4.0,Frecuente,False
1233,1500,76,Mariana De la Cruz,mariana.delacruz76@correo.com,2026-01-02,Presencial (mesero),Bebidas frías,Refresco de cola,3,39.05,117.15,en el lugar,False,11.0,Zona de estudio,grupal,,,2026-05-20,19:25:00,entregado,efectivo,pagado,326.38,52.22,378.6,44.0,4.0,Frecuente,False
1234,1501,93,Iván Castillo,iván.castillo93@correo.com,2025-05-11,Página web,Repostería,Brownie,3,38.81,116.43,en el lugar,True,8.0,Salón principal,individual,2026-05-12,cancelada,2026-05-14,16:40:00,cancelado,pago en línea,pendiente,184.31,29.49,213.8,,,Frecuente,True
1235,1501,93,Iván Castillo,iván.castillo93@correo.com,2025-05-11,Página web,Bebidas frías,Agua mineral,1,27.23,27.23,en el lugar,True,8.0,Salón principal,individual,2026-05-12,cancelada,2026-05-14,16:40:00,cancelado,pago en línea,pendiente,184.31,29.49,213.8,,,Frecuente,True
1236,1501,93,Iván Castillo,iván.castillo93@correo.com,2025-05-11,Página web,Bebidas calientes,Té verde,1,40.65,40.65,en el lugar,True,8.0,Salón principal,individual,2026-05-12,cancelada,2026-05-14,16:40:00,cancelado,pago en línea,pendiente,184.31,29.49,213.8,,,Frecuente,True
1237,1502,125,Raúl Torres,raúl.torres125@correo.com,2025-03-25,Página web,Café caliente,Latte,3,29.0,87.0,para llevar,False,,,,,,2026-02-02,16:50:00,entregado,pago en línea,pagado,310.83,49.73,360.56,24.0,5.0,Frecuente,True
1238,1502,125,Raúl Torres,raúl.torres125@correo.com,2025-03-25,Página web,Repostería,Pay de queso,3,47.32,141.96,para llevar,False,,,,,,2026-02-02,16:50:00,entregado,pago en línea,pagado,310.83,49.73,360.56,24.0,5.0,Frecuente,True
1239,1502,125,Raúl Torres,raúl.torres125@correo.com,2025-03-25,Página web,Bebidas frías,Limonada,2,28.17,56.34,para llevar,False,,,,,,2026-02-02,16:50:00,entregado,pago en línea,pagado,310.83,49.73,360.56,24.0,5.0,Frecuente,True
1240,1502,125,Raúl Torres,raúl.torres125@correo.com,2025-03-25,Página web,Bebidas frías,Té helado,1,25.53,25.53,para llevar,False,,,,,,2026-02-02,16:50:00,entregado,pago en línea,pagado,310.83,49.73,360.56,24.0,5.0,Frecuente,True
1241,1503,54,Iván Sánchez,iván.sánchez54@correo.com,2025-03-01,Página web,Bebidas frías,Agua mineral,2,20.84,41.68,en el lugar,True,20.0,Terraza,individual,2025-12-08,completada,2025-12-08,11:35:00,entregado,pago en línea,pagado,304.68,48.75,353.43,30.0,4.0,VIP,True
1242,1503,54,Iván Sánchez,iván.sánchez54@correo.com,2025-03-01,Página web,Bebidas calientes,Chocolate caliente,3,26.22,78.66,en el lugar,True,20.0,Terraza,individual,2025-12-08,completada,2025-12-08,11:35:00,entregado,pago en línea,pagado,304.68,48.75,353.43,30.0,4.0,VIP,True
1243,1503,54,Iván Sánchez,iván.sánchez54@correo.com,2025-03-01,Página web,Bebidas calientes,Té verde,3,44.51,133.53,en el lugar,True,20.0,Terraza,individual,2025-12-08,completada,2025-12-08,11:35:00,entregado,pago en línea,pagado,304.68,48.75,353.43,30.0,4.0,VIP,True
1244,1503,54,Iván Sánchez,iván.sánchez54@correo.com,2025-03-01,Página web,Café caliente,Mocaccino,1,50.81,50.81,en el lugar,True,20.0,Terraza,individual,2025-12-08,completada,2025-12-08,11:35:00,entregado,pago en línea,pagado,304.68,48.75,353.43,30.0,4.0,VIP,True
1245,1504,81,María Reyes,maría.reyes81@correo.com,2025-02-09,Presencial (mostrador),Café caliente,Capuchino,3,44.39,133.17,en el lugar,True,11.0,Zona de estudio,grupal,2025-05-28,completada,2025-05-31,08:40:00,entregado,tarjeta,pagado,251.43,40.23,291.66,26.0,4.0,Frecuente,False
1246,1504,81,María Reyes,maría.reyes81@correo.com,2025-02-09,Presencial (mostrador),Repostería,Muffin de arándano,2,59.13,118.26,en el lugar,True,11.0,Zona de estudio,grupal,2025-05-28,completada,2025-05-31,08:40:00,entregado,tarjeta,pagado,251.43,40.23,291.66,26.0,4.0,Frecuente,False
1247,1505,113,Diego Reyes,diego.reyes113@correo.com,2025-06-06,Página web,Bebidas frías,Limonada,3,36.16,108.48,para llevar,False,,,,,,2026-04-20,07:10:00,entregado,pago en línea,pagado,108.48,17.36,125.84,40.0,4.0,Frecuente,True
1248,1506,236,Raúl Torres,raúl.torres236@correo.com,2025-02-03,Presencial (mesero),Café caliente,Americano,3,43.27,129.81,para llevar,False,,,,,,2026-01-21,10:30:00,listo,tarjeta,pagado,129.81,20.77,150.58,43.0,,VIP,False
1249,1507,47,Óscar López,óscar.lópez47@correo.com,2026-03-09,Página web,Café frío,Café helado,3,62.33,186.99,en el lugar,False,20.0,Barra,grupal,,,2026-06-24,15:55:00,entregado,pago en línea,pagado,362.81,58.05,420.86,34.0,5.0,VIP,True
1250,1507,47,Óscar López,óscar.lópez47@correo.com,2026-03-09,Página web,Repostería,Croissant,1,52.97,52.97,en el lugar,False,20.0,Barra,grupal,,,2026-06-24,15:55:00,entregado,pago en línea,pagado,362.81,58.05,420.86,34.0,5.0,VIP,True
1251,1507,47,Óscar López,óscar.lópez47@correo.com,2026-03-09,Página web,Repostería,Croissant,3,40.95,122.85,en el lugar,False,20.0,Barra,grupal,,,2026-06-24,15:55:00,entregado,pago en línea,pagado,362.81,58.05,420.86,34.0,5.0,VIP,True
1252,1508,170,Ricardo Flores,ricardo.flores170@correo.com,2026-08-06,Página web,Alimentos,Panini de jamón y queso,2,56.49,112.98,para llevar,False,,,,,,2026-08-11,08:25:00,entregado,pago en línea,pagado,287.85,46.06,333.91,16.0,4.0,VIP,True
1253,1508,170,Ricardo Flores,ricardo.flores170@correo.com,2026-08-06,Página web,Café frío,Cold brew,3,58.29,174.87,para llevar,False,,,,,,2026-08-11,08:25:00,entregado,pago en línea,pagado,287.85,46.06,333.91,16.0,4.0,VIP,True
1254,1509,39,Michelle Vázquez,michelle.vázquez39@correo.com,2026-07-22,Página web,Bebidas frías,Refresco de cola,1,32.65,32.65,para llevar,False,,,,,,2026-08-10,11:20:00,entregado,pago en línea,pagado,93.94,15.03,108.97,24.0,5.0,Frecuente,True
1255,1509,39,Michelle Vázquez,michelle.vázquez39@correo.com,2026-07-22,Página web,Café frío,Cold brew,1,61.29,61.29,para llevar,False,,,,,,2026-08-10,11:20:00,entregado,pago en línea,pagado,93.94,15.03,108.97,24.0,5.0,Frecuente,True
1256,1510,90,Karla Hernández,karla.hernández90@correo.com,2026-06-17,Página web,Café frío,Frappuccino de caramelo,2,62.13,124.26,para llevar,False,,,,,,2026-08-16,18:05:00,entregado,pago en línea,pagado,124.26,19.88,144.14,43.0,5.0,Frecuente,True
1257,1511,95,Sofía Castillo,sofía.castillo95@correo.com,2025-01-01,Página web,Alimentos,Panini de jamón y queso,3,76.54,229.62,en el lugar,False,19.0,Terraza,grupal,,,2025-09-05,18:20:00,entregado,pago en línea,pagado,567.0,90.72,657.72,8.0,5.0,Frecuente,True
1258,1511,95,Sofía Castillo,sofía.castillo95@correo.com,2025-01-01,Página web,Bebidas calientes,Infusión de manzanilla,3,30.79,92.37,en el lugar,False,19.0,Terraza,grupal,,,2025-09-05,18:20:00,entregado,pago en línea,pagado,567.0,90.72,657.72,8.0,5.0,Frecuente,True
1259,1511,95,Sofía Castillo,sofía.castillo95@correo.com,2025-01-01,Página web,Alimentos,Bagel con queso crema,3,81.67,245.01,en el lugar,False,19.0,Terraza,grupal,,,2025-09-05,18:20:00,entregado,pago en línea,pagado,567.0,90.72,657.72,8.0,5.0,Frecuente,True
1260,1512,161,Diego Jiménez,diego.jiménez161@correo.com,2026-01-25,Página web,Café caliente,Americano,2,36.03,72.06,para llevar,False,,,,,,2026-06-25,16:25:00,entregado,pago en línea,pagado,221.86,35.5,257.36,19.0,5.0,Frecuente,True
1261,1512,161,Diego Jiménez,diego.jiménez161@correo.com,2026-01-25,Página web,Repostería,Concha,2,44.74,89.48,para llevar,False,,,,,,2026-06-25,16:25:00,entregado,pago en línea,pagado,221.86,35.5,257.36,19.0,5.0,Frecuente,True
1262,1512,161,Diego Jiménez,diego.jiménez161@correo.com,2026-01-25,Página web,Bebidas frías,Jugo de naranja,2,30.16,60.32,para llevar,False,,,,,,2026-06-25,16:25:00,entregado,pago en línea,pagado,221.86,35.5,257.36,19.0,5.0,Frecuente,True
1263,1513,236,Raúl Torres,raúl.torres236@correo.com,2025-02-03,Presencial (mesero),Alimentos,Bagel con queso crema,3,89.27,267.81,en el lugar,True,9.0,Zona de estudio,individual,2025-06-27,completada,2025-06-29,07:55:00,entregado,tarjeta,pagado,497.04,79.53,576.57,42.0,2.0,VIP,False
1264,1513,236,Raúl Torres,raúl.torres236@correo.com,2025-02-03,Presencial (mesero),Repostería,Muffin de arándano,1,59.61,59.61,en el lugar,True,9.0,Zona de estudio,individual,2025-06-27,completada,2025-06-29,07:55:00,entregado,tarjeta,pagado,497.04,79.53,576.57,42.0,2.0,VIP,False
1265,1513,236,Raúl Torres,raúl.torres236@correo.com,2025-02-03,Presencial (mesero),Café caliente,Americano,1,45.99,45.99,en el lugar,True,9.0,Zona de estudio,individual,2025-06-27,completada,2025-06-29,07:55:00,entregado,tarjeta,pagado,497.04,79.53,576.57,42.0,2.0,VIP,False
1266,1513,236,Raúl Torres,raúl.torres236@correo.com,2025-02-03,Presencial (mesero),Café frío,Frappé de café,3,41.21,123.63,en el lugar,True,9.0,Zona de estudio,individual,2025-06-27,completada,2025-06-29,07:55:00,entregado,tarjeta,pagado,497.04,79.53,576.57,42.0,2.0,VIP,False
1267,1514,49,Pablo Hernández,pablo.hernández49@correo.com,2025-04-06,Página web,Café caliente,Mocaccino,1,47.07,47.07,en el lugar,True,7.0,Zona de estudio,grupal,2026-01-03,completada,2026-01-06,19:15:00,entregado,pago en línea,pagado,299.09,47.85,346.94,30.0,4.0,VIP,True
1268,1514,49,Pablo Hernández,pablo.hernández49@correo.com,2025-04-06,Página web,Café caliente,Latte,2,52.0,104.0,en el lugar,True,7.0,Zona de estudio,grupal,2026-01-03,completada,2026-01-06,19:15:00,entregado,pago en línea,pagado,299.09,47.85,346.94,30.0,4.0,VIP,True
1269,1514,49,Pablo Hernández,pablo.hernández49@correo.com,2025-04-06,Página web,Alimentos,Ensalada César,3,49.34,148.02,en el lugar,True,7.0,Zona de estudio,grupal,2026-01-03,completada,2026-01-06,19:15:00,entregado,pago en línea,pagado,299.09,47.85,346.94,30.0,4.0,VIP,True
1270,1515,32,Camila Ramírez,camila.ramírez32@correo.com,2025-03-01,Presencial (mesero),Bebidas calientes,Té chai,3,39.14,117.42,para llevar,False,,,,,,2025-05-20,18:15:00,entregado,tarjeta,pagado,225.38,36.06,261.44,22.0,4.0,VIP,False
1271,1515,32,Camila Ramírez,camila.ramírez32@correo.com,2025-03-01,Presencial (mesero),Repostería,Concha,1,40.17,40.17,para llevar,False,,,,,,2025-05-20,18:15:00,entregado,tarjeta,pagado,225.38,36.06,261.44,22.0,4.0,VIP,False
1272,1515,32,Camila Ramírez,camila.ramírez32@correo.com,2025-03-01,Presencial (mesero),Bebidas calientes,Té verde,1,28.81,28.81,para llevar,False,,,,,,2025-05-20,18:15:00,entregado,tarjeta,pagado,225.38,36.06,261.44,22.0,4.0,VIP,False
1273,1515,32,Camila Ramírez,camila.ramírez32@correo.com,2025-03-01,Presencial (mesero),Bebidas frías,Té helado,1,38.98,38.98,para llevar,False,,,,,,2025-05-20,18:15:00,entregado,tarjeta,pagado,225.38,36.06,261.44,22.0,4.0,VIP,False
1274,1516,53,Gabriela Ortiz,gabriela.ortiz53@correo.com,2025-06-08,Página web,Café frío,Frappé de café,1,63.52,63.52,para llevar,False,,,,,,2026-05-18,10:20:00,entregado,pago en línea,pagado,113.64,18.18,131.82,21.0,4.0,Frecuente,True
1275,1516,53,Gabriela Ortiz,gabriela.ortiz53@correo.com,2025-06-08,Página web,Bebidas calientes,Chocolate caliente,2,25.06,50.12,para llevar,False,,,,,,2026-05-18,10:20:00,entregado,pago en línea,pagado,113.64,18.18,131.82,21.0,4.0,Frecuente,True
1276,1517,9,Yuleni Cruz,yuleni.cruz9@correo.com,2026-07-04,Página web,Alimentos,Bagel con queso crema,3,88.89,266.67,para llevar,False,,,,,,2026-08-18,09:00:00,entregado,pago en línea,pagado,526.53,84.24,610.77,15.0,5.0,Frecuente,True
1277,1517,9,Yuleni Cruz,yuleni.cruz9@correo.com,2026-07-04,Página web,Café frío,Café helado,2,55.04,110.08,para llevar,False,,,,,,2026-08-18,09:00:00,entregado,pago en línea,pagado,526.53,84.24,610.77,15.0,5.0,Frecuente,True
1278,1517,9,Yuleni Cruz,yuleni.cruz9@correo.com,2026-07-04,Página web,Alimentos,Panini de jamón y queso,2,74.89,149.78,para llevar,False,,,,,,2026-08-18,09:00:00,entregado,pago en línea,pagado,526.53,84.24,610.77,15.0,5.0,Frecuente,True
1279,1518,42,Renata Ortiz,renata.ortiz42@correo.com,2025-08-08,Página web,Alimentos,Panini de jamón y queso,2,79.36,158.72,en el lugar,True,15.0,Zona de estudio,grupal,2026-01-02,completada,2026-01-02,13:35:00,entregado,pago en línea,pagado,400.06,64.01,464.07,11.0,5.0,Frecuente,True
1280,1518,42,Renata Ortiz,renata.ortiz42@correo.com,2025-08-08,Página web,Café caliente,Capuchino,2,35.23,70.46,en el lugar,True,15.0,Zona de estudio,grupal,2026-01-02,completada,2026-01-02,13:35:00,entregado,pago en línea,pagado,400.06,64.01,464.07,11.0,5.0,Frecuente,True
1281,1518,42,Renata Ortiz,renata.ortiz42@correo.com,2025-08-08,Página web,Café frío,Frappuccino de caramelo,2,36.82,73.64,en el lugar,True,15.0,Zona de estudio,grupal,2026-01-02,completada,2026-01-02,13:35:00,entregado,pago en línea,pagado,400.06,64.01,464.07,11.0,5.0,Frecuente,True
1282,1518,42,Renata Ortiz,renata.ortiz42@correo.com,2025-08-08,Página web,Repostería,Muffin de arándano,2,48.62,97.24,en el lugar,True,15.0,Zona de estudio,grupal,2026-01-02,completada,2026-01-02,13:35:00,entregado,pago en línea,pagado,400.06,64.01,464.07,11.0,5.0,Frecuente,True
1283,1519,66,Pablo Flores,pablo.flores66@correo.com,2026-06-26,Página web,Café frío,Frappé de café,3,63.51,190.53,en el lugar,True,15.0,Barra,individual,2026-07-12,completada,2026-07-13,14:55:00,listo,pago en línea,pagado,350.69,56.11,406.8,11.0,,VIP,True
1284,1519,66,Pablo Flores,pablo.flores66@correo.com,2026-06-26,Página web,Café caliente,Latte,1,30.44,30.44,en el lugar,True,15.0,Barra,individual,2026-07-12,completada,2026-07-13,14:55:00,listo,pago en línea,pagado,350.69,56.11,406.8,11.0,,VIP,True
1285,1519,66,Pablo Flores,pablo.flores66@correo.com,2026-06-26,Página web,Bebidas calientes,Té verde,3,43.24,129.72,en el lugar,True,15.0,Barra,individual,2026-07-12,completada,2026-07-13,14:55:00,listo,pago en línea,pagado,350.69,56.11,406.8,11.0,,VIP,True
1286,1520,157,Carlos Torres,carlos.torres157@correo.com,2026-05-05,Página web,Café frío,Cold brew,2,63.2,126.4,en el lugar,False,13.0,Salón principal,pareja,,,2026-07-10,10:25:00,listo,tarjeta,pagado,363.37,58.14,421.51,23.0,,VIP,True
1287,1520,157,Carlos Torres,carlos.torres157@correo.com,2026-05-05,Página web,Café caliente,Espresso,1,48.39,48.39,en el lugar,False,13.0,Salón principal,pareja,,,2026-07-10,10:25:00,listo,tarjeta,pagado,363.37,58.14,421.51,23.0,,VIP,True
1288,1520,157,Carlos Torres,carlos.torres157@correo.com,2026-05-05,Página web,Bebidas frías,Té helado,1,30.03,30.03,en el lugar,False,13.0,Salón principal,pareja,,,2026-07-10,10:25:00,listo,tarjeta,pagado,363.37,58.14,421.51,23.0,,VIP,True
1289,1520,157,Carlos Torres,carlos.torres157@correo.com,2026-05-05,Página web,Alimentos,Sandwich club,3,52.85,158.55,en el lugar,False,13.0,Salón principal,pareja,,,2026-07-10,10:25:00,listo,tarjeta,pagado,363.37,58.14,421.51,23.0,,VIP,True
1290,1521,72,Andrea López,andrea.lópez72@correo.com,2025-09-26,Página web,Café caliente,Espresso,2,48.05,96.1,en el lugar,False,5.0,Zona de estudio,individual,,,2025-10-13,11:55:00,entregado,pago en línea,pagado,520.33,83.25,603.58,27.0,4.0,VIP,True
1291,1521,72,Andrea López,andrea.lópez72@correo.com,2025-09-26,Página web,Bebidas frías,Jugo de naranja,2,38.38,76.76,en el lugar,False,5.0,Zona de estudio,individual,,,2025-10-13,11:55:00,entregado,pago en línea,pagado,520.33,83.25,603.58,27.0,4.0,VIP,True
1292,1521,72,Andrea López,andrea.lópez72@correo.com,2025-09-26,Página web,Café caliente,Mocaccino,2,43.88,87.76,en el lugar,False,5.0,Zona de estudio,individual,,,2025-10-13,11:55:00,entregado,pago en línea,pagado,520.33,83.25,603.58,27.0,4.0,VIP,True
1293,1521,72,Andrea López,andrea.lópez72@correo.com,2025-09-26,Página web,Alimentos,Bagel con queso crema,3,86.57,259.71,en el lugar,False,5.0,Zona de estudio,individual,,,2025-10-13,11:55:00,entregado,pago en línea,pagado,520.33,83.25,603.58,27.0,4.0,VIP,True
1294,1522,155,Jorge Ortiz,jorge.ortiz155@correo.com,2025-04-16,Página web,Alimentos,Ensalada César,2,90.38,180.76,en el lugar,False,13.0,Zona de estudio,pareja,,,2025-09-03,14:15:00,entregado,transferencia,pagado,398.35,63.74,462.09,22.0,5.0,Frecuente,True
1295,1522,155,Jorge Ortiz,jorge.ortiz155@correo.com,2025-04-16,Página web,Bebidas frías,Jugo de naranja,3,24.89,74.67,en el lugar,False,13.0,Zona de estudio,pareja,,,2025-09-03,14:15:00,entregado,transferencia,pagado,398.35,63.74,462.09,22.0,5.0,Frecuente,True
1296,1522,155,Jorge Ortiz,jorge.ortiz155@correo.com,2025-04-16,Página web,Café caliente,Latte,3,47.64,142.92,en el lugar,False,13.0,Zona de estudio,pareja,,,2025-09-03,14:15:00,entregado,transferencia,pagado,398.35,63.74,462.09,22.0,5.0,Frecuente,True
1297,1523,158,Sofía Ortiz,sofía.ortiz158@correo.com,2025-03-17,Presencial (mostrador),Café frío,Frappé de café,2,37.86,75.72,para llevar,False,,,,,,2025-04-11,13:15:00,entregado,tarjeta,pagado,356.92,57.11,414.03,44.0,4.0,Frecuente,False
1298,1523,158,Sofía Ortiz,sofía.ortiz158@correo.com,2025-03-17,Presencial (mostrador),Café frío,Cold brew,3,60.94,182.82,para llevar,False,,,,,,2025-04-11,13:15:00,entregado,tarjeta,pagado,356.92,57.11,414.03,44.0,4.0,Frecuente,False
1299,1523,158,Sofía Ortiz,sofía.ortiz158@correo.com,2025-03-17,Presencial (mostrador),Alimentos,Bagel con queso crema,2,49.19,98.38,para llevar,False,,,,,,2025-04-11,13:15:00,entregado,tarjeta,pagado,356.92,57.11,414.03,44.0,4.0,Frecuente,False
1300,1524,26,Gabriela Hernández,gabriela.hernández26@correo.com,2025-04-28,Presencial (mostrador),Café caliente,Capuchino,2,46.6,93.2,para llevar,False,,,,,,2026-05-22,10:00:00,entregado,tarjeta,pagado,205.49,32.88,238.37,43.0,5.0,Frecuente,False
1301,1524,26,Gabriela Hernández,gabriela.hernández26@correo.com,2025-04-28,Presencial (mostrador),Bebidas frías,Refresco de cola,3,37.43,112.29,para llevar,False,,,,,,2026-05-22,10:00:00,entregado,tarjeta,pagado,205.49,32.88,238.37,43.0,5.0,Frecuente,False
1302,1525,210,Luis Romero,luis.romero210@correo.com,2026-01-27,Página web,Café caliente,Americano,1,42.04,42.04,en el lugar,True,15.0,Barra,grupal,2026-08-18,no_show,2026-08-18,14:40:00,entregado,pago en línea,pagado,75.37,12.06,87.43,39.0,3.0,Frecuente,True
1303,1525,210,Luis Romero,luis.romero210@correo.com,2026-01-27,Página web,Café caliente,Americano,1,33.33,33.33,en el lugar,True,15.0,Barra,grupal,2026-08-18,no_show,2026-08-18,14:40:00,entregado,pago en línea,pagado,75.37,12.06,87.43,39.0,3.0,Frecuente,True
1304,1526,160,Ximena García,ximena.garcía160@correo.com,2026-07-26,Página web,Bebidas frías,Agua mineral,1,32.3,32.3,en el lugar,False,13.0,Terraza,pareja,,,2026-07-31,17:40:00,entregado,transferencia,pagado,327.68,52.43,380.11,24.0,5.0,VIP,True
1305,1526,160,Ximena García,ximena.garcía160@correo.com,2026-07-26,Página web,Repostería,Brownie,3,47.76,143.28,en el lugar,False,13.0,Terraza,pareja,,,2026-07-31,17:40:00,entregado,transferencia,pagado,327.68,52.43,380.11,24.0,5.0,VIP,True
1306,1526,160,Ximena García,ximena.garcía160@correo.com,2026-07-26,Página web,Café frío,Café helado,3,50.7,152.1,en el lugar,False,13.0,Terraza,pareja,,,2026-07-31,17:40:00,entregado,transferencia,pagado,327.68,52.43,380.11,24.0,5.0,VIP,True
1307,1527,77,María Díaz,maría.díaz77@correo.com,2026-07-28,Presencial (mesero),Repostería,Pay de queso,2,31.27,62.54,en el lugar,False,5.0,Salón principal,grupal,,,2026-08-12,14:15:00,listo,tarjeta,pagado,62.54,10.01,72.55,12.0,,VIP,False
1308,1528,176,Daniela Vázquez,daniela.vázquez176@correo.com,2026-03-23,Página web,Repostería,Dona glaseada,1,44.57,44.57,en el lugar,False,11.0,Terraza,individual,,,2026-03-24,11:55:00,entregado,pago en línea,pagado,44.57,7.13,51.7,8.0,5.0,Frecuente,True
1309,1529,99,Andrea Martínez,andrea.martínez99@correo.com,2025-08-29,Presencial (mesero),Café caliente,Café de olla,2,32.12,64.24,en el lugar,False,10.0,Zona de estudio,grupal,,,2025-12-05,11:20:00,listo,tarjeta,pagado,156.04,24.97,181.01,14.0,,Frecuente,False
1310,1529,99,Andrea Martínez,andrea.martínez99@correo.com,2025-08-29,Presencial (mesero),Bebidas calientes,Chocolate caliente,3,30.6,91.8,en el lugar,False,10.0,Zona de estudio,grupal,,,2025-12-05,11:20:00,listo,tarjeta,pagado,156.04,24.97,181.01,14.0,,Frecuente,False
1311,1530,92,Camila Jiménez,camila.jiménez92@correo.com,2025-11-13,Presencial (mostrador),Café caliente,Café de olla,2,31.96,63.92,en el lugar,True,19.0,Zona de estudio,grupal,2026-01-13,completada,2026-01-16,19:40:00,entregado,efectivo,pagado,125.16,20.03,145.19,11.0,3.0,Frecuente,False
1312,1530,92,Camila Jiménez,camila.jiménez92@correo.com,2025-11-13,Presencial (mostrador),Café frío,Frappuccino de caramelo,1,61.24,61.24,en el lugar,True,19.0,Zona de estudio,grupal,2026-01-13,completada,2026-01-16,19:40:00,entregado,efectivo,pagado,125.16,20.03,145.19,11.0,3.0,Frecuente,False
1313,1531,115,Raúl De la Cruz,raúl.delacruz115@correo.com,2025-07-31,Presencial (mostrador),Bebidas frías,Refresco de cola,3,27.55,82.65,para llevar,False,,,,,,2025-10-09,15:35:00,entregado,efectivo,pagado,208.15,33.3,241.45,21.0,4.0,Frecuente,False
1314,1531,115,Raúl De la Cruz,raúl.delacruz115@correo.com,2025-07-31,Presencial (mostrador),Alimentos,Panini de jamón y queso,2,62.75,125.5,para llevar,False,,,,,,2025-10-09,15:35:00,entregado,efectivo,pagado,208.15,33.3,241.45,21.0,4.0,Frecuente,False
1315,1532,175,Daniela Ortiz,daniela.ortiz175@correo.com,2026-06-16,Presencial (mostrador),Café frío,Frappé de café,1,60.98,60.98,en el lugar,False,16.0,Zona de estudio,grupal,,,2026-07-07,17:20:00,entregado,tarjeta,pagado,351.71,56.27,407.98,31.0,5.0,VIP,False
1316,1532,175,Daniela Ortiz,daniela.ortiz175@correo.com,2026-06-16,Presencial (mostrador),Alimentos,Ensalada César,3,81.42,244.26,en el lugar,False,16.0,Zona de estudio,grupal,,,2026-07-07,17:20:00,entregado,tarjeta,pagado,351.71,56.27,407.98,31.0,5.0,VIP,False
1317,1532,175,Daniela Ortiz,daniela.ortiz175@correo.com,2026-06-16,Presencial (mostrador),Café frío,Cold brew,1,46.47,46.47,en el lugar,False,16.0,Zona de estudio,grupal,,,2026-07-07,17:20:00,entregado,tarjeta,pagado,351.71,56.27,407.98,31.0,5.0,VIP,False
1318,1533,155,Jorge Ortiz,jorge.ortiz155@correo.com,2025-04-16,Presencial (mostrador),Bebidas frías,Agua mineral,2,20.67,41.34,para llevar,False,,,,,,2026-01-10,10:00:00,en preparación,tarjeta,pagado,41.34,6.61,47.95,,,Frecuente,False
1319,1534,69,Renata Flores,renata.flores69@correo.com,2025-08-04,Página web,Bebidas calientes,Té chai,1,25.76,25.76,en el lugar,True,2.0,Terraza,grupal,2026-06-25,pendiente,2026-06-28,14:30:00,entregado,pago en línea,pagado,342.94,54.87,397.81,28.0,4.0,Frecuente,True
1320,1534,69,Renata Flores,renata.flores69@correo.com,2025-08-04,Página web,Café caliente,Café de olla,1,52.15,52.15,en el lugar,True,2.0,Terraza,grupal,2026-06-25,pendiente,2026-06-28,14:30:00,entregado,pago en línea,pagado,342.94,54.87,397.81,28.0,4.0,Frecuente,True
1321,1534,69,Renata Flores,renata.flores69@correo.com,2025-08-04,Página web,Café frío,Cold brew,2,61.13,122.26,en el lugar,True,2.0,Terraza,grupal,2026-06-25,pendiente,2026-06-28,14:30:00,entregado,pago en línea,pagado,342.94,54.87,397.81,28.0,4.0,Frecuente,True
1322,1534,69,Renata Flores,renata.flores69@correo.com,2025-08-04,Página web,Café frío,Frappé de café,3,47.59,142.77,en el lugar,True,2.0,Terraza,grupal,2026-06-25,pendiente,2026-06-28,14:30:00,entregado,pago en línea,pagado,342.94,54.87,397.81,28.0,4.0,Frecuente,True
1323,1535,237,Valeria Cruz,valeria.cruz237@correo.com,2026-04-01,Página web,Bebidas frías,Agua mineral,3,30.33,90.99,en el lugar,False,1.0,Zona de estudio,grupal,,,2026-04-25,20:40:00,listo,pago en línea,pagado,190.98,30.56,221.54,11.0,,Frecuente,True
1324,1535,237,Valeria Cruz,valeria.cruz237@correo.com,2026-04-01,Página web,Bebidas calientes,Infusión de manzanilla,3,33.33,99.99,en el lugar,False,1.0,Zona de estudio,grupal,,,2026-04-25,20:40:00,listo,pago en línea,pagado,190.98,30.56,221.54,11.0,,Frecuente,True
1325,1536,34,Pablo López,pablo.lópez34@correo.com,2025-05-12,Presencial (mostrador),Bebidas frías,Limonada,2,33.77,67.54,para llevar,False,,,,,,2025-06-14,10:40:00,entregado,efectivo,pagado,215.08,34.41,249.49,13.0,4.0,Frecuente,False
1326,1536,34,Pablo López,pablo.lópez34@correo.com,2025-05-12,Presencial (mostrador),Alimentos,Bagel con queso crema,1,76.76,76.76,para llevar,False,,,,,,2025-06-14,10:40:00,entregado,efectivo,pagado,215.08,34.41,249.49,13.0,4.0,Frecuente,False
1327,1536,34,Pablo López,pablo.lópez34@correo.com,2025-05-12,Presencial (mostrador),Café caliente,Capuchino,2,35.39,70.78,para llevar,False,,,,,,2025-06-14,10:40:00,entregado,efectivo,pagado,215.08,34.41,249.49,13.0,4.0,Frecuente,False
1328,1537,22,Sofía Díaz,sofía.díaz22@correo.com,2025-08-13,Página web,Café frío,Frappé de café,2,41.53,83.06,para llevar,False,,,,,,2026-05-29,14:05:00,listo,pago en línea,pagado,83.06,13.29,96.35,37.0,,VIP,True
1329,1538,111,Ana Flores,ana.flores111@correo.com,2025-08-29,Página web,Repostería,Croissant,2,44.78,89.56,en el lugar,False,7.0,Salón principal,pareja,,,2025-10-09,18:15:00,entregado,pago en línea,pagado,176.32,28.21,204.53,26.0,5.0,Frecuente,True
1330,1538,111,Ana Flores,ana.flores111@correo.com,2025-08-29,Página web,Alimentos,Bagel con queso crema,1,86.76,86.76,en el lugar,False,7.0,Salón principal,pareja,,,2025-10-09,18:15:00,entregado,pago en línea,pagado,176.32,28.21,204.53,26.0,5.0,Frecuente,True
1331,1539,239,Renata Sánchez,renata.sánchez239@correo.com,2025-05-06,Página web,Bebidas calientes,Chocolate caliente,3,25.73,77.19,para llevar,False,,,,,,2025-09-15,18:35:00,entregado,pago en línea,pagado,317.89,50.86,368.75,40.0,4.0,VIP,True
1332,1539,239,Renata Sánchez,renata.sánchez239@correo.com,2025-05-06,Página web,Bebidas frías,Refresco de cola,2,23.11,46.22,para llevar,False,,,,,,2025-09-15,18:35:00,entregado,pago en línea,pagado,317.89,50.86,368.75,40.0,4.0,VIP,True
1333,1539,239,Renata Sánchez,renata.sánchez239@correo.com,2025-05-06,Página web,Bebidas frías,Limonada,1,39.88,39.88,para llevar,False,,,,,,2025-09-15,18:35:00,entregado,pago en línea,pagado,317.89,50.86,368.75,40.0,4.0,VIP,True
1334,1539,239,Renata Sánchez,renata.sánchez239@correo.com,2025-05-06,Página web,Alimentos,Ensalada César,2,77.3,154.6,para llevar,False,,,,,,2025-09-15,18:35:00,entregado,pago en línea,pagado,317.89,50.86,368.75,40.0,4.0,VIP,True
1335,1540,181,Sofía Jiménez,sofía.jiménez181@correo.com,2025-01-02,Presencial (mostrador),Alimentos,Ensalada César,1,46.57,46.57,para llevar,False,,,,,,2026-07-20,20:55:00,listo,tarjeta,pagado,138.11,22.1,160.21,16.0,,Frecuente,False
1336,1540,181,Sofía Jiménez,sofía.jiménez181@correo.com,2025-01-02,Presencial (mostrador),Café caliente,Café de olla,2,45.77,91.54,para llevar,False,,,,,,2026-07-20,20:55:00,listo,tarjeta,pagado,138.11,22.1,160.21,16.0,,Frecuente,False
1337,1541,240,Luis Sánchez,luis.sánchez240@correo.com,2025-01-22,Página web,Bebidas calientes,Té verde,1,42.39,42.39,para llevar,False,,,,,,2026-05-15,16:25:00,entregado,pago en línea,pagado,42.39,6.78,49.17,38.0,5.0,Frecuente,True
1338,1542,98,Ricardo Martínez,ricardo.martínez98@correo.com,2025-10-18,Presencial (mesero),Bebidas frías,Limonada,2,35.04,70.08,para llevar,False,,,,,,2026-04-07,12:50:00,entregado,efectivo,pagado,488.62,78.18,566.8,27.0,4.0,VIP,False
1339,1542,98,Ricardo Martínez,ricardo.martínez98@correo.com,2025-10-18,Presencial (mesero),Alimentos,Panini de jamón y queso,3,74.68,224.04,para llevar,False,,,,,,2026-04-07,12:50:00,entregado,efectivo,pagado,488.62,78.18,566.8,27.0,4.0,VIP,False
1340,1542,98,Ricardo Martínez,ricardo.martínez98@correo.com,2025-10-18,Presencial (mesero),Bebidas calientes,Infusión de manzanilla,2,39.62,79.24,para llevar,False,,,,,,2026-04-07,12:50:00,entregado,efectivo,pagado,488.62,78.18,566.8,27.0,4.0,VIP,False
1341,1542,98,Ricardo Martínez,ricardo.martínez98@correo.com,2025-10-18,Presencial (mesero),Alimentos,Bagel con queso crema,2,57.63,115.26,para llevar,False,,,,,,2026-04-07,12:50:00,entregado,efectivo,pagado,488.62,78.18,566.8,27.0,4.0,VIP,False
1342,1543,213,Julián Vázquez,julián.vázquez213@correo.com,2025-11-03,Página web,Café frío,Cold brew,3,62.67,188.01,para llevar,False,,,,,,2025-11-23,10:40:00,entregado,pago en línea,pagado,188.01,30.08,218.09,41.0,2.0,VIP,True
1343,1544,164,Valeria Torres,valeria.torres164@correo.com,2025-03-25,Página web,Alimentos,Panini de jamón y queso,1,53.27,53.27,para llevar,False,,,,,,2025-10-14,16:10:00,cancelado,tarjeta,pendiente,129.48,20.72,150.2,,,Frecuente,True
1344,1544,164,Valeria Torres,valeria.torres164@correo.com,2025-03-25,Página web,Café caliente,Mocaccino,1,31.98,31.98,para llevar,False,,,,,,2025-10-14,16:10:00,cancelado,tarjeta,pendiente,129.48,20.72,150.2,,,Frecuente,True
1345,1544,164,Valeria Torres,valeria.torres164@correo.com,2025-03-25,Página web,Café frío,Café helado,1,44.23,44.23,para llevar,False,,,,,,2025-10-14,16:10:00,cancelado,tarjeta,pendiente,129.48,20.72,150.2,,,Frecuente,True
1346,1545,54,Iván Sánchez,iván.sánchez54@correo.com,2025-03-01,Página web,Bebidas calientes,Chocolate caliente,1,43.26,43.26,en el lugar,False,12.0,Terraza,pareja,,,2026-05-22,08:55:00,entregado,pago en línea,pagado,269.98,43.2,313.18,35.0,3.0,VIP,True
1347,1545,54,Iván Sánchez,iván.sánchez54@correo.com,2025-03-01,Página web,Bebidas calientes,Infusión de manzanilla,2,41.63,83.26,en el lugar,False,12.0,Terraza,pareja,,,2026-05-22,08:55:00,entregado,pago en línea,pagado,269.98,43.2,313.18,35.0,3.0,VIP,True
1348,1545,54,Iván Sánchez,iván.sánchez54@correo.com,2025-03-01,Página web,Bebidas calientes,Chocolate caliente,2,40.26,80.52,en el lugar,False,12.0,Terraza,pareja,,,2026-05-22,08:55:00,entregado,pago en línea,pagado,269.98,43.2,313.18,35.0,3.0,VIP,True
1349,1545,54,Iván Sánchez,iván.sánchez54@correo.com,2025-03-01,Página web,Café caliente,Latte,2,31.47,62.94,en el lugar,False,12.0,Terraza,pareja,,,2026-05-22,08:55:00,entregado,pago en línea,pagado,269.98,43.2,313.18,35.0,3.0,VIP,True
1350,1546,223,Estefanía Jiménez,estefanía.jiménez223@correo.com,2025-10-07,Página web,Bebidas frías,Limonada,1,35.36,35.36,para llevar,False,,,,,,2026-08-08,13:40:00,listo,pago en línea,pagado,146.03,23.36,169.39,33.0,,Recurrente,True
1351,1546,223,Estefanía Jiménez,estefanía.jiménez223@correo.com,2025-10-07,Página web,Repostería,Muffin de arándano,3,36.89,110.67,para llevar,False,,,,,,2026-08-08,13:40:00,listo,pago en línea,pagado,146.03,23.36,169.39,33.0,,Recurrente,True
1352,1547,175,Daniela Ortiz,daniela.ortiz175@correo.com,2026-06-16,Página web,Alimentos,Bagel con queso crema,2,66.29,132.58,para llevar,False,,,,,,2026-06-25,17:15:00,entregado,pago en línea,pagado,229.17,36.67,265.84,41.0,5.0,VIP,True
1353,1547,175,Daniela Ortiz,daniela.ortiz175@correo.com,2026-06-16,Página web,Repostería,Muffin de arándano,1,38.54,38.54,para llevar,False,,,,,,2026-06-25,17:15:00,entregado,pago en línea,pagado,229.17,36.67,265.84,41.0,5.0,VIP,True
1354,1547,175,Daniela Ortiz,daniela.ortiz175@correo.com,2026-06-16,Página web,Alimentos,Sandwich club,1,58.05,58.05,para llevar,False,,,,,,2026-06-25,17:15:00,entregado,pago en línea,pagado,229.17,36.67,265.84,41.0,5.0,VIP,True
1355,1548,67,Gabriela Flores,gabriela.flores67@correo.com,2025-04-17,Presencial (mostrador),Café caliente,Americano,1,36.61,36.61,para llevar,False,,,,,,2026-06-18,08:35:00,listo,transferencia,pagado,297.49,47.6,345.09,15.0,,Frecuente,False
1356,1548,67,Gabriela Flores,gabriela.flores67@correo.com,2025-04-17,Presencial (mostrador),Bebidas frías,Jugo de naranja,2,27.68,55.36,para llevar,False,,,,,,2026-06-18,08:35:00,listo,transferencia,pagado,297.49,47.6,345.09,15.0,,Frecuente,False
1357,1548,67,Gabriela Flores,gabriela.flores67@correo.com,2025-04-17,Presencial (mostrador),Alimentos,Sandwich club,2,69.31,138.62,para llevar,False,,,,,,2026-06-18,08:35:00,listo,transferencia,pagado,297.49,47.6,345.09,15.0,,Frecuente,False
1358,1548,67,Gabriela Flores,gabriela.flores67@correo.com,2025-04-17,Presencial (mostrador),Bebidas calientes,Infusión de manzanilla,2,33.45,66.9,para llevar,False,,,,,,2026-06-18,08:35:00,listo,transferencia,pagado,297.49,47.6,345.09,15.0,,Frecuente,False
1359,1549,63,María Martínez,maría.martínez63@correo.com,2026-07-05,Página web,Bebidas calientes,Té chai,2,28.01,56.02,en el lugar,False,18.0,Zona de estudio,individual,,,2026-08-12,19:35:00,listo,transferencia,pagado,290.43,46.47,336.9,31.0,,Frecuente,True
1360,1549,63,María Martínez,maría.martínez63@correo.com,2026-07-05,Página web,Repostería,Dona glaseada,2,45.66,91.32,en el lugar,False,18.0,Zona de estudio,individual,,,2026-08-12,19:35:00,listo,transferencia,pagado,290.43,46.47,336.9,31.0,,Frecuente,True
1361,1549,63,María Martínez,maría.martínez63@correo.com,2026-07-05,Página web,Café frío,Frappuccino de caramelo,2,48.05,96.1,en el lugar,False,18.0,Zona de estudio,individual,,,2026-08-12,19:35:00,listo,transferencia,pagado,290.43,46.47,336.9,31.0,,Frecuente,True
1362,1549,63,María Martínez,maría.martínez63@correo.com,2026-07-05,Página web,Alimentos,Ensalada César,1,46.99,46.99,en el lugar,False,18.0,Zona de estudio,individual,,,2026-08-12,19:35:00,listo,transferencia,pagado,290.43,46.47,336.9,31.0,,Frecuente,True
1363,1550,160,Ximena García,ximena.garcía160@correo.com,2026-07-26,Página web,Bebidas frías,Té helado,1,27.14,27.14,en el lugar,True,9.0,Salón principal,pareja,2026-08-01,completada,2026-08-03,13:25:00,entregado,pago en línea,pagado,27.14,4.34,31.48,33.0,4.0,VIP,True
1364,1551,249,Óscar Díaz,óscar.díaz249@correo.com,2026-06-10,Página web,Repostería,Pay de queso,3,49.11,147.33,para llevar,False,,,,,,2026-07-11,09:05:00,entregado,pago en línea,pagado,335.01,53.6,388.61,14.0,3.0,Frecuente,True
1365,1551,249,Óscar Díaz,óscar.díaz249@correo.com,2026-06-10,Página web,Café frío,Frappuccino de caramelo,3,36.22,108.66,para llevar,False,,,,,,2026-07-11,09:05:00,entregado,pago en línea,pagado,335.01,53.6,388.61,14.0,3.0,Frecuente,True
1366,1551,249,Óscar Díaz,óscar.díaz249@correo.com,2026-06-10,Página web,Repostería,Muffin de arándano,3,26.34,79.02,para llevar,False,,,,,,2026-07-11,09:05:00,entregado,pago en línea,pagado,335.01,53.6,388.61,14.0,3.0,Frecuente,True
1367,1552,129,Ximena López,ximena.lópez129@correo.com,2026-04-30,Página web,Alimentos,Sandwich club,3,84.68,254.04,en el lugar,False,14.0,Barra,individual,,,2026-06-17,15:55:00,entregado,pago en línea,pagado,254.04,40.65,294.69,27.0,5.0,Frecuente,True
1368,1553,25,Adrián Romero,adrián.romero25@correo.com,2026-04-25,Presencial (mostrador),Café frío,Frappuccino de caramelo,2,43.24,86.48,para llevar,False,,,,,,2026-07-12,15:40:00,listo,tarjeta,pagado,240.47,38.48,278.95,16.0,,Recurrente,False
1369,1553,25,Adrián Romero,adrián.romero25@correo.com,2026-04-25,Presencial (mostrador),Bebidas calientes,Chocolate caliente,1,30.54,30.54,para llevar,False,,,,,,2026-07-12,15:40:00,listo,tarjeta,pagado,240.47,38.48,278.95,16.0,,Recurrente,False
1370,1553,25,Adrián Romero,adrián.romero25@correo.com,2026-04-25,Presencial (mostrador),Bebidas calientes,Té chai,1,37.09,37.09,para llevar,False,,,,,,2026-07-12,15:40:00,listo,tarjeta,pagado,240.47,38.48,278.95,16.0,,Recurrente,False
1371,1553,25,Adrián Romero,adrián.romero25@correo.com,2026-04-25,Presencial (mostrador),Café frío,Café helado,2,43.18,86.36,para llevar,False,,,,,,2026-07-12,15:40:00,listo,tarjeta,pagado,240.47,38.48,278.95,16.0,,Recurrente,False
1372,1554,243,Diego Gómez,diego.gómez243@correo.com,2025-06-01,Presencial (mostrador),Bebidas frías,Refresco de cola,1,32.7,32.7,en el lugar,True,8.0,Salón principal,individual,2025-10-17,completada,2025-10-19,11:35:00,entregado,transferencia,pagado,298.1,47.7,345.8,18.0,5.0,Frecuente,False
1373,1554,243,Diego Gómez,diego.gómez243@correo.com,2025-06-01,Presencial (mostrador),Repostería,Brownie,2,38.62,77.24,en el lugar,True,8.0,Salón principal,individual,2025-10-17,completada,2025-10-19,11:35:00,entregado,transferencia,pagado,298.1,47.7,345.8,18.0,5.0,Frecuente,False
1374,1554,243,Diego Gómez,diego.gómez243@correo.com,2025-06-01,Presencial (mostrador),Bebidas frías,Té helado,3,26.86,80.58,en el lugar,True,8.0,Salón principal,individual,2025-10-17,completada,2025-10-19,11:35:00,entregado,transferencia,pagado,298.1,47.7,345.8,18.0,5.0,Frecuente,False
1375,1554,243,Diego Gómez,diego.gómez243@correo.com,2025-06-01,Presencial (mostrador),Repostería,Muffin de arándano,2,53.79,107.58,en el lugar,True,8.0,Salón principal,individual,2025-10-17,completada,2025-10-19,11:35:00,entregado,transferencia,pagado,298.1,47.7,345.8,18.0,5.0,Frecuente,False
1376,1555,177,Marco Díaz,marco.díaz177@correo.com,2026-02-23,Página web,Repostería,Muffin de arándano,3,40.8,122.4,en el lugar,False,3.0,Barra,grupal,,,2026-08-14,13:20:00,cancelado,pago en línea,reembolsado,292.98,46.88,339.86,,,Recurrente,True
1377,1555,177,Marco Díaz,marco.díaz177@correo.com,2026-02-23,Página web,Alimentos,Sandwich club,2,52.8,105.6,en el lugar,False,3.0,Barra,grupal,,,2026-08-14,13:20:00,cancelado,pago en línea,reembolsado,292.98,46.88,339.86,,,Recurrente,True
1378,1555,177,Marco Díaz,marco.díaz177@correo.com,2026-02-23,Página web,Bebidas frías,Limonada,2,32.49,64.98,en el lugar,False,3.0,Barra,grupal,,,2026-08-14,13:20:00,cancelado,pago en línea,reembolsado,292.98,46.88,339.86,,,Recurrente,True
1379,1556,91,Ana Gómez,ana.gómez91@correo.com,2025-11-18,Presencial (mostrador),Alimentos,Sandwich club,3,49.85,149.55,para llevar,False,,,,,,2025-11-29,19:20:00,entregado,transferencia,pagado,279.07,44.65,323.72,18.0,5.0,Frecuente,False
1380,1556,91,Ana Gómez,ana.gómez91@correo.com,2025-11-18,Presencial (mostrador),Café frío,Cold brew,2,64.76,129.52,para llevar,False,,,,,,2025-11-29,19:20:00,entregado,transferencia,pagado,279.07,44.65,323.72,18.0,5.0,Frecuente,False
1381,1557,39,Michelle Vázquez,michelle.vázquez39@correo.com,2026-07-22,Presencial (mesero),Bebidas frías,Jugo de naranja,2,30.65,61.3,en el lugar,True,7.0,Barra,grupal,2026-08-13,completada,2026-08-15,19:55:00,entregado,efectivo,pagado,197.45,31.59,229.04,8.0,5.0,Frecuente,False
1382,1557,39,Michelle Vázquez,michelle.vázquez39@correo.com,2026-07-22,Presencial (mesero),Café frío,Frappuccino de caramelo,1,49.84,49.84,en el lugar,True,7.0,Barra,grupal,2026-08-13,completada,2026-08-15,19:55:00,entregado,efectivo,pagado,197.45,31.59,229.04,8.0,5.0,Frecuente,False
1383,1557,39,Michelle Vázquez,michelle.vázquez39@correo.com,2026-07-22,Presencial (mesero),Alimentos,Ensalada César,1,86.31,86.31,en el lugar,True,7.0,Barra,grupal,2026-08-13,completada,2026-08-15,19:55:00,entregado,efectivo,pagado,197.45,31.59,229.04,8.0,5.0,Frecuente,False
1384,1558,132,Camila Vázquez,camila.vázquez132@correo.com,2026-01-20,Presencial (mostrador),Café frío,Frappé de café,3,53.57,160.71,en el lugar,False,4.0,Barra,grupal,,,2026-06-05,20:25:00,entregado,tarjeta,pagado,508.75,81.4,590.15,31.0,5.0,Frecuente,False
1385,1558,132,Camila Vázquez,camila.vázquez132@correo.com,2026-01-20,Presencial (mostrador),Café frío,Frappé de café,3,52.99,158.97,en el lugar,False,4.0,Barra,grupal,,,2026-06-05,20:25:00,entregado,tarjeta,pagado,508.75,81.4,590.15,31.0,5.0,Frecuente,False
1386,1558,132,Camila Vázquez,camila.vázquez132@correo.com,2026-01-20,Presencial (mostrador),Bebidas calientes,Infusión de manzanilla,2,43.91,87.82,en el lugar,False,4.0,Barra,grupal,,,2026-06-05,20:25:00,entregado,tarjeta,pagado,508.75,81.4,590.15,31.0,5.0,Frecuente,False
1387,1558,132,Camila Vázquez,camila.vázquez132@correo.com,2026-01-20,Presencial (mostrador),Repostería,Brownie,3,33.75,101.25,en el lugar,False,4.0,Barra,grupal,,,2026-06-05,20:25:00,entregado,tarjeta,pagado,508.75,81.4,590.15,31.0,5.0,Frecuente,False
1388,1559,159,Paola López,paola.lópez159@correo.com,2026-07-31,Presencial (mesero),Alimentos,Bagel con queso crema,1,61.14,61.14,en el lugar,False,7.0,Salón principal,pareja,,,2026-07-31,18:45:00,entregado,efectivo,pagado,230.07,36.81,266.88,23.0,4.0,VIP,False
1389,1559,159,Paola López,paola.lópez159@correo.com,2026-07-31,Presencial (mesero),Repostería,Concha,3,56.31,168.93,en el lugar,False,7.0,Salón principal,pareja,,,2026-07-31,18:45:00,entregado,efectivo,pagado,230.07,36.81,266.88,23.0,4.0,VIP,False
1390,1560,46,Andrea García,andrea.garcía46@correo.com,2025-09-12,Presencial (mostrador),Café caliente,Mocaccino,3,28.87,86.61,en el lugar,False,4.0,Zona de estudio,individual,,,2026-07-17,14:15:00,entregado,transferencia,pagado,86.61,13.86,100.47,41.0,5.0,VIP,False
1391,1561,170,Ricardo Flores,ricardo.flores170@correo.com,2026-08-06,Página web,Bebidas calientes,Té chai,3,33.77,101.31,para llevar,False,,,,,,2026-08-13,20:30:00,entregado,pago en línea,pagado,101.31,16.21,117.52,33.0,5.0,VIP,True
1392,1562,199,Yuleni López,yuleni.lópez199@correo.com,2026-05-30,Presencial (mostrador),Bebidas calientes,Chocolate caliente,3,32.33,96.99,en el lugar,False,14.0,Terraza,individual,,,2026-06-04,12:30:00,entregado,tarjeta,pagado,96.99,15.52,112.51,23.0,5.0,VIP,False
1393,1563,87,Alejandro Pérez,alejandro.pérez87@correo.com,2026-08-18,Página web,Bebidas frías,Agua mineral,3,31.89,95.67,en el lugar,True,16.0,Salón principal,pareja,2026-08-17,completada,2026-08-19,10:20:00,entregado,pago en línea,pagado,352.25,56.36,408.61,18.0,5.0,Frecuente,True
1394,1563,87,Alejandro Pérez,alejandro.pérez87@correo.com,2026-08-18,Página web,Café frío,Cold brew,2,50.65,101.3,en el lugar,True,16.0,Salón principal,pareja,2026-08-17,completada,2026-08-19,10:20:00,entregado,pago en línea,pagado,352.25,56.36,408.61,18.0,5.0,Frecuente,True
1395,1563,87,Alejandro Pérez,alejandro.pérez87@correo.com,2026-08-18,Página web,Café caliente,Americano,3,51.76,155.28,en el lugar,True,16.0,Salón principal,pareja,2026-08-17,completada,2026-08-19,10:20:00,entregado,pago en línea,pagado,352.25,56.36,408.61,18.0,5.0,Frecuente,True
1396,1564,66,Pablo Flores,pablo.flores66@correo.com,2026-06-26,Página web,Café frío,Café helado,1,60.77,60.77,para llevar,False,,,,,,2026-08-01,17:20:00,entregado,pago en línea,pagado,159.71,25.55,185.26,45.0,5.0,VIP,True
1397,1564,66,Pablo Flores,pablo.flores66@correo.com,2026-06-26,Página web,Repostería,Dona glaseada,3,32.98,98.94,para llevar,False,,,,,,2026-08-01,17:20:00,entregado,pago en línea,pagado,159.71,25.55,185.26,45.0,5.0,VIP,True
1398,1565,96,Iván Sánchez,iván.sánchez96@correo.com,2026-03-17,Presencial (mostrador),Bebidas frías,Jugo de naranja,2,26.29,52.58,en el lugar,False,13.0,Barra,grupal,,,2026-03-20,11:25:00,en preparación,tarjeta,pagado,218.45,34.95,253.4,,,Frecuente,False
1399,1565,96,Iván Sánchez,iván.sánchez96@correo.com,2026-03-17,Presencial (mostrador),Repostería,Pay de queso,3,55.29,165.87,en el lugar,False,13.0,Barra,grupal,,,2026-03-20,11:25:00,en preparación,tarjeta,pagado,218.45,34.95,253.4,,,Frecuente,False
1400,1566,227,José Torres,josé.torres227@correo.com,2026-07-04,Página web,Repostería,Croissant,1,35.83,35.83,para llevar,False,,,,,,2026-07-14,20:40:00,entregado,pago en línea,pagado,35.83,5.73,41.56,15.0,5.0,VIP,True
1401,1567,77,María Díaz,maría.díaz77@correo.com,2026-07-28,Página web,Bebidas calientes,Té chai,1,44.04,44.04,en el lugar,False,1.0,Salón principal,grupal,,,2026-08-17,10:25:00,entregado,pago en línea,pagado,274.27,43.88,318.15,23.0,5.0,VIP,True
1402,1567,77,María Díaz,maría.díaz77@correo.com,2026-07-28,Página web,Bebidas frías,Té helado,1,25.43,25.43,en el lugar,False,1.0,Salón principal,grupal,,,2026-08-17,10:25:00,entregado,pago en línea,pagado,274.27,43.88,318.15,23.0,5.0,VIP,True
1403,1567,77,María Díaz,maría.díaz77@correo.com,2026-07-28,Página web,Bebidas frías,Jugo de naranja,2,37.45,74.9,en el lugar,False,1.0,Salón principal,grupal,,,2026-08-17,10:25:00,entregado,pago en línea,pagado,274.27,43.88,318.15,23.0,5.0,VIP,True
1404,1567,77,María Díaz,maría.díaz77@correo.com,2026-07-28,Página web,Café caliente,Latte,3,43.3,129.9,en el lugar,False,1.0,Salón principal,grupal,,,2026-08-17,10:25:00,entregado,pago en línea,pagado,274.27,43.88,318.15,23.0,5.0,VIP,True
1405,1568,198,Adrián Reyes,adrián.reyes198@correo.com,2025-06-05,Presencial (mostrador),Café caliente,Mocaccino,3,33.13,99.39,para llevar,False,,,,,,2025-09-29,18:55:00,entregado,transferencia,pagado,294.0,47.04,341.04,42.0,4.0,Frecuente,False
1406,1568,198,Adrián Reyes,adrián.reyes198@correo.com,2025-06-05,Presencial (mostrador),Café caliente,Americano,3,42.11,126.33,para llevar,False,,,,,,2025-09-29,18:55:00,entregado,transferencia,pagado,294.0,47.04,341.04,42.0,4.0,Frecuente,False
1407,1568,198,Adrián Reyes,adrián.reyes198@correo.com,2025-06-05,Presencial (mostrador),Café caliente,Americano,2,34.14,68.28,para llevar,False,,,,,,2025-09-29,18:55:00,entregado,transferencia,pagado,294.0,47.04,341.04,42.0,4.0,Frecuente,False
1408,1569,246,José Díaz,josé.díaz246@correo.com,2025-09-01,Página web,Bebidas frías,Jugo de naranja,2,24.3,48.6,para llevar,False,,,,,,2025-09-27,12:50:00,entregado,pago en línea,pagado,48.6,7.78,56.38,8.0,5.0,Frecuente,True
1409,1570,90,Karla Hernández,karla.hernández90@correo.com,2026-06-17,Presencial (mostrador),Café caliente,Capuchino,2,48.37,96.74,para llevar,False,,,,,,2026-08-11,20:05:00,entregado,transferencia,pagado,346.13,55.38,401.51,43.0,5.0,Frecuente,False
1410,1570,90,Karla Hernández,karla.hernández90@correo.com,2026-06-17,Presencial (mostrador),Bebidas frías,Agua mineral,2,29.85,59.7,para llevar,False,,,,,,2026-08-11,20:05:00,entregado,transferencia,pagado,346.13,55.38,401.51,43.0,5.0,Frecuente,False
1411,1570,90,Karla Hernández,karla.hernández90@correo.com,2026-06-17,Presencial (mostrador),Café frío,Café helado,3,50.22,150.66,para llevar,False,,,,,,2026-08-11,20:05:00,entregado,transferencia,pagado,346.13,55.38,401.51,43.0,5.0,Frecuente,False
1412,1570,90,Karla Hernández,karla.hernández90@correo.com,2026-06-17,Presencial (mostrador),Bebidas frías,Agua mineral,1,39.03,39.03,para llevar,False,,,,,,2026-08-11,20:05:00,entregado,transferencia,pagado,346.13,55.38,401.51,43.0,5.0,Frecuente,False
1413,1571,168,Alejandro Vázquez,alejandro.vázquez168@correo.com,2025-07-22,Página web,Café frío,Cold brew,1,36.97,36.97,en el lugar,False,16.0,Terraza,pareja,,,2026-04-05,11:50:00,en preparación,pago en línea,pagado,211.33,33.81,245.14,,,VIP,True
1414,1571,168,Alejandro Vázquez,alejandro.vázquez168@correo.com,2025-07-22,Página web,Alimentos,Ensalada César,1,49.73,49.73,en el lugar,False,16.0,Terraza,pareja,,,2026-04-05,11:50:00,en preparación,pago en línea,pagado,211.33,33.81,245.14,,,VIP,True
1415,1571,168,Alejandro Vázquez,alejandro.vázquez168@correo.com,2025-07-22,Página web,Alimentos,Ensalada César,1,76.89,76.89,en el lugar,False,16.0,Terraza,pareja,,,2026-04-05,11:50:00,en preparación,pago en línea,pagado,211.33,33.81,245.14,,,VIP,True
1416,1571,168,Alejandro Vázquez,alejandro.vázquez168@correo.com,2025-07-22,Página web,Bebidas frías,Limonada,2,23.87,47.74,en el lugar,False,16.0,Terraza,pareja,,,2026-04-05,11:50:00,en preparación,pago en línea,pagado,211.33,33.81,245.14,,,VIP,True
1417,1572,143,Estefanía Sánchez,estefanía.sánchez143@correo.com,2025-03-29,Presencial (mesero),Bebidas frías,Limonada,1,26.48,26.48,para llevar,False,,,,,,2025-12-10,11:25:00,entregado,transferencia,pagado,202.19,32.35,234.54,28.0,4.0,VIP,False
1418,1572,143,Estefanía Sánchez,estefanía.sánchez143@correo.com,2025-03-29,Presencial (mesero),Café frío,Frappuccino de caramelo,3,58.57,175.71,para llevar,False,,,,,,2025-12-10,11:25:00,entregado,transferencia,pagado,202.19,32.35,234.54,28.0,4.0,VIP,False
1419,1573,101,Ximena Ortiz,ximena.ortiz101@correo.com,2025-03-16,Presencial (mostrador),Alimentos,Ensalada César,2,66.26,132.52,en el lugar,True,9.0,Barra,pareja,2026-07-12,completada,2026-07-14,17:45:00,entregado,tarjeta,pagado,361.79,57.89,419.68,25.0,1.0,Recurrente,False
1420,1573,101,Ximena Ortiz,ximena.ortiz101@correo.com,2025-03-16,Presencial (mostrador),Alimentos,Panini de jamón y queso,3,45.28,135.84,en el lugar,True,9.0,Barra,pareja,2026-07-12,completada,2026-07-14,17:45:00,entregado,tarjeta,pagado,361.79,57.89,419.68,25.0,1.0,Recurrente,False
1421,1573,101,Ximena Ortiz,ximena.ortiz101@correo.com,2025-03-16,Presencial (mostrador),Alimentos,Sandwich club,1,93.43,93.43,en el lugar,True,9.0,Barra,pareja,2026-07-12,completada,2026-07-14,17:45:00,entregado,tarjeta,pagado,361.79,57.89,419.68,25.0,1.0,Recurrente,False
1422,1574,33,Luis Martínez,luis.martínez33@correo.com,2026-05-13,Página web,Café frío,Frappuccino de caramelo,2,60.69,121.38,en el lugar,True,12.0,Terraza,pareja,2026-05-12,cancelada,2026-05-15,20:55:00,entregado,pago en línea,pagado,225.06,36.01,261.07,45.0,4.0,VIP,True
1423,1574,33,Luis Martínez,luis.martínez33@correo.com,2026-05-13,Página web,Café caliente,Espresso,3,34.56,103.68,en el lugar,True,12.0,Terraza,pareja,2026-05-12,cancelada,2026-05-15,20:55:00,entregado,pago en línea,pagado,225.06,36.01,261.07,45.0,4.0,VIP,True
1424,1575,200,Óscar García,óscar.garcía200@correo.com,2026-06-23,Página web,Bebidas calientes,Té verde,2,30.52,61.04,en el lugar,False,8.0,Zona de estudio,grupal,,,2026-07-23,07:50:00,entregado,pago en línea,pagado,61.04,9.77,70.81,26.0,5.0,Frecuente,True
1425,1576,162,Camila Vázquez,camila.vázquez162@correo.com,2026-03-16,Presencial (mesero),Café frío,Café helado,2,52.22,104.44,para llevar,False,,,,,,2026-04-13,14:10:00,cancelado,transferencia,reembolsado,190.75,30.52,221.27,,,Frecuente,False
1426,1576,162,Camila Vázquez,camila.vázquez162@correo.com,2026-03-16,Presencial (mesero),Bebidas frías,Té helado,3,28.77,86.31,para llevar,False,,,,,,2026-04-13,14:10:00,cancelado,transferencia,reembolsado,190.75,30.52,221.27,,,Frecuente,False
1427,1577,201,Paola Morales,paola.morales201@correo.com,2025-06-08,Página web,Café frío,Café helado,3,49.05,147.15,en el lugar,True,1.0,Salón principal,individual,2026-03-12,pendiente,2026-03-14,19:50:00,entregado,pago en línea,pagado,332.1,53.14,385.24,9.0,5.0,Frecuente,True
1428,1577,201,Paola Morales,paola.morales201@correo.com,2025-06-08,Página web,Alimentos,Ensalada César,3,61.65,184.95,en el lugar,True,1.0,Salón principal,individual,2026-03-12,pendiente,2026-03-14,19:50:00,entregado,pago en línea,pagado,332.1,53.14,385.24,9.0,5.0,Frecuente,True
1429,1578,9,Yuleni Cruz,yuleni.cruz9@correo.com,2026-07-04,Página web,Bebidas frías,Agua mineral,2,20.32,40.64,para llevar,False,,,,,,2026-07-12,08:50:00,entregado,pago en línea,pagado,40.64,6.5,47.14,40.0,1.0,Frecuente,True
1430,1579,137,Mariana Cruz,mariana.cruz137@correo.com,2025-06-06,Página web,Bebidas frías,Refresco de cola,1,32.2,32.2,en el lugar,False,3.0,Terraza,grupal,,,2026-07-19,12:40:00,listo,pago en línea,pagado,32.2,5.15,37.35,12.0,,Frecuente,True
1431,1580,249,Óscar Díaz,óscar.díaz249@correo.com,2026-06-10,Página web,Bebidas frías,Refresco de cola,1,37.79,37.79,en el lugar,False,5.0,Zona de estudio,individual,,,2026-08-04,20:20:00,entregado,pago en línea,pagado,370.58,59.29,429.87,20.0,4.0,Frecuente,True
1432,1580,249,Óscar Díaz,óscar.díaz249@correo.com,2026-06-10,Página web,Alimentos,Ensalada César,3,45.32,135.96,en el lugar,False,5.0,Zona de estudio,individual,,,2026-08-04,20:20:00,entregado,pago en línea,pagado,370.58,59.29,429.87,20.0,4.0,Frecuente,True
1433,1580,249,Óscar Díaz,óscar.díaz249@correo.com,2026-06-10,Página web,Alimentos,Sandwich club,3,45.43,136.29,en el lugar,False,5.0,Zona de estudio,individual,,,2026-08-04,20:20:00,entregado,pago en línea,pagado,370.58,59.29,429.87,20.0,4.0,Frecuente,True
1434,1580,249,Óscar Díaz,óscar.díaz249@correo.com,2026-06-10,Página web,Repostería,Pay de queso,2,30.27,60.54,en el lugar,False,5.0,Zona de estudio,individual,,,2026-08-04,20:20:00,entregado,pago en línea,pagado,370.58,59.29,429.87,20.0,4.0,Frecuente,True
1435,1581,67,Gabriela Flores,gabriela.flores67@correo.com,2025-04-17,Presencial (mesero),Café frío,Frappé de café,2,35.79,71.58,en el lugar,False,19.0,Salón principal,individual,,,2026-05-16,20:45:00,listo,efectivo,pagado,181.85,29.1,210.95,21.0,,Frecuente,False
1436,1581,67,Gabriela Flores,gabriela.flores67@correo.com,2025-04-17,Presencial (mesero),Bebidas frías,Té helado,2,35.59,71.18,en el lugar,False,19.0,Salón principal,individual,,,2026-05-16,20:45:00,listo,efectivo,pagado,181.85,29.1,210.95,21.0,,Frecuente,False
1437,1581,67,Gabriela Flores,gabriela.flores67@correo.com,2025-04-17,Presencial (mesero),Bebidas frías,Agua mineral,1,39.09,39.09,en el lugar,False,19.0,Salón principal,individual,,,2026-05-16,20:45:00,listo,efectivo,pagado,181.85,29.1,210.95,21.0,,Frecuente,False
1438,1582,75,Gabriela López,gabriela.lópez75@correo.com,2026-03-17,Página web,Café caliente,Americano,3,51.7,155.1,para llevar,False,,,,,,2026-05-07,11:10:00,en preparación,pago en línea,pagado,482.43,77.19,559.62,,,VIP,True
1439,1582,75,Gabriela López,gabriela.lópez75@correo.com,2026-03-17,Página web,Alimentos,Sandwich club,3,86.71,260.13,para llevar,False,,,,,,2026-05-07,11:10:00,en preparación,pago en línea,pagado,482.43,77.19,559.62,,,VIP,True
1440,1582,75,Gabriela López,gabriela.lópez75@correo.com,2026-03-17,Página web,Alimentos,Sandwich club,1,67.2,67.2,para llevar,False,,,,,,2026-05-07,11:10:00,en preparación,pago en línea,pagado,482.43,77.19,559.62,,,VIP,True
1441,1583,210,Luis Romero,luis.romero210@correo.com,2026-01-27,Página web,Café caliente,Americano,3,41.68,125.04,para llevar,False,,,,,,2026-05-04,07:35:00,listo,pago en línea,pagado,125.04,20.01,145.05,41.0,,Frecuente,True
1442,1584,206,María García,maría.garcía206@correo.com,2026-03-31,Página web,Alimentos,Bagel con queso crema,2,55.52,111.04,para llevar,False,,,,,,2026-05-01,09:15:00,entregado,pago en línea,pagado,177.68,28.43,206.11,34.0,5.0,VIP,True
1443,1584,206,María García,maría.garcía206@correo.com,2026-03-31,Página web,Café caliente,Café de olla,1,37.72,37.72,para llevar,False,,,,,,2026-05-01,09:15:00,entregado,pago en línea,pagado,177.68,28.43,206.11,34.0,5.0,VIP,True
1444,1584,206,María García,maría.garcía206@correo.com,2026-03-31,Página web,Repostería,Brownie,1,28.92,28.92,para llevar,False,,,,,,2026-05-01,09:15:00,entregado,pago en línea,pagado,177.68,28.43,206.11,34.0,5.0,VIP,True
1445,1585,153,José Castillo,josé.castillo153@correo.com,2025-05-10,Página web,Café caliente,Capuchino,2,47.7,95.4,en el lugar,False,14.0,Zona de estudio,individual,,,2025-11-30,20:05:00,cancelado,pago en línea,reembolsado,294.9,47.18,342.08,,,Frecuente,True
1446,1585,153,José Castillo,josé.castillo153@correo.com,2025-05-10,Página web,Repostería,Concha,1,29.93,29.93,en el lugar,False,14.0,Zona de estudio,individual,,,2025-11-30,20:05:00,cancelado,pago en línea,reembolsado,294.9,47.18,342.08,,,Frecuente,True
1447,1585,153,José Castillo,josé.castillo153@correo.com,2025-05-10,Página web,Café frío,Cold brew,1,51.94,51.94,en el lugar,False,14.0,Zona de estudio,individual,,,2025-11-30,20:05:00,cancelado,pago en línea,reembolsado,294.9,47.18,342.08,,,Frecuente,True
1448,1585,153,José Castillo,josé.castillo153@correo.com,2025-05-10,Página web,Café frío,Cold brew,3,39.21,117.63,en el lugar,False,14.0,Zona de estudio,individual,,,2025-11-30,20:05:00,cancelado,pago en línea,reembolsado,294.9,47.18,342.08,,,Frecuente,True
1449,1586,76,Mariana De la Cruz,mariana.delacruz76@correo.com,2026-01-02,Página web,Café frío,Cold brew,1,57.26,57.26,para llevar,False,,,,,,2026-07-26,10:55:00,entregado,pago en línea,pagado,89.56,14.33,103.89,21.0,5.0,Frecuente,True
1450,1586,76,Mariana De la Cruz,mariana.delacruz76@correo.com,2026-01-02,Página web,Bebidas calientes,Chocolate caliente,1,32.3,32.3,para llevar,False,,,,,,2026-07-26,10:55:00,entregado,pago en línea,pagado,89.56,14.33,103.89,21.0,5.0,Frecuente,True
1451,1587,116,Michelle Vázquez,michelle.vázquez116@correo.com,2026-01-25,Página web,Alimentos,Sandwich club,1,71.97,71.97,en el lugar,False,1.0,Terraza,pareja,,,2026-04-13,13:50:00,entregado,pago en línea,pagado,95.36,15.26,110.62,22.0,5.0,Frecuente,True
1452,1587,116,Michelle Vázquez,michelle.vázquez116@correo.com,2026-01-25,Página web,Bebidas frías,Jugo de naranja,1,23.39,23.39,en el lugar,False,1.0,Terraza,pareja,,,2026-04-13,13:50:00,entregado,pago en línea,pagado,95.36,15.26,110.62,22.0,5.0,Frecuente,True
1453,1588,52,José Reyes,josé.reyes52@correo.com,2025-09-29,Página web,Bebidas frías,Té helado,3,26.23,78.69,para llevar,False,,,,,,2025-11-15,13:05:00,cancelado,transferencia,reembolsado,232.92,37.27,270.19,,,VIP,True
1454,1588,52,José Reyes,josé.reyes52@correo.com,2025-09-29,Página web,Alimentos,Ensalada César,3,51.41,154.23,para llevar,False,,,,,,2025-11-15,13:05:00,cancelado,transferencia,reembolsado,232.92,37.27,270.19,,,VIP,True
1455,1589,44,María Morales,maría.morales44@correo.com,2025-12-29,Presencial (mostrador),Café frío,Cold brew,3,50.44,151.32,para llevar,False,,,,,,2026-04-01,16:50:00,listo,transferencia,pagado,206.1,32.98,239.08,33.0,,VIP,False
1456,1589,44,María Morales,maría.morales44@correo.com,2025-12-29,Presencial (mostrador),Café frío,Cold brew,1,54.78,54.78,para llevar,False,,,,,,2026-04-01,16:50:00,listo,transferencia,pagado,206.1,32.98,239.08,33.0,,VIP,False
1457,1590,40,José Martínez,josé.martínez40@correo.com,2025-03-02,Página web,Bebidas calientes,Té verde,2,40.2,80.4,para llevar,False,,,,,,2025-12-16,16:05:00,listo,pago en línea,pagado,312.43,49.99,362.42,19.0,,Frecuente,True
1458,1590,40,José Martínez,josé.martínez40@correo.com,2025-03-02,Página web,Café frío,Café helado,3,47.66,142.98,para llevar,False,,,,,,2025-12-16,16:05:00,listo,pago en línea,pagado,312.43,49.99,362.42,19.0,,Frecuente,True
1459,1590,40,José Martínez,josé.martínez40@correo.com,2025-03-02,Página web,Bebidas calientes,Chocolate caliente,1,36.59,36.59,para llevar,False,,,,,,2025-12-16,16:05:00,listo,pago en línea,pagado,312.43,49.99,362.42,19.0,,Frecuente,True
1460,1590,40,José Martínez,josé.martínez40@correo.com,2025-03-02,Página web,Café caliente,Mocaccino,1,52.46,52.46,para llevar,False,,,,,,2025-12-16,16:05:00,listo,pago en línea,pagado,312.43,49.99,362.42,19.0,,Frecuente,True
1461,1591,63,María Martínez,maría.martínez63@correo.com,2026-07-05,Página web,Alimentos,Bagel con queso crema,1,67.66,67.66,en el lugar,True,11.0,Terraza,grupal,2026-07-02,completada,2026-07-05,09:50:00,entregado,pago en línea,pagado,278.18,44.51,322.69,37.0,3.0,Frecuente,True
1462,1591,63,María Martínez,maría.martínez63@correo.com,2026-07-05,Página web,Repostería,Brownie,2,40.4,80.8,en el lugar,True,11.0,Terraza,grupal,2026-07-02,completada,2026-07-05,09:50:00,entregado,pago en línea,pagado,278.18,44.51,322.69,37.0,3.0,Frecuente,True
1463,1591,63,María Martínez,maría.martínez63@correo.com,2026-07-05,Página web,Bebidas calientes,Té verde,2,38.11,76.22,en el lugar,True,11.0,Terraza,grupal,2026-07-02,completada,2026-07-05,09:50:00,entregado,pago en línea,pagado,278.18,44.51,322.69,37.0,3.0,Frecuente,True
1464,1591,63,María Martínez,maría.martínez63@correo.com,2026-07-05,Página web,Bebidas frías,Agua mineral,2,26.75,53.5,en el lugar,True,11.0,Terraza,grupal,2026-07-02,completada,2026-07-05,09:50:00,entregado,pago en línea,pagado,278.18,44.51,322.69,37.0,3.0,Frecuente,True
1465,1592,18,Yuleni Gómez,yuleni.gómez18@correo.com,2026-02-15,Presencial (mostrador),Café caliente,Espresso,3,42.86,128.58,en el lugar,True,12.0,Barra,grupal,2026-08-03,pendiente,2026-08-03,08:50:00,entregado,efectivo,pagado,323.21,51.71,374.92,9.0,5.0,VIP,False
1466,1592,18,Yuleni Gómez,yuleni.gómez18@correo.com,2026-02-15,Presencial (mostrador),Repostería,Croissant,1,55.57,55.57,en el lugar,True,12.0,Barra,grupal,2026-08-03,pendiente,2026-08-03,08:50:00,entregado,efectivo,pagado,323.21,51.71,374.92,9.0,5.0,VIP,False
1467,1592,18,Yuleni Gómez,yuleni.gómez18@correo.com,2026-02-15,Presencial (mostrador),Repostería,Pay de queso,1,40.27,40.27,en el lugar,True,12.0,Barra,grupal,2026-08-03,pendiente,2026-08-03,08:50:00,entregado,efectivo,pagado,323.21,51.71,374.92,9.0,5.0,VIP,False
1468,1592,18,Yuleni Gómez,yuleni.gómez18@correo.com,2026-02-15,Presencial (mostrador),Café caliente,Café de olla,3,32.93,98.79,en el lugar,True,12.0,Barra,grupal,2026-08-03,pendiente,2026-08-03,08:50:00,entregado,efectivo,pagado,323.21,51.71,374.92,9.0,5.0,VIP,False
1469,1593,231,Fernanda López,fernanda.lópez231@correo.com,2025-02-16,Presencial (mostrador),Repostería,Croissant,3,28.5,85.5,en el lugar,True,17.0,Terraza,grupal,2025-09-05,completada,2025-09-07,18:55:00,entregado,transferencia,pagado,145.8,23.33,169.13,35.0,4.0,Frecuente,False
1470,1593,231,Fernanda López,fernanda.lópez231@correo.com,2025-02-16,Presencial (mostrador),Café frío,Cold brew,1,60.3,60.3,en el lugar,True,17.0,Terraza,grupal,2025-09-05,completada,2025-09-07,18:55:00,entregado,transferencia,pagado,145.8,23.33,169.13,35.0,4.0,Frecuente,False
1471,1594,186,Ximena Pérez,ximena.pérez186@correo.com,2025-11-15,Presencial (mesero),Café caliente,Capuchino,3,47.13,141.39,en el lugar,True,17.0,Barra,pareja,2026-02-23,completada,2026-02-26,11:00:00,listo,tarjeta,pagado,141.39,22.62,164.01,27.0,,Frecuente,False
1472,1595,118,Pablo Romero,pablo.romero118@correo.com,2025-08-14,Presencial (mostrador),Alimentos,Bagel con queso crema,3,83.23,249.69,para llevar,False,,,,,,2025-11-28,18:45:00,listo,efectivo,pagado,366.87,58.7,425.57,33.0,,Frecuente,False
1473,1595,118,Pablo Romero,pablo.romero118@correo.com,2025-08-14,Presencial (mostrador),Café frío,Frappuccino de caramelo,2,58.59,117.18,para llevar,False,,,,,,2025-11-28,18:45:00,listo,efectivo,pagado,366.87,58.7,425.57,33.0,,Frecuente,False
1474,1596,209,Estefanía Morales,estefanía.morales209@correo.com,2026-08-03,Página web,Café caliente,Mocaccino,2,31.17,62.34,en el lugar,True,13.0,Terraza,grupal,2026-08-08,completada,2026-08-09,10:25:00,entregado,pago en línea,pagado,149.16,23.87,173.03,37.0,4.0,Frecuente,True
1475,1596,209,Estefanía Morales,estefanía.morales209@correo.com,2026-08-03,Página web,Repostería,Brownie,2,28.59,57.18,en el lugar,True,13.0,Terraza,grupal,2026-08-08,completada,2026-08-09,10:25:00,entregado,pago en línea,pagado,149.16,23.87,173.03,37.0,4.0,Frecuente,True
1476,1596,209,Estefanía Morales,estefanía.morales209@correo.com,2026-08-03,Página web,Bebidas calientes,Infusión de manzanilla,1,29.64,29.64,en el lugar,True,13.0,Terraza,grupal,2026-08-08,completada,2026-08-09,10:25:00,entregado,pago en línea,pagado,149.16,23.87,173.03,37.0,4.0,Frecuente,True
1477,1597,47,Óscar López,óscar.lópez47@correo.com,2026-03-09,Página web,Bebidas calientes,Infusión de manzanilla,1,33.52,33.52,para llevar,False,,,,,,2026-04-17,08:55:00,cancelado,pago en línea,reembolsado,33.52,5.36,38.88,,,VIP,True
1478,1598,68,Alejandro García,alejandro.garcía68@correo.com,2025-04-20,Presencial (mesero),Café caliente,Mocaccino,3,44.29,132.87,para llevar,False,,,,,,2026-07-12,18:55:00,entregado,transferencia,pagado,132.87,21.26,154.13,23.0,3.0,Frecuente,False
1479,1599,125,Raúl Torres,raúl.torres125@correo.com,2025-03-25,Presencial (mesero),Repostería,Dona glaseada,2,42.77,85.54,para llevar,False,,,,,,2026-08-13,20:55:00,entregado,tarjeta,pagado,271.88,43.5,315.38,45.0,4.0,Frecuente,False
1480,1599,125,Raúl Torres,raúl.torres125@correo.com,2025-03-25,Presencial (mesero),Alimentos,Ensalada César,1,94.15,94.15,para llevar,False,,,,,,2026-08-13,20:55:00,entregado,tarjeta,pagado,271.88,43.5,315.38,45.0,4.0,Frecuente,False
1481,1599,125,Raúl Torres,raúl.torres125@correo.com,2025-03-25,Presencial (mesero),Café caliente,Espresso,3,30.73,92.19,para llevar,False,,,,,,2026-08-13,20:55:00,entregado,tarjeta,pagado,271.88,43.5,315.38,45.0,4.0,Frecuente,False
1482,1600,206,María García,maría.garcía206@correo.com,2026-03-31,Página web,Bebidas frías,Té helado,3,31.81,95.43,en el lugar,False,18.0,Barra,grupal,,,2026-07-20,17:20:00,entregado,tarjeta,pagado,95.43,15.27,110.7,44.0,2.0,VIP,True
1483,1601,38,Ximena Ramírez,ximena.ramírez38@correo.com,2025-03-07,Presencial (mostrador),Alimentos,Sandwich club,1,92.01,92.01,en el lugar,False,14.0,Barra,grupal,,,2025-06-12,08:15:00,listo,tarjeta,pagado,308.93,49.43,358.36,37.0,,Frecuente,False
1484,1601,38,Ximena Ramírez,ximena.ramírez38@correo.com,2025-03-07,Presencial (mostrador),Bebidas calientes,Infusión de manzanilla,2,38.38,76.76,en el lugar,False,14.0,Barra,grupal,,,2025-06-12,08:15:00,listo,tarjeta,pagado,308.93,49.43,358.36,37.0,,Frecuente,False
1485,1601,38,Ximena Ramírez,ximena.ramírez38@correo.com,2025-03-07,Presencial (mostrador),Café caliente,Americano,2,43.31,86.62,en el lugar,False,14.0,Barra,grupal,,,2025-06-12,08:15:00,listo,tarjeta,pagado,308.93,49.43,358.36,37.0,,Frecuente,False
1486,1601,38,Ximena Ramírez,ximena.ramírez38@correo.com,2025-03-07,Presencial (mostrador),Café caliente,Mocaccino,1,53.54,53.54,en el lugar,False,14.0,Barra,grupal,,,2025-06-12,08:15:00,listo,tarjeta,pagado,308.93,49.43,358.36,37.0,,Frecuente,False
1487,1602,188,Fernanda López,fernanda.lópez188@correo.com,2026-05-26,Página web,Café frío,Café helado,1,57.22,57.22,en el lugar,True,15.0,Terraza,pareja,2026-06-24,completada,2026-06-27,12:50:00,entregado,pago en línea,pagado,166.36,26.62,192.98,42.0,5.0,Frecuente,True
1488,1602,188,Fernanda López,fernanda.lópez188@correo.com,2026-05-26,Página web,Repostería,Croissant,2,54.57,109.14,en el lugar,True,15.0,Terraza,pareja,2026-06-24,completada,2026-06-27,12:50:00,entregado,pago en línea,pagado,166.36,26.62,192.98,42.0,5.0,Frecuente,True
1489,1603,244,Renata López,renata.lópez244@correo.com,2025-05-14,Página web,Repostería,Brownie,1,42.4,42.4,para llevar,False,,,,,,2026-05-27,19:15:00,en preparación,pago en línea,pagado,239.27,38.28,277.55,,,Recurrente,True
1490,1603,244,Renata López,renata.lópez244@correo.com,2025-05-14,Página web,Café frío,Frappuccino de caramelo,2,41.06,82.12,para llevar,False,,,,,,2026-05-27,19:15:00,en preparación,pago en línea,pagado,239.27,38.28,277.55,,,Recurrente,True
1491,1603,244,Renata López,renata.lópez244@correo.com,2025-05-14,Página web,Bebidas calientes,Infusión de manzanilla,1,32.01,32.01,para llevar,False,,,,,,2026-05-27,19:15:00,en preparación,pago en línea,pagado,239.27,38.28,277.55,,,Recurrente,True
1492,1603,244,Renata López,renata.lópez244@correo.com,2025-05-14,Página web,Alimentos,Ensalada César,1,82.74,82.74,para llevar,False,,,,,,2026-05-27,19:15:00,en preparación,pago en línea,pagado,239.27,38.28,277.55,,,Recurrente,True
1493,1604,182,Raúl De la Cruz,raúl.delacruz182@correo.com,2025-07-12,Presencial (mesero),Café caliente,Espresso,1,47.21,47.21,en el lugar,False,18.0,Salón principal,pareja,,,2025-10-17,16:20:00,entregado,efectivo,pagado,173.33,27.73,201.06,30.0,5.0,Frecuente,False
1494,1604,182,Raúl De la Cruz,raúl.delacruz182@correo.com,2025-07-12,Presencial (mesero),Bebidas calientes,Infusión de manzanilla,3,42.04,126.12,en el lugar,False,18.0,Salón principal,pareja,,,2025-10-17,16:20:00,entregado,efectivo,pagado,173.33,27.73,201.06,30.0,5.0,Frecuente,False
1495,1605,94,Raúl Reyes,raúl.reyes94@correo.com,2025-06-28,Página web,Bebidas frías,Limonada,3,33.35,100.05,en el lugar,False,10.0,Terraza,pareja,,,2026-01-17,09:30:00,cancelado,pago en línea,pendiente,142.36,22.78,165.14,,,Frecuente,True
1496,1605,94,Raúl Reyes,raúl.reyes94@correo.com,2025-06-28,Página web,Repostería,Concha,1,42.31,42.31,en el lugar,False,10.0,Terraza,pareja,,,2026-01-17,09:30:00,cancelado,pago en línea,pendiente,142.36,22.78,165.14,,,Frecuente,True
1497,1606,124,Lucía Gómez,lucía.gómez124@correo.com,2025-12-12,Presencial (mostrador),Bebidas frías,Refresco de cola,2,36.76,73.52,para llevar,False,,,,,,2026-02-12,10:35:00,entregado,efectivo,pagado,73.52,11.76,85.28,44.0,4.0,Frecuente,False
1498,1607,73,Gabriela Morales,gabriela.morales73@correo.com,2026-07-29,Presencial (mostrador),Alimentos,Ensalada César,3,63.23,189.69,en el lugar,False,13.0,Zona de estudio,grupal,,,2026-08-04,13:10:00,listo,tarjeta,pagado,335.79,53.73,389.52,45.0,,Frecuente,False
1499,1607,73,Gabriela Morales,gabriela.morales73@correo.com,2026-07-29,Presencial (mostrador),Café frío,Café helado,1,51.21,51.21,en el lugar,False,13.0,Zona de estudio,grupal,,,2026-08-04,13:10:00,listo,tarjeta,pagado,335.79,53.73,389.52,45.0,,Frecuente,False
1500,1607,73,Gabriela Morales,gabriela.morales73@correo.com,2026-07-29,Presencial (mostrador),Café caliente,Mocaccino,3,31.63,94.89,en el lugar,False,13.0,Zona de estudio,grupal,,,2026-08-04,13:10:00,listo,tarjeta,pagado,335.79,53.73,389.52,45.0,,Frecuente,False
1501,1608,156,Iván Ortiz,iván.ortiz156@correo.com,2026-05-06,Presencial (mostrador),Alimentos,Ensalada César,2,73.71,147.42,en el lugar,True,20.0,Salón principal,grupal,2026-05-20,completada,2026-05-22,08:40:00,entregado,transferencia,pagado,281.55,45.05,326.6,18.0,5.0,VIP,False
1502,1608,156,Iván Ortiz,iván.ortiz156@correo.com,2026-05-06,Presencial (mostrador),Café caliente,Latte,3,44.71,134.13,en el lugar,True,20.0,Salón principal,grupal,2026-05-20,completada,2026-05-22,08:40:00,entregado,transferencia,pagado,281.55,45.05,326.6,18.0,5.0,VIP,False
1503,1609,22,Sofía Díaz,sofía.díaz22@correo.com,2025-08-13,Presencial (mostrador),Café caliente,Mocaccino,3,37.57,112.71,para llevar,False,,,,,,2025-08-24,15:35:00,entregado,transferencia,pagado,149.11,23.86,172.97,39.0,4.0,VIP,False
1504,1609,22,Sofía Díaz,sofía.díaz22@correo.com,2025-08-13,Presencial (mostrador),Bebidas calientes,Té verde,1,36.4,36.4,para llevar,False,,,,,,2025-08-24,15:35:00,entregado,transferencia,pagado,149.11,23.86,172.97,39.0,4.0,VIP,False
1505,1610,47,Óscar López,óscar.lópez47@correo.com,2026-03-09,Presencial (mesero),Repostería,Croissant,1,44.95,44.95,para llevar,False,,,,,,2026-06-27,18:10:00,entregado,transferencia,pagado,139.88,22.38,162.26,30.0,4.0,VIP,False
1506,1610,47,Óscar López,óscar.lópez47@correo.com,2026-03-09,Presencial (mesero),Bebidas frías,Refresco de cola,3,22.88,68.64,para llevar,False,,,,,,2026-06-27,18:10:00,entregado,transferencia,pagado,139.88,22.38,162.26,30.0,4.0,VIP,False
1507,1610,47,Óscar López,óscar.lópez47@correo.com,2026-03-09,Presencial (mesero),Bebidas frías,Jugo de naranja,1,26.29,26.29,para llevar,False,,,,,,2026-06-27,18:10:00,entregado,transferencia,pagado,139.88,22.38,162.26,30.0,4.0,VIP,False
1508,1611,51,Sofía De la Cruz,sofía.delacruz51@correo.com,2025-06-18,Presencial (mostrador),Café caliente,Mocaccino,1,53.08,53.08,en el lugar,False,7.0,Salón principal,grupal,,,2026-04-14,08:05:00,listo,efectivo,pagado,116.36,18.62,134.98,44.0,,Frecuente,False
1509,1611,51,Sofía De la Cruz,sofía.delacruz51@correo.com,2025-06-18,Presencial (mostrador),Bebidas calientes,Té chai,2,31.64,63.28,en el lugar,False,7.0,Salón principal,grupal,,,2026-04-14,08:05:00,listo,efectivo,pagado,116.36,18.62,134.98,44.0,,Frecuente,False
1510,1612,43,Marco Ramírez,marco.ramírez43@correo.com,2026-04-30,Presencial (mostrador),Café caliente,Capuchino,2,37.59,75.18,para llevar,False,,,,,,2026-07-28,17:30:00,entregado,tarjeta,pagado,117.76,18.84,136.6,33.0,5.0,VIP,False
1511,1612,43,Marco Ramírez,marco.ramírez43@correo.com,2026-04-30,Presencial (mostrador),Bebidas calientes,Infusión de manzanilla,1,42.58,42.58,para llevar,False,,,,,,2026-07-28,17:30:00,entregado,tarjeta,pagado,117.76,18.84,136.6,33.0,5.0,VIP,False
1512,1613,66,Pablo Flores,pablo.flores66@correo.com,2026-06-26,Presencial (mesero),Café frío,Frappé de café,3,63.91,191.73,en el lugar,True,4.0,Zona de estudio,individual,2026-07-08,pendiente,2026-07-08,10:25:00,entregado,tarjeta,pagado,191.73,30.68,222.41,28.0,5.0,VIP,False
1513,1614,125,Raúl Torres,raúl.torres125@correo.com,2025-03-25,Presencial (mostrador),Bebidas calientes,Chocolate caliente,3,36.99,110.97,en el lugar,True,3.0,Salón principal,individual,2026-04-19,completada,2026-04-22,11:00:00,entregado,tarjeta,pagado,110.97,17.76,128.73,36.0,5.0,Frecuente,False
1514,1615,26,Gabriela Hernández,gabriela.hernández26@correo.com,2025-04-28,Página web,Bebidas calientes,Chocolate caliente,2,36.8,73.6,en el lugar,True,20.0,Terraza,grupal,2026-04-24,cancelada,2026-04-24,20:10:00,entregado,pago en línea,pagado,293.31,46.93,340.24,32.0,4.0,Frecuente,True
1515,1615,26,Gabriela Hernández,gabriela.hernández26@correo.com,2025-04-28,Página web,Café frío,Frappé de café,2,49.93,99.86,en el lugar,True,20.0,Terraza,grupal,2026-04-24,cancelada,2026-04-24,20:10:00,entregado,pago en línea,pagado,293.31,46.93,340.24,32.0,4.0,Frecuente,True
1516,1615,26,Gabriela Hernández,gabriela.hernández26@correo.com,2025-04-28,Página web,Bebidas frías,Limonada,3,39.95,119.85,en el lugar,True,20.0,Terraza,grupal,2026-04-24,cancelada,2026-04-24,20:10:00,entregado,pago en línea,pagado,293.31,46.93,340.24,32.0,4.0,Frecuente,True
1517,1616,167,Iván Flores,iván.flores167@correo.com,2026-04-10,Página web,Café frío,Frappuccino de caramelo,3,36.25,108.75,para llevar,False,,,,,,2026-08-02,08:50:00,entregado,pago en línea,pagado,521.34,83.41,604.75,33.0,4.0,Frecuente,True
1518,1616,167,Iván Flores,iván.flores167@correo.com,2026-04-10,Página web,Café caliente,Latte,3,49.89,149.67,para llevar,False,,,,,,2026-08-02,08:50:00,entregado,pago en línea,pagado,521.34,83.41,604.75,33.0,4.0,Frecuente,True
1519,1616,167,Iván Flores,iván.flores167@correo.com,2026-04-10,Página web,Bebidas calientes,Té chai,3,41.96,125.88,para llevar,False,,,,,,2026-08-02,08:50:00,entregado,pago en línea,pagado,521.34,83.41,604.75,33.0,4.0,Frecuente,True
1520,1616,167,Iván Flores,iván.flores167@correo.com,2026-04-10,Página web,Café caliente,Mocaccino,3,45.68,137.04,para llevar,False,,,,,,2026-08-02,08:50:00,entregado,pago en línea,pagado,521.34,83.41,604.75,33.0,4.0,Frecuente,True
1521,1617,154,Yuleni De la Cruz,yuleni.delacruz154@correo.com,2026-07-21,Página web,Alimentos,Panini de jamón y queso,2,63.85,127.7,para llevar,False,,,,,,2026-08-14,15:50:00,entregado,pago en línea,pagado,532.08,85.13,617.21,10.0,4.0,Frecuente,True
1522,1617,154,Yuleni De la Cruz,yuleni.delacruz154@correo.com,2026-07-21,Página web,Alimentos,Sandwich club,3,69.56,208.68,para llevar,False,,,,,,2026-08-14,15:50:00,entregado,pago en línea,pagado,532.08,85.13,617.21,10.0,4.0,Frecuente,True
1523,1617,154,Yuleni De la Cruz,yuleni.delacruz154@correo.com,2026-07-21,Página web,Repostería,Brownie,3,41.94,125.82,para llevar,False,,,,,,2026-08-14,15:50:00,entregado,pago en línea,pagado,532.08,85.13,617.21,10.0,4.0,Frecuente,True
1524,1617,154,Yuleni De la Cruz,yuleni.delacruz154@correo.com,2026-07-21,Página web,Alimentos,Ensalada César,1,69.88,69.88,para llevar,False,,,,,,2026-08-14,15:50:00,entregado,pago en línea,pagado,532.08,85.13,617.21,10.0,4.0,Frecuente,True
1525,1618,104,Karla Ramírez,karla.ramírez104@correo.com,2025-06-30,Presencial (mesero),Repostería,Pay de queso,3,31.59,94.77,en el lugar,False,6.0,Zona de estudio,grupal,,,2025-10-04,08:20:00,entregado,efectivo,pagado,94.77,15.16,109.93,35.0,5.0,Recurrente,False
1526,1619,42,Renata Ortiz,renata.ortiz42@correo.com,2025-08-08,Página web,Alimentos,Bagel con queso crema,2,73.56,147.12,en el lugar,True,7.0,Terraza,pareja,2026-04-24,no_show,2026-04-25,15:10:00,listo,pago en línea,pagado,168.02,26.88,194.9,15.0,,Frecuente,True
1527,1619,42,Renata Ortiz,renata.ortiz42@correo.com,2025-08-08,Página web,Bebidas frías,Té helado,1,20.9,20.9,en el lugar,True,7.0,Terraza,pareja,2026-04-24,no_show,2026-04-25,15:10:00,listo,pago en línea,pagado,168.02,26.88,194.9,15.0,,Frecuente,True
1528,1620,41,Ana De la Cruz,ana.delacruz41@correo.com,2025-12-05,Presencial (mostrador),Bebidas frías,Limonada,3,32.44,97.32,en el lugar,True,6.0,Barra,individual,2026-04-30,no_show,2026-05-02,07:15:00,entregado,efectivo,pagado,243.75,39.0,282.75,25.0,5.0,Frecuente,False
1529,1620,41,Ana De la Cruz,ana.delacruz41@correo.com,2025-12-05,Presencial (mostrador),Repostería,Pay de queso,3,48.81,146.43,en el lugar,True,6.0,Barra,individual,2026-04-30,no_show,2026-05-02,07:15:00,entregado,efectivo,pagado,243.75,39.0,282.75,25.0,5.0,Frecuente,False
1530,1621,44,María Morales,maría.morales44@correo.com,2025-12-29,Página web,Bebidas frías,Té helado,1,32.53,32.53,para llevar,False,,,,,,2026-04-12,18:00:00,entregado,tarjeta,pagado,346.78,55.48,402.26,18.0,5.0,VIP,True
1531,1621,44,María Morales,maría.morales44@correo.com,2025-12-29,Página web,Alimentos,Sandwich club,1,79.8,79.8,para llevar,False,,,,,,2026-04-12,18:00:00,entregado,tarjeta,pagado,346.78,55.48,402.26,18.0,5.0,VIP,True
1532,1621,44,María Morales,maría.morales44@correo.com,2025-12-29,Página web,Alimentos,Bagel con queso crema,3,78.15,234.45,para llevar,False,,,,,,2026-04-12,18:00:00,entregado,tarjeta,pagado,346.78,55.48,402.26,18.0,5.0,VIP,True
1533,1622,234,Lucía Díaz,lucía.díaz234@correo.com,2026-07-08,Página web,Repostería,Brownie,2,35.03,70.06,para llevar,False,,,,,,2026-08-08,08:10:00,listo,transferencia,pagado,297.37,47.58,344.95,10.0,,Frecuente,True
1534,1622,234,Lucía Díaz,lucía.díaz234@correo.com,2026-07-08,Página web,Bebidas frías,Agua mineral,1,22.17,22.17,para llevar,False,,,,,,2026-08-08,08:10:00,listo,transferencia,pagado,297.37,47.58,344.95,10.0,,Frecuente,True
1535,1622,234,Lucía Díaz,lucía.díaz234@correo.com,2026-07-08,Página web,Café caliente,Latte,1,50.22,50.22,para llevar,False,,,,,,2026-08-08,08:10:00,listo,transferencia,pagado,297.37,47.58,344.95,10.0,,Frecuente,True
1536,1622,234,Lucía Díaz,lucía.díaz234@correo.com,2026-07-08,Página web,Café frío,Frappé de café,3,51.64,154.92,para llevar,False,,,,,,2026-08-08,08:10:00,listo,transferencia,pagado,297.37,47.58,344.95,10.0,,Frecuente,True
1537,1623,246,José Díaz,josé.díaz246@correo.com,2025-09-01,Página web,Café frío,Frappuccino de caramelo,2,53.46,106.92,para llevar,False,,,,,,2026-04-29,14:05:00,entregado,pago en línea,pagado,106.92,17.11,124.03,36.0,4.0,Frecuente,True
1538,1624,44,María Morales,maría.morales44@correo.com,2025-12-29,Presencial (mostrador),Repostería,Croissant,1,37.25,37.25,en el lugar,False,7.0,Zona de estudio,individual,,,2026-05-30,19:00:00,entregado,efectivo,pagado,234.5,37.52,272.02,36.0,5.0,VIP,False
1539,1624,44,María Morales,maría.morales44@correo.com,2025-12-29,Presencial (mostrador),Café frío,Frappé de café,1,46.74,46.74,en el lugar,False,7.0,Zona de estudio,individual,,,2026-05-30,19:00:00,entregado,efectivo,pagado,234.5,37.52,272.02,36.0,5.0,VIP,False
1540,1624,44,María Morales,maría.morales44@correo.com,2025-12-29,Presencial (mostrador),Café frío,Café helado,3,50.17,150.51,en el lugar,False,7.0,Zona de estudio,individual,,,2026-05-30,19:00:00,entregado,efectivo,pagado,234.5,37.52,272.02,36.0,5.0,VIP,False
1541,1625,88,Karla Díaz,karla.díaz88@correo.com,2025-11-18,Página web,Bebidas frías,Agua mineral,3,21.13,63.39,para llevar,False,,,,,,2025-11-30,20:35:00,entregado,pago en línea,pagado,96.59,15.45,112.04,18.0,4.0,Frecuente,True
1542,1625,88,Karla Díaz,karla.díaz88@correo.com,2025-11-18,Página web,Bebidas calientes,Té chai,1,33.2,33.2,para llevar,False,,,,,,2025-11-30,20:35:00,entregado,pago en línea,pagado,96.59,15.45,112.04,18.0,4.0,Frecuente,True
1543,1626,46,Andrea García,andrea.garcía46@correo.com,2025-09-12,Página web,Alimentos,Sandwich club,3,87.85,263.55,para llevar,False,,,,,,2026-02-23,12:00:00,entregado,pago en línea,pagado,263.55,42.17,305.72,42.0,5.0,VIP,True
1544,1627,143,Estefanía Sánchez,estefanía.sánchez143@correo.com,2025-03-29,Presencial (mesero),Bebidas calientes,Infusión de manzanilla,3,33.99,101.97,para llevar,False,,,,,,2025-05-05,07:50:00,entregado,tarjeta,pagado,233.09,37.29,270.38,17.0,2.0,VIP,False
1545,1627,143,Estefanía Sánchez,estefanía.sánchez143@correo.com,2025-03-29,Presencial (mesero),Bebidas calientes,Chocolate caliente,2,38.66,77.32,para llevar,False,,,,,,2025-05-05,07:50:00,entregado,tarjeta,pagado,233.09,37.29,270.38,17.0,2.0,VIP,False
1546,1627,143,Estefanía Sánchez,estefanía.sánchez143@correo.com,2025-03-29,Presencial (mesero),Bebidas frías,Agua mineral,2,26.9,53.8,para llevar,False,,,,,,2025-05-05,07:50:00,entregado,tarjeta,pagado,233.09,37.29,270.38,17.0,2.0,VIP,False
1547,1628,43,Marco Ramírez,marco.ramírez43@correo.com,2026-04-30,Página web,Café frío,Café helado,3,57.2,171.6,para llevar,False,,,,,,2026-06-27,15:25:00,listo,tarjeta,pagado,384.86,61.58,446.44,16.0,,VIP,True
1548,1628,43,Marco Ramírez,marco.ramírez43@correo.com,2026-04-30,Página web,Alimentos,Ensalada César,1,52.2,52.2,para llevar,False,,,,,,2026-06-27,15:25:00,listo,tarjeta,pagado,384.86,61.58,446.44,16.0,,VIP,True
1549,1628,43,Marco Ramírez,marco.ramírez43@correo.com,2026-04-30,Página web,Alimentos,Panini de jamón y queso,2,80.53,161.06,para llevar,False,,,,,,2026-06-27,15:25:00,listo,tarjeta,pagado,384.86,61.58,446.44,16.0,,VIP,True
1550,1629,59,Yuleni Romero,yuleni.romero59@correo.com,2025-03-25,Página web,Alimentos,Ensalada César,3,61.89,185.67,para llevar,False,,,,,,2026-03-21,10:30:00,listo,pago en línea,pagado,416.15,66.58,482.73,37.0,,Frecuente,True
1551,1629,59,Yuleni Romero,yuleni.romero59@correo.com,2025-03-25,Página web,Bebidas calientes,Infusión de manzanilla,3,27.66,82.98,para llevar,False,,,,,,2026-03-21,10:30:00,listo,pago en línea,pagado,416.15,66.58,482.73,37.0,,Frecuente,True
1552,1629,59,Yuleni Romero,yuleni.romero59@correo.com,2025-03-25,Página web,Bebidas frías,Limonada,3,24.92,74.76,para llevar,False,,,,,,2026-03-21,10:30:00,listo,pago en línea,pagado,416.15,66.58,482.73,37.0,,Frecuente,True
1553,1629,59,Yuleni Romero,yuleni.romero59@correo.com,2025-03-25,Página web,Bebidas calientes,Chocolate caliente,2,36.37,72.74,para llevar,False,,,,,,2026-03-21,10:30:00,listo,pago en línea,pagado,416.15,66.58,482.73,37.0,,Frecuente,True
1554,1630,97,Óscar Sánchez,óscar.sánchez97@correo.com,2026-06-08,Página web,Repostería,Brownie,1,39.42,39.42,para llevar,False,,,,,,2026-08-17,20:30:00,entregado,pago en línea,pagado,422.24,67.56,489.8,19.0,4.0,Frecuente,True
1555,1630,97,Óscar Sánchez,óscar.sánchez97@correo.com,2026-06-08,Página web,Café frío,Cold brew,3,45.13,135.39,para llevar,False,,,,,,2026-08-17,20:30:00,entregado,pago en línea,pagado,422.24,67.56,489.8,19.0,4.0,Frecuente,True
1556,1630,97,Óscar Sánchez,óscar.sánchez97@correo.com,2026-06-08,Página web,Café frío,Frappuccino de caramelo,1,63.11,63.11,para llevar,False,,,,,,2026-08-17,20:30:00,entregado,pago en línea,pagado,422.24,67.56,489.8,19.0,4.0,Frecuente,True
1557,1630,97,Óscar Sánchez,óscar.sánchez97@correo.com,2026-06-08,Página web,Alimentos,Bagel con queso crema,2,92.16,184.32,para llevar,False,,,,,,2026-08-17,20:30:00,entregado,pago en línea,pagado,422.24,67.56,489.8,19.0,4.0,Frecuente,True
1558,1631,83,Diego Ramírez,diego.ramírez83@correo.com,2025-01-25,Presencial (mostrador),Alimentos,Ensalada César,2,68.43,136.86,para llevar,False,,,,,,2025-10-31,18:50:00,entregado,efectivo,pagado,217.36,34.78,252.14,41.0,4.0,Frecuente,False
1559,1631,83,Diego Ramírez,diego.ramírez83@correo.com,2025-01-25,Presencial (mostrador),Bebidas calientes,Chocolate caliente,2,40.25,80.5,para llevar,False,,,,,,2025-10-31,18:50:00,entregado,efectivo,pagado,217.36,34.78,252.14,41.0,4.0,Frecuente,False
1560,1632,137,Mariana Cruz,mariana.cruz137@correo.com,2025-06-06,Página web,Café frío,Café helado,3,60.22,180.66,en el lugar,True,1.0,Terraza,pareja,2026-06-17,completada,2026-06-17,17:00:00,en preparación,pago en línea,pagado,294.3,47.09,341.39,,,Frecuente,True
1561,1632,137,Mariana Cruz,mariana.cruz137@correo.com,2025-06-06,Página web,Repostería,Brownie,2,56.82,113.64,en el lugar,True,1.0,Terraza,pareja,2026-06-17,completada,2026-06-17,17:00:00,en preparación,pago en línea,pagado,294.3,47.09,341.39,,,Frecuente,True
1562,1633,191,Hugo López,hugo.lópez191@correo.com,2025-03-13,Página web,Café frío,Frappuccino de caramelo,3,38.55,115.65,para llevar,False,,,,,,2026-07-12,12:55:00,listo,pago en línea,pagado,185.16,29.63,214.79,38.0,,Frecuente,True
1563,1633,191,Hugo López,hugo.lópez191@correo.com,2025-03-13,Página web,Bebidas frías,Refresco de cola,3,23.17,69.51,para llevar,False,,,,,,2026-07-12,12:55:00,listo,pago en línea,pagado,185.16,29.63,214.79,38.0,,Frecuente,True
1564,1634,46,Andrea García,andrea.garcía46@correo.com,2025-09-12,Presencial (mesero),Café caliente,Café de olla,1,46.58,46.58,en el lugar,True,15.0,Terraza,individual,2026-02-01,no_show,2026-02-02,18:15:00,entregado,tarjeta,pagado,137.52,22.0,159.52,39.0,3.0,VIP,False
1565,1634,46,Andrea García,andrea.garcía46@correo.com,2025-09-12,Presencial (mesero),Repostería,Pay de queso,2,45.47,90.94,en el lugar,True,15.0,Terraza,individual,2026-02-01,no_show,2026-02-02,18:15:00,entregado,tarjeta,pagado,137.52,22.0,159.52,39.0,3.0,VIP,False
1566,1635,67,Gabriela Flores,gabriela.flores67@correo.com,2025-04-17,Página web,Café frío,Café helado,3,55.32,165.96,para llevar,False,,,,,,2026-08-14,17:45:00,entregado,pago en línea,pagado,230.75,36.92,267.67,28.0,2.0,Frecuente,True
1567,1635,67,Gabriela Flores,gabriela.flores67@correo.com,2025-04-17,Página web,Café frío,Frappé de café,1,64.79,64.79,para llevar,False,,,,,,2026-08-14,17:45:00,entregado,pago en línea,pagado,230.75,36.92,267.67,28.0,2.0,Frecuente,True
1568,1636,32,Camila Ramírez,camila.ramírez32@correo.com,2025-03-01,Página web,Alimentos,Ensalada César,1,90.29,90.29,en el lugar,True,20.0,Barra,individual,2025-12-23,no_show,2025-12-25,18:05:00,entregado,pago en línea,pagado,90.29,14.45,104.74,27.0,4.0,VIP,True
1569,1637,9,Yuleni Cruz,yuleni.cruz9@correo.com,2026-07-04,Página web,Bebidas frías,Té helado,2,22.61,45.22,para llevar,False,,,,,,2026-07-20,14:30:00,cancelado,pago en línea,pendiente,191.16,30.59,221.75,,,Frecuente,True
1570,1637,9,Yuleni Cruz,yuleni.cruz9@correo.com,2026-07-04,Página web,Bebidas frías,Té helado,2,34.69,69.38,para llevar,False,,,,,,2026-07-20,14:30:00,cancelado,pago en línea,pendiente,191.16,30.59,221.75,,,Frecuente,True
1571,1637,9,Yuleni Cruz,yuleni.cruz9@correo.com,2026-07-04,Página web,Café caliente,Capuchino,2,38.28,76.56,para llevar,False,,,,,,2026-07-20,14:30:00,cancelado,pago en línea,pendiente,191.16,30.59,221.75,,,Frecuente,True
1572,1638,10,Adrián Martínez,adrián.martínez10@correo.com,2026-07-20,Página web,Alimentos,Ensalada César,1,51.62,51.62,para llevar,False,,,,,,2026-07-21,18:50:00,entregado,pago en línea,pagado,399.43,63.91,463.34,9.0,3.0,Frecuente,True
1573,1638,10,Adrián Martínez,adrián.martínez10@correo.com,2026-07-20,Página web,Repostería,Dona glaseada,3,34.16,102.48,para llevar,False,,,,,,2026-07-21,18:50:00,entregado,pago en línea,pagado,399.43,63.91,463.34,9.0,3.0,Frecuente,True
1574,1638,10,Adrián Martínez,adrián.martínez10@correo.com,2026-07-20,Página web,Café frío,Frappuccino de caramelo,2,43.45,86.9,para llevar,False,,,,,,2026-07-21,18:50:00,entregado,pago en línea,pagado,399.43,63.91,463.34,9.0,3.0,Frecuente,True
1575,1638,10,Adrián Martínez,adrián.martínez10@correo.com,2026-07-20,Página web,Café caliente,Latte,3,52.81,158.43,para llevar,False,,,,,,2026-07-21,18:50:00,entregado,pago en línea,pagado,399.43,63.91,463.34,9.0,3.0,Frecuente,True
1576,1639,247,Alejandro De la Cruz,alejandro.delacruz247@correo.com,2025-05-10,Página web,Café caliente,Espresso,3,28.26,84.78,para llevar,False,,,,,,2026-06-29,09:05:00,entregado,pago en línea,pagado,134.57,21.53,156.1,37.0,5.0,Frecuente,True
1577,1639,247,Alejandro De la Cruz,alejandro.delacruz247@correo.com,2025-05-10,Página web,Café caliente,Mocaccino,1,49.79,49.79,para llevar,False,,,,,,2026-06-29,09:05:00,entregado,pago en línea,pagado,134.57,21.53,156.1,37.0,5.0,Frecuente,True
1578,1640,29,María Flores,maría.flores29@correo.com,2026-06-04,Página web,Café frío,Frappé de café,1,56.55,56.55,para llevar,False,,,,,,2026-07-16,19:50:00,listo,pago en línea,pagado,56.55,9.05,65.6,8.0,,Frecuente,True
1579,1641,66,Pablo Flores,pablo.flores66@correo.com,2026-06-26,Página web,Alimentos,Bagel con queso crema,3,80.41,241.23,para llevar,False,,,,,,2026-07-23,19:50:00,entregado,pago en línea,pagado,446.61,71.46,518.07,11.0,4.0,VIP,True
1580,1641,66,Pablo Flores,pablo.flores66@correo.com,2026-06-26,Página web,Alimentos,Bagel con queso crema,3,68.46,205.38,para llevar,False,,,,,,2026-07-23,19:50:00,entregado,pago en línea,pagado,446.61,71.46,518.07,11.0,4.0,VIP,True
1581,1642,173,Karla Gómez,karla.gómez173@correo.com,2025-09-14,Página web,Bebidas calientes,Té chai,2,39.06,78.12,para llevar,False,,,,,,2026-04-28,09:40:00,entregado,pago en línea,pagado,111.17,17.79,128.96,45.0,5.0,Frecuente,True
1582,1642,173,Karla Gómez,karla.gómez173@correo.com,2025-09-14,Página web,Café caliente,Americano,1,33.05,33.05,para llevar,False,,,,,,2026-04-28,09:40:00,entregado,pago en línea,pagado,111.17,17.79,128.96,45.0,5.0,Frecuente,True
1583,1643,145,Regina Cruz,regina.cruz145@correo.com,2025-01-18,Presencial (mostrador),Bebidas frías,Té helado,1,33.1,33.1,para llevar,False,,,,,,2025-11-17,16:30:00,entregado,tarjeta,pagado,63.73,10.2,73.93,39.0,5.0,Frecuente,False
1584,1643,145,Regina Cruz,regina.cruz145@correo.com,2025-01-18,Presencial (mostrador),Bebidas calientes,Té verde,1,30.63,30.63,para llevar,False,,,,,,2025-11-17,16:30:00,entregado,tarjeta,pagado,63.73,10.2,73.93,39.0,5.0,Frecuente,False
1585,1644,180,Sergio Torres,sergio.torres180@correo.com,2025-11-28,Página web,Bebidas frías,Agua mineral,2,34.54,69.08,en el lugar,True,15.0,Terraza,grupal,2026-05-23,completada,2026-05-23,18:00:00,listo,transferencia,pagado,69.08,11.05,80.13,36.0,,Recurrente,True
1586,1645,56,Hugo Jiménez,hugo.jiménez56@correo.com,2025-06-11,Página web,Café frío,Cold brew,2,36.28,72.56,para llevar,False,,,,,,2025-12-11,18:35:00,entregado,pago en línea,pagado,155.1,24.82,179.92,33.0,2.0,Frecuente,True
1587,1645,56,Hugo Jiménez,hugo.jiménez56@correo.com,2025-06-11,Página web,Repostería,Pay de queso,2,41.27,82.54,para llevar,False,,,,,,2025-12-11,18:35:00,entregado,pago en línea,pagado,155.1,24.82,179.92,33.0,2.0,Frecuente,True
1588,1646,239,Renata Sánchez,renata.sánchez239@correo.com,2025-05-06,Página web,Café frío,Café helado,3,46.44,139.32,para llevar,False,,,,,,2025-12-29,20:35:00,listo,pago en línea,pagado,139.32,22.29,161.61,17.0,,VIP,True
1589,1647,21,Gabriela Castillo,gabriela.castillo21@correo.com,2025-09-27,Página web,Repostería,Muffin de arándano,3,31.92,95.76,en el lugar,False,5.0,Salón principal,individual,,,2026-04-19,12:00:00,entregado,pago en línea,pagado,201.6,32.26,233.86,39.0,5.0,Frecuente,True
1590,1647,21,Gabriela Castillo,gabriela.castillo21@correo.com,2025-09-27,Página web,Alimentos,Panini de jamón y queso,2,52.92,105.84,en el lugar,False,5.0,Salón principal,individual,,,2026-04-19,12:00:00,entregado,pago en línea,pagado,201.6,32.26,233.86,39.0,5.0,Frecuente,True
1591,1648,75,Gabriela López,gabriela.lópez75@correo.com,2026-03-17,Página web,Café frío,Frappuccino de caramelo,2,59.11,118.22,en el lugar,True,2.0,Zona de estudio,individual,2026-08-19,pendiente,2026-08-19,18:35:00,listo,pago en línea,pagado,255.17,40.83,296.0,18.0,,VIP,True
1592,1648,75,Gabriela López,gabriela.lópez75@correo.com,2026-03-17,Página web,Alimentos,Panini de jamón y queso,3,45.65,136.95,en el lugar,True,2.0,Zona de estudio,individual,2026-08-19,pendiente,2026-08-19,18:35:00,listo,pago en línea,pagado,255.17,40.83,296.0,18.0,,VIP,True
1593,1649,89,Hugo García,hugo.garcía89@correo.com,2026-01-30,Presencial (mostrador),Repostería,Dona glaseada,2,38.07,76.14,para llevar,False,,,,,,2026-04-26,17:20:00,entregado,efectivo,pagado,186.81,29.89,216.7,28.0,5.0,VIP,False
1594,1649,89,Hugo García,hugo.garcía89@correo.com,2026-01-30,Presencial (mostrador),Bebidas calientes,Chocolate caliente,2,32.39,64.78,para llevar,False,,,,,,2026-04-26,17:20:00,entregado,efectivo,pagado,186.81,29.89,216.7,28.0,5.0,VIP,False
1595,1649,89,Hugo García,hugo.garcía89@correo.com,2026-01-30,Presencial (mostrador),Alimentos,Sandwich club,1,45.89,45.89,para llevar,False,,,,,,2026-04-26,17:20:00,entregado,efectivo,pagado,186.81,29.89,216.7,28.0,5.0,VIP,False
1596,1650,178,María Pérez,maría.pérez178@correo.com,2025-12-04,Presencial (mostrador),Bebidas calientes,Chocolate caliente,1,41.27,41.27,en el lugar,True,9.0,Zona de estudio,grupal,2026-03-31,completada,2026-04-02,20:25:00,en preparación,tarjeta,pagado,145.07,23.21,168.28,,,Frecuente,False
1597,1650,178,María Pérez,maría.pérez178@correo.com,2025-12-04,Presencial (mostrador),Café frío,Frappuccino de caramelo,2,51.9,103.8,en el lugar,True,9.0,Zona de estudio,grupal,2026-03-31,completada,2026-04-02,20:25:00,en preparación,tarjeta,pagado,145.07,23.21,168.28,,,Frecuente,False
1598,1651,18,Yuleni Gómez,yuleni.gómez18@correo.com,2026-02-15,Presencial (mostrador),Bebidas calientes,Chocolate caliente,3,32.28,96.84,en el lugar,True,16.0,Barra,grupal,2026-06-23,completada,2026-06-25,08:30:00,entregado,efectivo,pagado,260.78,41.72,302.5,25.0,5.0,VIP,False
1599,1651,18,Yuleni Gómez,yuleni.gómez18@correo.com,2026-02-15,Presencial (mostrador),Café caliente,Latte,2,34.66,69.32,en el lugar,True,16.0,Barra,grupal,2026-06-23,completada,2026-06-25,08:30:00,entregado,efectivo,pagado,260.78,41.72,302.5,25.0,5.0,VIP,False
1600,1651,18,Yuleni Gómez,yuleni.gómez18@correo.com,2026-02-15,Presencial (mostrador),Bebidas calientes,Té chai,3,31.54,94.62,en el lugar,True,16.0,Barra,grupal,2026-06-23,completada,2026-06-25,08:30:00,entregado,efectivo,pagado,260.78,41.72,302.5,25.0,5.0,VIP,False
1601,1652,49,Pablo Hernández,pablo.hernández49@correo.com,2025-04-06,Presencial (mesero),Bebidas frías,Jugo de naranja,1,25.65,25.65,en el lugar,False,7.0,Terraza,pareja,,,2026-08-08,12:35:00,listo,transferencia,pagado,185.71,29.71,215.42,24.0,,VIP,False
1602,1652,49,Pablo Hernández,pablo.hernández49@correo.com,2025-04-06,Presencial (mesero),Alimentos,Panini de jamón y queso,2,80.03,160.06,en el lugar,False,7.0,Terraza,pareja,,,2026-08-08,12:35:00,listo,transferencia,pagado,185.71,29.71,215.42,24.0,,VIP,False
1603,1653,5,Pablo Morales,pablo.morales5@correo.com,2025-08-14,Página web,Bebidas frías,Limonada,3,31.88,95.64,en el lugar,False,3.0,Zona de estudio,pareja,,,2025-11-26,09:20:00,listo,tarjeta,pagado,288.91,46.23,335.14,15.0,,Frecuente,True
1604,1653,5,Pablo Morales,pablo.morales5@correo.com,2025-08-14,Página web,Repostería,Concha,1,57.79,57.79,en el lugar,False,3.0,Zona de estudio,pareja,,,2025-11-26,09:20:00,listo,tarjeta,pagado,288.91,46.23,335.14,15.0,,Frecuente,True
1605,1653,5,Pablo Morales,pablo.morales5@correo.com,2025-08-14,Página web,Alimentos,Ensalada César,2,54.89,109.78,en el lugar,False,3.0,Zona de estudio,pareja,,,2025-11-26,09:20:00,listo,tarjeta,pagado,288.91,46.23,335.14,15.0,,Frecuente,True
1606,1653,5,Pablo Morales,pablo.morales5@correo.com,2025-08-14,Página web,Bebidas frías,Refresco de cola,1,25.7,25.7,en el lugar,False,3.0,Zona de estudio,pareja,,,2025-11-26,09:20:00,listo,tarjeta,pagado,288.91,46.23,335.14,15.0,,Frecuente,True
1607,1654,126,Michelle Castillo,michelle.castillo126@correo.com,2025-02-23,Presencial (mesero),Bebidas frías,Té helado,3,32.58,97.74,para llevar,False,,,,,,2025-04-17,20:25:00,entregado,transferencia,pagado,357.65,57.22,414.87,16.0,5.0,Frecuente,False
1608,1654,126,Michelle Castillo,michelle.castillo126@correo.com,2025-02-23,Presencial (mesero),Bebidas calientes,Té verde,3,32.91,98.73,para llevar,False,,,,,,2025-04-17,20:25:00,entregado,transferencia,pagado,357.65,57.22,414.87,16.0,5.0,Frecuente,False
1609,1654,126,Michelle Castillo,michelle.castillo126@correo.com,2025-02-23,Presencial (mesero),Repostería,Brownie,1,54.26,54.26,para llevar,False,,,,,,2025-04-17,20:25:00,entregado,transferencia,pagado,357.65,57.22,414.87,16.0,5.0,Frecuente,False
1610,1654,126,Michelle Castillo,michelle.castillo126@correo.com,2025-02-23,Presencial (mesero),Café caliente,Mocaccino,3,35.64,106.92,para llevar,False,,,,,,2025-04-17,20:25:00,entregado,transferencia,pagado,357.65,57.22,414.87,16.0,5.0,Frecuente,False
1611,1655,110,Renata Jiménez,renata.jiménez110@correo.com,2026-05-12,Página web,Repostería,Muffin de arándano,2,36.84,73.68,para llevar,False,,,,,,2026-07-14,08:05:00,entregado,pago en línea,pagado,73.68,11.79,85.47,12.0,5.0,Frecuente,True
1612,1656,245,Daniela García,daniela.garcía245@correo.com,2025-01-27,Página web,Café frío,Frappuccino de caramelo,2,39.77,79.54,para llevar,False,,,,,,2026-06-15,13:40:00,listo,pago en línea,pagado,79.54,12.73,92.27,22.0,,Frecuente,True
1613,1657,123,Daniela De la Cruz,daniela.delacruz123@correo.com,2025-09-24,Presencial (mostrador),Alimentos,Sandwich club,1,47.11,47.11,para llevar,False,,,,,,2026-01-24,07:50:00,entregado,transferencia,pagado,238.0,38.08,276.08,32.0,5.0,Recurrente,False
1614,1657,123,Daniela De la Cruz,daniela.delacruz123@correo.com,2025-09-24,Presencial (mostrador),Café frío,Cold brew,3,63.63,190.89,para llevar,False,,,,,,2026-01-24,07:50:00,entregado,transferencia,pagado,238.0,38.08,276.08,32.0,5.0,Recurrente,False
1615,1658,156,Iván Ortiz,iván.ortiz156@correo.com,2026-05-06,Página web,Café caliente,Capuchino,3,46.95,140.85,en el lugar,True,1.0,Barra,grupal,2026-08-10,completada,2026-08-10,17:50:00,entregado,pago en línea,pagado,390.75,62.52,453.27,40.0,4.0,VIP,True
1616,1658,156,Iván Ortiz,iván.ortiz156@correo.com,2026-05-06,Página web,Bebidas frías,Agua mineral,3,30.18,90.54,en el lugar,True,1.0,Barra,grupal,2026-08-10,completada,2026-08-10,17:50:00,entregado,pago en línea,pagado,390.75,62.52,453.27,40.0,4.0,VIP,True
1617,1658,156,Iván Ortiz,iván.ortiz156@correo.com,2026-05-06,Página web,Café frío,Frappuccino de caramelo,2,41.38,82.76,en el lugar,True,1.0,Barra,grupal,2026-08-10,completada,2026-08-10,17:50:00,entregado,pago en línea,pagado,390.75,62.52,453.27,40.0,4.0,VIP,True
1618,1658,156,Iván Ortiz,iván.ortiz156@correo.com,2026-05-06,Página web,Bebidas frías,Té helado,2,38.3,76.6,en el lugar,True,1.0,Barra,grupal,2026-08-10,completada,2026-08-10,17:50:00,entregado,pago en línea,pagado,390.75,62.52,453.27,40.0,4.0,VIP,True
1619,1659,181,Sofía Jiménez,sofía.jiménez181@correo.com,2025-01-02,Presencial (mostrador),Café caliente,Mocaccino,1,35.71,35.71,para llevar,False,,,,,,2026-02-03,09:15:00,entregado,tarjeta,pagado,236.13,37.78,273.91,27.0,3.0,Frecuente,False
1620,1659,181,Sofía Jiménez,sofía.jiménez181@correo.com,2025-01-02,Presencial (mostrador),Café caliente,Latte,3,44.29,132.87,para llevar,False,,,,,,2026-02-03,09:15:00,entregado,tarjeta,pagado,236.13,37.78,273.91,27.0,3.0,Frecuente,False
1621,1659,181,Sofía Jiménez,sofía.jiménez181@correo.com,2025-01-02,Presencial (mostrador),Bebidas calientes,Infusión de manzanilla,1,29.09,29.09,para llevar,False,,,,,,2026-02-03,09:15:00,entregado,tarjeta,pagado,236.13,37.78,273.91,27.0,3.0,Frecuente,False
1622,1659,181,Sofía Jiménez,sofía.jiménez181@correo.com,2025-01-02,Presencial (mostrador),Café caliente,Espresso,1,38.46,38.46,para llevar,False,,,,,,2026-02-03,09:15:00,entregado,tarjeta,pagado,236.13,37.78,273.91,27.0,3.0,Frecuente,False
1623,1660,159,Paola López,paola.lópez159@correo.com,2026-07-31,Página web,Café frío,Frappé de café,2,44.3,88.6,para llevar,False,,,,,,2026-08-06,16:20:00,entregado,pago en línea,pagado,397.83,63.65,461.48,33.0,4.0,VIP,True
1624,1660,159,Paola López,paola.lópez159@correo.com,2026-07-31,Página web,Café frío,Cold brew,3,60.81,182.43,para llevar,False,,,,,,2026-08-06,16:20:00,entregado,pago en línea,pagado,397.83,63.65,461.48,33.0,4.0,VIP,True
1625,1660,159,Paola López,paola.lópez159@correo.com,2026-07-31,Página web,Café frío,Frappuccino de caramelo,2,63.4,126.8,para llevar,False,,,,,,2026-08-06,16:20:00,entregado,pago en línea,pagado,397.83,63.65,461.48,33.0,4.0,VIP,True
1626,1661,86,Pablo Gómez,pablo.gómez86@correo.com,2025-01-29,Presencial (mostrador),Café caliente,Espresso,1,44.72,44.72,para llevar,False,,,,,,2025-07-17,14:35:00,cancelado,efectivo,pendiente,44.72,7.16,51.88,,,Recurrente,False
1627,1662,194,Óscar Castillo,óscar.castillo194@correo.com,2026-05-11,Página web,Bebidas calientes,Té verde,1,26.52,26.52,en el lugar,False,4.0,Terraza,pareja,,,2026-06-15,07:20:00,entregado,pago en línea,pagado,367.52,58.8,426.32,9.0,2.0,Frecuente,True
1628,1662,194,Óscar Castillo,óscar.castillo194@correo.com,2026-05-11,Página web,Alimentos,Sandwich club,1,59.87,59.87,en el lugar,False,4.0,Terraza,pareja,,,2026-06-15,07:20:00,entregado,pago en línea,pagado,367.52,58.8,426.32,9.0,2.0,Frecuente,True
1629,1662,194,Óscar Castillo,óscar.castillo194@correo.com,2026-05-11,Página web,Café caliente,Espresso,3,36.16,108.48,en el lugar,False,4.0,Terraza,pareja,,,2026-06-15,07:20:00,entregado,pago en línea,pagado,367.52,58.8,426.32,9.0,2.0,Frecuente,True
1630,1662,194,Óscar Castillo,óscar.castillo194@correo.com,2026-05-11,Página web,Repostería,Pay de queso,3,57.55,172.65,en el lugar,False,4.0,Terraza,pareja,,,2026-06-15,07:20:00,entregado,pago en línea,pagado,367.52,58.8,426.32,9.0,2.0,Frecuente,True
1631,1663,238,María Díaz,maría.díaz238@correo.com,2026-07-12,Página web,Café frío,Frappé de café,2,46.93,93.86,en el lugar,True,19.0,Zona de estudio,pareja,2026-08-11,completada,2026-08-11,09:00:00,entregado,pago en línea,pagado,187.58,30.01,217.59,8.0,5.0,Frecuente,True
1632,1663,238,María Díaz,maría.díaz238@correo.com,2026-07-12,Página web,Alimentos,Sandwich club,2,46.86,93.72,en el lugar,True,19.0,Zona de estudio,pareja,2026-08-11,completada,2026-08-11,09:00:00,entregado,pago en línea,pagado,187.58,30.01,217.59,8.0,5.0,Frecuente,True
1633,1664,195,Pablo Reyes,pablo.reyes195@correo.com,2026-04-12,Presencial (mesero),Café frío,Frappuccino de caramelo,2,59.31,118.62,en el lugar,False,16.0,Salón principal,pareja,,,2026-04-23,17:05:00,entregado,tarjeta,pagado,246.03,39.36,285.39,39.0,2.0,VIP,False
1634,1664,195,Pablo Reyes,pablo.reyes195@correo.com,2026-04-12,Presencial (mesero),Bebidas calientes,Té chai,3,42.47,127.41,en el lugar,False,16.0,Salón principal,pareja,,,2026-04-23,17:05:00,entregado,tarjeta,pagado,246.03,39.36,285.39,39.0,2.0,VIP,False
1635,1665,133,Emilio Martínez,emilio.martínez133@correo.com,2025-09-06,Página web,Bebidas frías,Limonada,2,27.47,54.94,para llevar,False,,,,,,2026-01-02,18:55:00,entregado,pago en línea,pagado,319.82,51.17,370.99,17.0,3.0,Frecuente,True
1636,1665,133,Emilio Martínez,emilio.martínez133@correo.com,2025-09-06,Página web,Repostería,Dona glaseada,2,44.29,88.58,para llevar,False,,,,,,2026-01-02,18:55:00,entregado,pago en línea,pagado,319.82,51.17,370.99,17.0,3.0,Frecuente,True
1637,1665,133,Emilio Martínez,emilio.martínez133@correo.com,2025-09-06,Página web,Café frío,Café helado,2,57.06,114.12,para llevar,False,,,,,,2026-01-02,18:55:00,entregado,pago en línea,pagado,319.82,51.17,370.99,17.0,3.0,Frecuente,True
1638,1665,133,Emilio Martínez,emilio.martínez133@correo.com,2025-09-06,Página web,Repostería,Pay de queso,2,31.09,62.18,para llevar,False,,,,,,2026-01-02,18:55:00,entregado,pago en línea,pagado,319.82,51.17,370.99,17.0,3.0,Frecuente,True
1639,1666,94,Raúl Reyes,raúl.reyes94@correo.com,2025-06-28,Página web,Repostería,Muffin de arándano,2,47.59,95.18,para llevar,False,,,,,,2026-08-18,17:35:00,cancelado,pago en línea,reembolsado,363.65,58.18,421.83,,,Frecuente,True
1640,1666,94,Raúl Reyes,raúl.reyes94@correo.com,2025-06-28,Página web,Alimentos,Bagel con queso crema,3,89.49,268.47,para llevar,False,,,,,,2026-08-18,17:35:00,cancelado,pago en línea,reembolsado,363.65,58.18,421.83,,,Frecuente,True
1641,1667,232,Camila Ortiz,camila.ortiz232@correo.com,2025-04-29,Página web,Café frío,Frappuccino de caramelo,3,37.45,112.35,para llevar,False,,,,,,2026-08-12,20:50:00,entregado,pago en línea,pagado,206.88,33.1,239.98,44.0,4.0,Frecuente,True
1642,1667,232,Camila Ortiz,camila.ortiz232@correo.com,2025-04-29,Página web,Alimentos,Sandwich club,1,94.53,94.53,para llevar,False,,,,,,2026-08-12,20:50:00,entregado,pago en línea,pagado,206.88,33.1,239.98,44.0,4.0,Frecuente,True
1643,1668,46,Andrea García,andrea.garcía46@correo.com,2025-09-12,Presencial (mostrador),Alimentos,Sandwich club,2,61.27,122.54,para llevar,False,,,,,,2025-09-14,11:40:00,entregado,transferencia,pagado,344.67,55.15,399.82,14.0,4.0,VIP,False
1644,1668,46,Andrea García,andrea.garcía46@correo.com,2025-09-12,Presencial (mostrador),Repostería,Brownie,3,57.79,173.37,para llevar,False,,,,,,2025-09-14,11:40:00,entregado,transferencia,pagado,344.67,55.15,399.82,14.0,4.0,VIP,False
1645,1668,46,Andrea García,andrea.garcía46@correo.com,2025-09-12,Presencial (mostrador),Bebidas frías,Refresco de cola,2,24.38,48.76,para llevar,False,,,,,,2025-09-14,11:40:00,entregado,transferencia,pagado,344.67,55.15,399.82,14.0,4.0,VIP,False
1646,1669,142,Alejandro Gómez,alejandro.gómez142@correo.com,2025-10-14,Página web,Bebidas calientes,Té verde,2,29.84,59.68,en el lugar,False,7.0,Terraza,grupal,,,2026-02-06,17:50:00,listo,pago en línea,pagado,59.68,9.55,69.23,27.0,,Frecuente,True
1647,1670,164,Valeria Torres,valeria.torres164@correo.com,2025-03-25,Página web,Alimentos,Sandwich club,2,66.1,132.2,en el lugar,True,1.0,Zona de estudio,individual,2025-10-24,completada,2025-10-25,15:50:00,listo,pago en línea,pagado,235.03,37.6,272.63,35.0,,Frecuente,True
1648,1670,164,Valeria Torres,valeria.torres164@correo.com,2025-03-25,Página web,Repostería,Dona glaseada,1,39.11,39.11,en el lugar,True,1.0,Zona de estudio,individual,2025-10-24,completada,2025-10-25,15:50:00,listo,pago en línea,pagado,235.03,37.6,272.63,35.0,,Frecuente,True
1649,1670,164,Valeria Torres,valeria.torres164@correo.com,2025-03-25,Página web,Bebidas calientes,Té verde,2,31.86,63.72,en el lugar,True,1.0,Zona de estudio,individual,2025-10-24,completada,2025-10-25,15:50:00,listo,pago en línea,pagado,235.03,37.6,272.63,35.0,,Frecuente,True
1650,1671,205,Ximena Flores,ximena.flores205@correo.com,2025-08-21,Página web,Alimentos,Sandwich club,1,66.14,66.14,en el lugar,False,2.0,Barra,pareja,,,2026-07-04,16:35:00,entregado,pago en línea,pagado,510.56,81.69,592.25,23.0,5.0,Frecuente,True
1651,1671,205,Ximena Flores,ximena.flores205@correo.com,2025-08-21,Página web,Bebidas frías,Jugo de naranja,2,37.61,75.22,en el lugar,False,2.0,Barra,pareja,,,2026-07-04,16:35:00,entregado,pago en línea,pagado,510.56,81.69,592.25,23.0,5.0,Frecuente,True
1652,1671,205,Ximena Flores,ximena.flores205@correo.com,2025-08-21,Página web,Bebidas calientes,Infusión de manzanilla,2,44.89,89.78,en el lugar,False,2.0,Barra,pareja,,,2026-07-04,16:35:00,entregado,pago en línea,pagado,510.56,81.69,592.25,23.0,5.0,Frecuente,True
1653,1671,205,Ximena Flores,ximena.flores205@correo.com,2025-08-21,Página web,Alimentos,Sandwich club,3,93.14,279.42,en el lugar,False,2.0,Barra,pareja,,,2026-07-04,16:35:00,entregado,pago en línea,pagado,510.56,81.69,592.25,23.0,5.0,Frecuente,True
1654,1672,157,Carlos Torres,carlos.torres157@correo.com,2026-05-05,Página web,Café caliente,Capuchino,2,36.36,72.72,para llevar,False,,,,,,2026-08-05,20:55:00,entregado,pago en línea,pagado,301.65,48.26,349.91,44.0,4.0,VIP,True
1655,1672,157,Carlos Torres,carlos.torres157@correo.com,2026-05-05,Página web,Bebidas calientes,Infusión de manzanilla,1,29.33,29.33,para llevar,False,,,,,,2026-08-05,20:55:00,entregado,pago en línea,pagado,301.65,48.26,349.91,44.0,4.0,VIP,True
1656,1672,157,Carlos Torres,carlos.torres157@correo.com,2026-05-05,Página web,Alimentos,Sandwich club,3,45.51,136.53,para llevar,False,,,,,,2026-08-05,20:55:00,entregado,pago en línea,pagado,301.65,48.26,349.91,44.0,4.0,VIP,True
1657,1672,157,Carlos Torres,carlos.torres157@correo.com,2026-05-05,Página web,Café frío,Frappé de café,1,63.07,63.07,para llevar,False,,,,,,2026-08-05,20:55:00,entregado,pago en línea,pagado,301.65,48.26,349.91,44.0,4.0,VIP,True
1658,1673,199,Yuleni López,yuleni.lópez199@correo.com,2026-05-30,Página web,Café frío,Frappuccino de caramelo,2,43.8,87.6,para llevar,False,,,,,,2026-07-18,19:40:00,entregado,pago en línea,pagado,242.09,38.73,280.82,19.0,3.0,VIP,True
1659,1673,199,Yuleni López,yuleni.lópez199@correo.com,2026-05-30,Página web,Café frío,Frappé de café,1,43.71,43.71,para llevar,False,,,,,,2026-07-18,19:40:00,entregado,pago en línea,pagado,242.09,38.73,280.82,19.0,3.0,VIP,True
1660,1673,199,Yuleni López,yuleni.lópez199@correo.com,2026-05-30,Página web,Repostería,Pay de queso,1,28.84,28.84,para llevar,False,,,,,,2026-07-18,19:40:00,entregado,pago en línea,pagado,242.09,38.73,280.82,19.0,3.0,VIP,True
1661,1673,199,Yuleni López,yuleni.lópez199@correo.com,2026-05-30,Página web,Café frío,Frappé de café,2,40.97,81.94,para llevar,False,,,,,,2026-07-18,19:40:00,entregado,pago en línea,pagado,242.09,38.73,280.82,19.0,3.0,VIP,True
1662,1674,220,Camila Cruz,camila.cruz220@correo.com,2025-02-04,Página web,Bebidas calientes,Infusión de manzanilla,1,41.17,41.17,para llevar,False,,,,,,2026-02-24,07:20:00,entregado,pago en línea,pagado,138.49,22.16,160.65,44.0,1.0,Frecuente,True
1663,1674,220,Camila Cruz,camila.cruz220@correo.com,2025-02-04,Página web,Café caliente,Espresso,3,32.44,97.32,para llevar,False,,,,,,2026-02-24,07:20:00,entregado,pago en línea,pagado,138.49,22.16,160.65,44.0,1.0,Frecuente,True
1664,1675,42,Renata Ortiz,renata.ortiz42@correo.com,2025-08-08,Presencial (mostrador),Café caliente,Espresso,1,30.36,30.36,en el lugar,True,17.0,Zona de estudio,grupal,2025-08-20,completada,2025-08-20,14:35:00,entregado,tarjeta,pagado,279.12,44.66,323.78,42.0,5.0,Frecuente,False
1665,1675,42,Renata Ortiz,renata.ortiz42@correo.com,2025-08-08,Presencial (mostrador),Bebidas calientes,Té verde,3,34.49,103.47,en el lugar,True,17.0,Zona de estudio,grupal,2025-08-20,completada,2025-08-20,14:35:00,entregado,tarjeta,pagado,279.12,44.66,323.78,42.0,5.0,Frecuente,False
1666,1675,42,Renata Ortiz,renata.ortiz42@correo.com,2025-08-08,Presencial (mostrador),Bebidas frías,Limonada,1,38.13,38.13,en el lugar,True,17.0,Zona de estudio,grupal,2025-08-20,completada,2025-08-20,14:35:00,entregado,tarjeta,pagado,279.12,44.66,323.78,42.0,5.0,Frecuente,False
1667,1675,42,Renata Ortiz,renata.ortiz42@correo.com,2025-08-08,Presencial (mostrador),Café frío,Frappé de café,3,35.72,107.16,en el lugar,True,17.0,Zona de estudio,grupal,2025-08-20,completada,2025-08-20,14:35:00,entregado,tarjeta,pagado,279.12,44.66,323.78,42.0,5.0,Frecuente,False
1668,1676,131,Fernanda Pérez,fernanda.pérez131@correo.com,2025-11-15,Página web,Repostería,Croissant,3,51.13,153.39,en el lugar,False,19.0,Barra,individual,,,2026-05-25,15:20:00,entregado,pago en línea,pagado,216.98,34.72,251.7,25.0,5.0,Frecuente,True
1669,1676,131,Fernanda Pérez,fernanda.pérez131@correo.com,2025-11-15,Página web,Alimentos,Sandwich club,1,63.59,63.59,en el lugar,False,19.0,Barra,individual,,,2026-05-25,15:20:00,entregado,pago en línea,pagado,216.98,34.72,251.7,25.0,5.0,Frecuente,True
1670,1677,46,Andrea García,andrea.garcía46@correo.com,2025-09-12,Página web,Alimentos,Sandwich club,1,52.31,52.31,en el lugar,True,8.0,Barra,individual,2026-07-07,completada,2026-07-08,15:00:00,entregado,pago en línea,pagado,173.99,27.84,201.83,12.0,4.0,VIP,True
1671,1677,46,Andrea García,andrea.garcía46@correo.com,2025-09-12,Página web,Café frío,Cold brew,2,60.84,121.68,en el lugar,True,8.0,Barra,individual,2026-07-07,completada,2026-07-08,15:00:00,entregado,pago en línea,pagado,173.99,27.84,201.83,12.0,4.0,VIP,True
1672,1678,167,Iván Flores,iván.flores167@correo.com,2026-04-10,Presencial (mostrador),Café caliente,Americano,3,46.13,138.39,en el lugar,True,8.0,Zona de estudio,pareja,2026-05-22,cancelada,2026-05-22,10:50:00,entregado,tarjeta,pagado,327.27,52.36,379.63,39.0,4.0,Frecuente,False
1673,1678,167,Iván Flores,iván.flores167@correo.com,2026-04-10,Presencial (mostrador),Repostería,Pay de queso,1,40.74,40.74,en el lugar,True,8.0,Zona de estudio,pareja,2026-05-22,cancelada,2026-05-22,10:50:00,entregado,tarjeta,pagado,327.27,52.36,379.63,39.0,4.0,Frecuente,False
1674,1678,167,Iván Flores,iván.flores167@correo.com,2026-04-10,Presencial (mostrador),Café frío,Cold brew,1,49.38,49.38,en el lugar,True,8.0,Zona de estudio,pareja,2026-05-22,cancelada,2026-05-22,10:50:00,entregado,tarjeta,pagado,327.27,52.36,379.63,39.0,4.0,Frecuente,False
1675,1678,167,Iván Flores,iván.flores167@correo.com,2026-04-10,Presencial (mostrador),Bebidas frías,Refresco de cola,3,32.92,98.76,en el lugar,True,8.0,Zona de estudio,pareja,2026-05-22,cancelada,2026-05-22,10:50:00,entregado,tarjeta,pagado,327.27,52.36,379.63,39.0,4.0,Frecuente,False
1676,1679,217,Carlos Romero,carlos.romero217@correo.com,2026-05-24,Página web,Repostería,Muffin de arándano,2,38.76,77.52,para llevar,False,,,,,,2026-06-02,13:45:00,entregado,efectivo,pagado,77.52,12.4,89.92,29.0,4.0,Frecuente,True
1677,1680,208,Mariana Morales,mariana.morales208@correo.com,2025-05-30,Presencial (mostrador),Alimentos,Ensalada César,3,49.55,148.65,en el lugar,False,16.0,Barra,pareja,,,2025-11-01,20:40:00,listo,transferencia,pagado,363.57,58.17,421.74,12.0,,Frecuente,False
1678,1680,208,Mariana Morales,mariana.morales208@correo.com,2025-05-30,Presencial (mostrador),Alimentos,Ensalada César,3,71.64,214.92,en el lugar,False,16.0,Barra,pareja,,,2025-11-01,20:40:00,listo,transferencia,pagado,363.57,58.17,421.74,12.0,,Frecuente,False
1679,1681,169,Diego López,diego.lópez169@correo.com,2025-09-30,Presencial (mesero),Repostería,Muffin de arándano,2,31.71,63.42,en el lugar,False,8.0,Zona de estudio,pareja,,,2026-02-05,17:20:00,en preparación,transferencia,pagado,160.74,25.72,186.46,,,VIP,False
1680,1681,169,Diego López,diego.lópez169@correo.com,2025-09-30,Presencial (mesero),Repostería,Brownie,2,48.66,97.32,en el lugar,False,8.0,Zona de estudio,pareja,,,2026-02-05,17:20:00,en preparación,transferencia,pagado,160.74,25.72,186.46,,,VIP,False
1681,1682,200,Óscar García,óscar.garcía200@correo.com,2026-06-23,Página web,Café frío,Frappuccino de caramelo,3,52.45,157.35,en el lugar,False,5.0,Zona de estudio,individual,,,2026-07-31,13:50:00,entregado,pago en línea,pagado,394.87,63.18,458.05,39.0,5.0,Frecuente,True
1682,1682,200,Óscar García,óscar.garcía200@correo.com,2026-06-23,Página web,Café frío,Frappé de café,3,56.74,170.22,en el lugar,False,5.0,Zona de estudio,individual,,,2026-07-31,13:50:00,entregado,pago en línea,pagado,394.87,63.18,458.05,39.0,5.0,Frecuente,True
1683,1682,200,Óscar García,óscar.garcía200@correo.com,2026-06-23,Página web,Repostería,Dona glaseada,2,33.65,67.3,en el lugar,False,5.0,Zona de estudio,individual,,,2026-07-31,13:50:00,entregado,pago en línea,pagado,394.87,63.18,458.05,39.0,5.0,Frecuente,True
1684,1683,72,Andrea López,andrea.lópez72@correo.com,2025-09-26,Página web,Repostería,Brownie,2,27.52,55.04,para llevar,False,,,,,,2026-04-05,10:30:00,entregado,pago en línea,pagado,104.99,16.8,121.79,24.0,5.0,VIP,True
1685,1683,72,Andrea López,andrea.lópez72@correo.com,2025-09-26,Página web,Café caliente,Latte,1,49.95,49.95,para llevar,False,,,,,,2026-04-05,10:30:00,entregado,pago en línea,pagado,104.99,16.8,121.79,24.0,5.0,VIP,True
1686,1684,170,Ricardo Flores,ricardo.flores170@correo.com,2026-08-06,Página web,Alimentos,Panini de jamón y queso,2,74.76,149.52,para llevar,False,,,,,,2026-08-13,14:40:00,entregado,pago en línea,pagado,149.52,23.92,173.44,28.0,5.0,VIP,True
1687,1685,203,Andrea Castillo,andrea.castillo203@correo.com,2026-01-25,Página web,Café caliente,Mocaccino,3,46.54,139.62,en el lugar,False,2.0,Terraza,pareja,,,2026-02-24,09:10:00,entregado,pago en línea,pagado,201.36,32.22,233.58,29.0,5.0,Frecuente,True
1688,1685,203,Andrea Castillo,andrea.castillo203@correo.com,2026-01-25,Página web,Café frío,Frappé de café,1,61.74,61.74,en el lugar,False,2.0,Terraza,pareja,,,2026-02-24,09:10:00,entregado,pago en línea,pagado,201.36,32.22,233.58,29.0,5.0,Frecuente,True
1689,1686,175,Daniela Ortiz,daniela.ortiz175@correo.com,2026-06-16,Página web,Café frío,Cold brew,3,35.69,107.07,para llevar,False,,,,,,2026-07-21,11:30:00,entregado,pago en línea,pagado,183.41,29.35,212.76,25.0,5.0,VIP,True
1690,1686,175,Daniela Ortiz,daniela.ortiz175@correo.com,2026-06-16,Página web,Bebidas frías,Agua mineral,1,35.25,35.25,para llevar,False,,,,,,2026-07-21,11:30:00,entregado,pago en línea,pagado,183.41,29.35,212.76,25.0,5.0,VIP,True
1691,1686,175,Daniela Ortiz,daniela.ortiz175@correo.com,2026-06-16,Página web,Café frío,Frappuccino de caramelo,1,41.09,41.09,para llevar,False,,,,,,2026-07-21,11:30:00,entregado,pago en línea,pagado,183.41,29.35,212.76,25.0,5.0,VIP,True
1692,1687,11,Mariana Vázquez,mariana.vázquez11@correo.com,2025-07-16,Página web,Café frío,Café helado,3,38.22,114.66,para llevar,False,,,,,,2026-03-21,08:05:00,entregado,pago en línea,pagado,210.78,33.72,244.5,22.0,5.0,Frecuente,True
1693,1687,11,Mariana Vázquez,mariana.vázquez11@correo.com,2025-07-16,Página web,Café frío,Café helado,2,48.06,96.12,para llevar,False,,,,,,2026-03-21,08:05:00,entregado,pago en línea,pagado,210.78,33.72,244.5,22.0,5.0,Frecuente,True
1694,1688,78,Paola Ramírez,paola.ramírez78@correo.com,2025-06-16,Presencial (mostrador),Café caliente,Café de olla,3,48.66,145.98,para llevar,False,,,,,,2025-08-06,20:05:00,entregado,tarjeta,pagado,333.87,53.42,387.29,32.0,4.0,Frecuente,False
1695,1688,78,Paola Ramírez,paola.ramírez78@correo.com,2025-06-16,Presencial (mostrador),Café frío,Frappuccino de caramelo,1,48.1,48.1,para llevar,False,,,,,,2025-08-06,20:05:00,entregado,tarjeta,pagado,333.87,53.42,387.29,32.0,4.0,Frecuente,False
1696,1688,78,Paola Ramírez,paola.ramírez78@correo.com,2025-06-16,Presencial (mostrador),Bebidas frías,Agua mineral,2,26.44,52.88,para llevar,False,,,,,,2025-08-06,20:05:00,entregado,tarjeta,pagado,333.87,53.42,387.29,32.0,4.0,Frecuente,False
1697,1688,78,Paola Ramírez,paola.ramírez78@correo.com,2025-06-16,Presencial (mostrador),Alimentos,Panini de jamón y queso,1,86.91,86.91,para llevar,False,,,,,,2025-08-06,20:05:00,entregado,tarjeta,pagado,333.87,53.42,387.29,32.0,4.0,Frecuente,False
1698,1689,221,Jorge Martínez,jorge.martínez221@correo.com,2025-10-30,Página web,Café frío,Frappuccino de caramelo,1,53.01,53.01,para llevar,False,,,,,,2026-01-24,19:30:00,entregado,pago en línea,pagado,310.38,49.66,360.04,32.0,3.0,Frecuente,True
1699,1689,221,Jorge Martínez,jorge.martínez221@correo.com,2025-10-30,Página web,Alimentos,Sandwich club,2,79.32,158.64,para llevar,False,,,,,,2026-01-24,19:30:00,entregado,pago en línea,pagado,310.38,49.66,360.04,32.0,3.0,Frecuente,True
1700,1689,221,Jorge Martínez,jorge.martínez221@correo.com,2025-10-30,Página web,Bebidas frías,Limonada,3,32.91,98.73,para llevar,False,,,,,,2026-01-24,19:30:00,entregado,pago en línea,pagado,310.38,49.66,360.04,32.0,3.0,Frecuente,True
1701,1690,48,Ximena Martínez,ximena.martínez48@correo.com,2026-03-30,Página web,Repostería,Muffin de arándano,2,33.0,66.0,para llevar,False,,,,,,2026-06-26,12:30:00,entregado,pago en línea,pagado,252.03,40.32,292.35,18.0,5.0,Frecuente,True
1702,1690,48,Ximena Martínez,ximena.martínez48@correo.com,2026-03-30,Página web,Repostería,Muffin de arándano,2,41.75,83.5,para llevar,False,,,,,,2026-06-26,12:30:00,entregado,pago en línea,pagado,252.03,40.32,292.35,18.0,5.0,Frecuente,True
1703,1690,48,Ximena Martínez,ximena.martínez48@correo.com,2026-03-30,Página web,Café frío,Cold brew,1,60.61,60.61,para llevar,False,,,,,,2026-06-26,12:30:00,entregado,pago en línea,pagado,252.03,40.32,292.35,18.0,5.0,Frecuente,True
1704,1690,48,Ximena Martínez,ximena.martínez48@correo.com,2026-03-30,Página web,Bebidas calientes,Chocolate caliente,1,41.92,41.92,para llevar,False,,,,,,2026-06-26,12:30:00,entregado,pago en línea,pagado,252.03,40.32,292.35,18.0,5.0,Frecuente,True
1705,1691,248,Estefanía García,estefanía.garcía248@correo.com,2025-03-07,Presencial (mesero),Café frío,Café helado,1,39.25,39.25,para llevar,False,,,,,,2025-06-09,16:55:00,entregado,tarjeta,pagado,478.03,76.48,554.51,19.0,4.0,Frecuente,False
1706,1691,248,Estefanía García,estefanía.garcía248@correo.com,2025-03-07,Presencial (mesero),Alimentos,Ensalada César,3,88.55,265.65,para llevar,False,,,,,,2025-06-09,16:55:00,entregado,tarjeta,pagado,478.03,76.48,554.51,19.0,4.0,Frecuente,False
1707,1691,248,Estefanía García,estefanía.garcía248@correo.com,2025-03-07,Presencial (mesero),Café frío,Cold brew,1,47.28,47.28,para llevar,False,,,,,,2025-06-09,16:55:00,entregado,tarjeta,pagado,478.03,76.48,554.51,19.0,4.0,Frecuente,False
1708,1691,248,Estefanía García,estefanía.garcía248@correo.com,2025-03-07,Presencial (mesero),Café frío,Frappé de café,3,41.95,125.85,para llevar,False,,,,,,2025-06-09,16:55:00,entregado,tarjeta,pagado,478.03,76.48,554.51,19.0,4.0,Frecuente,False
1709,1692,39,Michelle Vázquez,michelle.vázquez39@correo.com,2026-07-22,Presencial (mesero),Alimentos,Ensalada César,1,81.16,81.16,en el lugar,True,7.0,Terraza,individual,2026-07-31,completada,2026-07-31,15:35:00,listo,transferencia,pagado,81.16,12.99,94.15,42.0,,Frecuente,False
1710,1693,42,Renata Ortiz,renata.ortiz42@correo.com,2025-08-08,Página web,Alimentos,Bagel con queso crema,2,53.35,106.7,para llevar,False,,,,,,2025-11-11,10:00:00,entregado,pago en línea,pagado,106.7,17.07,123.77,16.0,5.0,Frecuente,True
1711,1694,212,José Cruz,josé.cruz212@correo.com,2025-10-22,Presencial (mesero),Café caliente,Latte,2,31.67,63.34,en el lugar,True,8.0,Barra,individual,2026-02-22,completada,2026-02-22,20:45:00,entregado,transferencia,pagado,63.34,10.13,73.47,39.0,4.0,VIP,False
1712,1695,48,Ximena Martínez,ximena.martínez48@correo.com,2026-03-30,Presencial (mostrador),Bebidas frías,Refresco de cola,2,22.52,45.04,en el lugar,True,17.0,Zona de estudio,grupal,2026-07-06,cancelada,2026-07-09,15:40:00,entregado,tarjeta,pagado,105.0,16.8,121.8,34.0,5.0,Frecuente,False
1713,1695,48,Ximena Martínez,ximena.martínez48@correo.com,2026-03-30,Presencial (mostrador),Café caliente,Americano,2,29.98,59.96,en el lugar,True,17.0,Zona de estudio,grupal,2026-07-06,cancelada,2026-07-09,15:40:00,entregado,tarjeta,pagado,105.0,16.8,121.8,34.0,5.0,Frecuente,False
1714,1696,221,Jorge Martínez,jorge.martínez221@correo.com,2025-10-30,Página web,Bebidas calientes,Chocolate caliente,2,34.0,68.0,para llevar,False,,,,,,2026-05-13,13:20:00,entregado,pago en línea,pagado,305.88,48.94,354.82,31.0,4.0,Frecuente,True
1715,1696,221,Jorge Martínez,jorge.martínez221@correo.com,2025-10-30,Página web,Bebidas frías,Limonada,2,32.98,65.96,para llevar,False,,,,,,2026-05-13,13:20:00,entregado,pago en línea,pagado,305.88,48.94,354.82,31.0,4.0,Frecuente,True
1716,1696,221,Jorge Martínez,jorge.martínez221@correo.com,2025-10-30,Página web,Repostería,Pay de queso,2,33.56,67.12,para llevar,False,,,,,,2026-05-13,13:20:00,entregado,pago en línea,pagado,305.88,48.94,354.82,31.0,4.0,Frecuente,True
1717,1696,221,Jorge Martínez,jorge.martínez221@correo.com,2025-10-30,Página web,Café caliente,Americano,2,52.4,104.8,para llevar,False,,,,,,2026-05-13,13:20:00,entregado,pago en línea,pagado,305.88,48.94,354.82,31.0,4.0,Frecuente,True
1718,1697,138,Daniela Jiménez,daniela.jiménez138@correo.com,2025-10-04,Página web,Repostería,Concha,3,37.27,111.81,para llevar,False,,,,,,2026-01-16,14:10:00,en preparación,efectivo,pagado,263.37,42.14,305.51,,,Frecuente,True
1719,1697,138,Daniela Jiménez,daniela.jiménez138@correo.com,2025-10-04,Página web,Alimentos,Panini de jamón y queso,2,48.91,97.82,para llevar,False,,,,,,2026-01-16,14:10:00,en preparación,efectivo,pagado,263.37,42.14,305.51,,,Frecuente,True
1720,1697,138,Daniela Jiménez,daniela.jiménez138@correo.com,2025-10-04,Página web,Repostería,Muffin de arándano,1,53.74,53.74,para llevar,False,,,,,,2026-01-16,14:10:00,en preparación,efectivo,pagado,263.37,42.14,305.51,,,Frecuente,True
1721,1698,175,Daniela Ortiz,daniela.ortiz175@correo.com,2026-06-16,Página web,Café frío,Café helado,3,36.8,110.4,para llevar,False,,,,,,2026-08-16,08:25:00,entregado,pago en línea,pagado,110.4,17.66,128.06,41.0,5.0,VIP,True
1722,1699,87,Alejandro Pérez,alejandro.pérez87@correo.com,2026-08-18,Página web,Alimentos,Panini de jamón y queso,3,83.18,249.54,en el lugar,True,20.0,Zona de estudio,pareja,2026-08-17,completada,2026-08-19,07:35:00,entregado,pago en línea,pagado,617.23,98.76,715.99,17.0,4.0,Frecuente,True
1723,1699,87,Alejandro Pérez,alejandro.pérez87@correo.com,2026-08-18,Página web,Café caliente,Mocaccino,2,49.04,98.08,en el lugar,True,20.0,Zona de estudio,pareja,2026-08-17,completada,2026-08-19,07:35:00,entregado,pago en línea,pagado,617.23,98.76,715.99,17.0,4.0,Frecuente,True
1724,1699,87,Alejandro Pérez,alejandro.pérez87@correo.com,2026-08-18,Página web,Bebidas calientes,Té chai,3,44.97,134.91,en el lugar,True,20.0,Zona de estudio,pareja,2026-08-17,completada,2026-08-19,07:35:00,entregado,pago en línea,pagado,617.23,98.76,715.99,17.0,4.0,Frecuente,True
1725,1699,87,Alejandro Pérez,alejandro.pérez87@correo.com,2026-08-18,Página web,Café frío,Frappuccino de caramelo,3,44.9,134.7,en el lugar,True,20.0,Zona de estudio,pareja,2026-08-17,completada,2026-08-19,07:35:00,entregado,pago en línea,pagado,617.23,98.76,715.99,17.0,4.0,Frecuente,True
1726,1700,144,Raúl Ortiz,raúl.ortiz144@correo.com,2026-07-23,Página web,Café caliente,Americano,2,33.25,66.5,para llevar,False,,,,,,2026-07-27,19:15:00,entregado,pago en línea,pagado,146.26,23.4,169.66,18.0,1.0,Frecuente,True
1727,1700,144,Raúl Ortiz,raúl.ortiz144@correo.com,2026-07-23,Página web,Bebidas frías,Limonada,1,28.35,28.35,para llevar,False,,,,,,2026-07-27,19:15:00,entregado,pago en línea,pagado,146.26,23.4,169.66,18.0,1.0,Frecuente,True
1728,1700,144,Raúl Ortiz,raúl.ortiz144@correo.com,2026-07-23,Página web,Café frío,Frappuccino de caramelo,1,51.41,51.41,para llevar,False,,,,,,2026-07-27,19:15:00,entregado,pago en línea,pagado,146.26,23.4,169.66,18.0,1.0,Frecuente,True
1729,1701,225,Ana López,ana.lópez225@correo.com,2025-08-20,Presencial (mostrador),Café caliente,Espresso,3,46.07,138.21,para llevar,False,,,,,,2025-09-08,11:55:00,entregado,efectivo,pagado,548.17,87.71,635.88,17.0,5.0,Frecuente,False
1730,1701,225,Ana López,ana.lópez225@correo.com,2025-08-20,Presencial (mostrador),Repostería,Brownie,2,50.48,100.96,para llevar,False,,,,,,2025-09-08,11:55:00,entregado,efectivo,pagado,548.17,87.71,635.88,17.0,5.0,Frecuente,False
1731,1701,225,Ana López,ana.lópez225@correo.com,2025-08-20,Presencial (mostrador),Repostería,Pay de queso,3,58.45,175.35,para llevar,False,,,,,,2025-09-08,11:55:00,entregado,efectivo,pagado,548.17,87.71,635.88,17.0,5.0,Frecuente,False
1732,1701,225,Ana López,ana.lópez225@correo.com,2025-08-20,Presencial (mostrador),Repostería,Brownie,3,44.55,133.65,para llevar,False,,,,,,2025-09-08,11:55:00,entregado,efectivo,pagado,548.17,87.71,635.88,17.0,5.0,Frecuente,False
1733,1702,188,Fernanda López,fernanda.lópez188@correo.com,2026-05-26,Página web,Alimentos,Panini de jamón y queso,3,47.56,142.68,en el lugar,False,8.0,Salón principal,individual,,,2026-08-19,17:55:00,entregado,pago en línea,pagado,232.55,37.21,269.76,23.0,3.0,Frecuente,True
1734,1702,188,Fernanda López,fernanda.lópez188@correo.com,2026-05-26,Página web,Bebidas frías,Agua mineral,1,36.03,36.03,en el lugar,False,8.0,Salón principal,individual,,,2026-08-19,17:55:00,entregado,pago en línea,pagado,232.55,37.21,269.76,23.0,3.0,Frecuente,True
1735,1702,188,Fernanda López,fernanda.lópez188@correo.com,2026-05-26,Página web,Repostería,Concha,1,53.84,53.84,en el lugar,False,8.0,Salón principal,individual,,,2026-08-19,17:55:00,entregado,pago en línea,pagado,232.55,37.21,269.76,23.0,3.0,Frecuente,True
1736,1703,31,Regina Hernández,regina.hernández31@correo.com,2025-04-25,Presencial (mostrador),Bebidas calientes,Té chai,1,40.5,40.5,en el lugar,True,13.0,Barra,grupal,2025-12-16,completada,2025-12-18,09:05:00,entregado,transferencia,pagado,290.77,46.52,337.29,39.0,3.0,Frecuente,False
1737,1703,31,Regina Hernández,regina.hernández31@correo.com,2025-04-25,Presencial (mostrador),Café caliente,Latte,2,38.96,77.92,en el lugar,True,13.0,Barra,grupal,2025-12-16,completada,2025-12-18,09:05:00,entregado,transferencia,pagado,290.77,46.52,337.29,39.0,3.0,Frecuente,False
1738,1703,31,Regina Hernández,regina.hernández31@correo.com,2025-04-25,Presencial (mostrador),Alimentos,Bagel con queso crema,1,65.71,65.71,en el lugar,True,13.0,Barra,grupal,2025-12-16,completada,2025-12-18,09:05:00,entregado,transferencia,pagado,290.77,46.52,337.29,39.0,3.0,Frecuente,False
1739,1703,31,Regina Hernández,regina.hernández31@correo.com,2025-04-25,Presencial (mostrador),Café caliente,Capuchino,2,53.32,106.64,en el lugar,True,13.0,Barra,grupal,2025-12-16,completada,2025-12-18,09:05:00,entregado,transferencia,pagado,290.77,46.52,337.29,39.0,3.0,Frecuente,False
1740,1704,142,Alejandro Gómez,alejandro.gómez142@correo.com,2025-10-14,Página web,Café caliente,Mocaccino,3,28.23,84.69,en el lugar,True,20.0,Salón principal,pareja,2026-05-03,completada,2026-05-04,16:15:00,entregado,efectivo,pagado,84.69,13.55,98.24,13.0,5.0,Frecuente,True
1741,1705,239,Renata Sánchez,renata.sánchez239@correo.com,2025-05-06,Página web,Bebidas calientes,Té chai,3,25.81,77.43,en el lugar,True,6.0,Terraza,individual,2026-06-14,pendiente,2026-06-16,19:55:00,entregado,pago en línea,pagado,145.69,23.31,169.0,33.0,3.0,VIP,True
1742,1705,239,Renata Sánchez,renata.sánchez239@correo.com,2025-05-06,Página web,Repostería,Muffin de arándano,1,28.5,28.5,en el lugar,True,6.0,Terraza,individual,2026-06-14,pendiente,2026-06-16,19:55:00,entregado,pago en línea,pagado,145.69,23.31,169.0,33.0,3.0,VIP,True
1743,1705,239,Renata Sánchez,renata.sánchez239@correo.com,2025-05-06,Página web,Bebidas frías,Té helado,1,39.76,39.76,en el lugar,True,6.0,Terraza,individual,2026-06-14,pendiente,2026-06-16,19:55:00,entregado,pago en línea,pagado,145.69,23.31,169.0,33.0,3.0,VIP,True
1744,1706,117,Julián Flores,julián.flores117@correo.com,2026-02-04,Página web,Café frío,Frappé de café,2,49.89,99.78,en el lugar,False,20.0,Zona de estudio,individual,,,2026-06-09,08:20:00,entregado,pago en línea,pagado,233.1,37.3,270.4,27.0,2.0,Frecuente,True
1745,1706,117,Julián Flores,julián.flores117@correo.com,2026-02-04,Página web,Café frío,Café helado,2,35.96,71.92,en el lugar,False,20.0,Zona de estudio,individual,,,2026-06-09,08:20:00,entregado,pago en línea,pagado,233.1,37.3,270.4,27.0,2.0,Frecuente,True
1746,1706,117,Julián Flores,julián.flores117@correo.com,2026-02-04,Página web,Repostería,Dona glaseada,2,30.7,61.4,en el lugar,False,20.0,Zona de estudio,individual,,,2026-06-09,08:20:00,entregado,pago en línea,pagado,233.1,37.3,270.4,27.0,2.0,Frecuente,True
1747,1707,33,Luis Martínez,luis.martínez33@correo.com,2026-05-13,Presencial (mostrador),Café frío,Cold brew,1,48.84,48.84,para llevar,False,,,,,,2026-06-19,17:55:00,en preparación,tarjeta,pagado,177.84,28.45,206.29,,,VIP,False
1748,1707,33,Luis Martínez,luis.martínez33@correo.com,2026-05-13,Presencial (mostrador),Bebidas calientes,Chocolate caliente,1,25.74,25.74,para llevar,False,,,,,,2026-06-19,17:55:00,en preparación,tarjeta,pagado,177.84,28.45,206.29,,,VIP,False
1749,1707,33,Luis Martínez,luis.martínez33@correo.com,2026-05-13,Presencial (mostrador),Café caliente,Café de olla,2,51.63,103.26,para llevar,False,,,,,,2026-06-19,17:55:00,en preparación,tarjeta,pagado,177.84,28.45,206.29,,,VIP,False
1750,1708,50,Ricardo Morales,ricardo.morales50@correo.com,2026-05-13,Página web,Bebidas calientes,Chocolate caliente,1,42.91,42.91,en el lugar,False,19.0,Salón principal,grupal,,,2026-05-29,09:55:00,entregado,pago en línea,pagado,199.69,31.95,231.64,39.0,5.0,VIP,True
1751,1708,50,Ricardo Morales,ricardo.morales50@correo.com,2026-05-13,Página web,Bebidas calientes,Té chai,1,32.28,32.28,en el lugar,False,19.0,Salón principal,grupal,,,2026-05-29,09:55:00,entregado,pago en línea,pagado,199.69,31.95,231.64,39.0,5.0,VIP,True
1752,1708,50,Ricardo Morales,ricardo.morales50@correo.com,2026-05-13,Página web,Alimentos,Bagel con queso crema,2,62.25,124.5,en el lugar,False,19.0,Salón principal,grupal,,,2026-05-29,09:55:00,entregado,pago en línea,pagado,199.69,31.95,231.64,39.0,5.0,VIP,True
1753,1709,64,Jorge Díaz,jorge.díaz64@correo.com,2025-03-12,Presencial (mostrador),Café caliente,Americano,2,53.77,107.54,en el lugar,True,11.0,Barra,grupal,2026-06-27,pendiente,2026-06-29,17:30:00,listo,transferencia,pagado,176.88,28.3,205.18,10.0,,Frecuente,False
1754,1709,64,Jorge Díaz,jorge.díaz64@correo.com,2025-03-12,Presencial (mostrador),Alimentos,Sandwich club,1,69.34,69.34,en el lugar,True,11.0,Barra,grupal,2026-06-27,pendiente,2026-06-29,17:30:00,listo,transferencia,pagado,176.88,28.3,205.18,10.0,,Frecuente,False
1755,1710,239,Renata Sánchez,renata.sánchez239@correo.com,2025-05-06,Página web,Alimentos,Sandwich club,3,83.54,250.62,para llevar,False,,,,,,2026-08-01,09:15:00,entregado,pago en línea,pagado,329.08,52.65,381.73,14.0,5.0,VIP,True
1756,1710,239,Renata Sánchez,renata.sánchez239@correo.com,2025-05-06,Página web,Bebidas calientes,Té verde,2,39.23,78.46,para llevar,False,,,,,,2026-08-01,09:15:00,entregado,pago en línea,pagado,329.08,52.65,381.73,14.0,5.0,VIP,True
1757,1711,215,María Ramírez,maría.ramírez215@correo.com,2026-01-26,Página web,Bebidas frías,Refresco de cola,3,37.79,113.37,para llevar,False,,,,,,2026-05-29,19:40:00,entregado,transferencia,pagado,268.08,42.89,310.97,45.0,2.0,VIP,True
1758,1711,215,María Ramírez,maría.ramírez215@correo.com,2026-01-26,Página web,Bebidas frías,Jugo de naranja,1,38.53,38.53,para llevar,False,,,,,,2026-05-29,19:40:00,entregado,transferencia,pagado,268.08,42.89,310.97,45.0,2.0,VIP,True
1759,1711,215,María Ramírez,maría.ramírez215@correo.com,2026-01-26,Página web,Café frío,Frappuccino de caramelo,2,58.09,116.18,para llevar,False,,,,,,2026-05-29,19:40:00,entregado,transferencia,pagado,268.08,42.89,310.97,45.0,2.0,VIP,True
1760,1712,201,Paola Morales,paola.morales201@correo.com,2025-06-08,Presencial (mesero),Bebidas frías,Té helado,2,29.49,58.98,para llevar,False,,,,,,2026-03-15,11:40:00,entregado,efectivo,pagado,347.06,55.53,402.59,45.0,3.0,Frecuente,False
1761,1712,201,Paola Morales,paola.morales201@correo.com,2025-06-08,Presencial (mesero),Alimentos,Panini de jamón y queso,2,90.71,181.42,para llevar,False,,,,,,2026-03-15,11:40:00,entregado,efectivo,pagado,347.06,55.53,402.59,45.0,3.0,Frecuente,False
1762,1712,201,Paola Morales,paola.morales201@correo.com,2025-06-08,Presencial (mesero),Bebidas frías,Jugo de naranja,3,24.62,73.86,para llevar,False,,,,,,2026-03-15,11:40:00,entregado,efectivo,pagado,347.06,55.53,402.59,45.0,3.0,Frecuente,False
1763,1712,201,Paola Morales,paola.morales201@correo.com,2025-06-08,Presencial (mesero),Repostería,Brownie,1,32.8,32.8,para llevar,False,,,,,,2026-03-15,11:40:00,entregado,efectivo,pagado,347.06,55.53,402.59,45.0,3.0,Frecuente,False
1764,1713,26,Gabriela Hernández,gabriela.hernández26@correo.com,2025-04-28,Página web,Alimentos,Sandwich club,3,66.5,199.5,para llevar,False,,,,,,2025-09-05,13:20:00,entregado,pago en línea,pagado,284.4,45.5,329.9,27.0,5.0,Frecuente,True
1765,1713,26,Gabriela Hernández,gabriela.hernández26@correo.com,2025-04-28,Página web,Café caliente,Capuchino,2,42.45,84.9,para llevar,False,,,,,,2025-09-05,13:20:00,entregado,pago en línea,pagado,284.4,45.5,329.9,27.0,5.0,Frecuente,True
1766,1714,79,Raúl Hernández,raúl.hernández79@correo.com,2025-07-03,Página web,Bebidas frías,Limonada,1,20.28,20.28,en el lugar,True,18.0,Zona de estudio,individual,2026-07-30,no_show,2026-07-31,16:50:00,entregado,pago en línea,pagado,143.16,22.91,166.07,16.0,5.0,VIP,True
1767,1714,79,Raúl Hernández,raúl.hernández79@correo.com,2025-07-03,Página web,Alimentos,Sandwich club,2,61.44,122.88,en el lugar,True,18.0,Zona de estudio,individual,2026-07-30,no_show,2026-07-31,16:50:00,entregado,pago en línea,pagado,143.16,22.91,166.07,16.0,5.0,VIP,True
1768,1715,216,Iván Hernández,iván.hernández216@correo.com,2026-02-10,Página web,Café caliente,Americano,1,51.58,51.58,en el lugar,True,14.0,Salón principal,grupal,2026-08-15,completada,2026-08-16,11:10:00,listo,pago en línea,pagado,51.58,8.25,59.83,23.0,,Frecuente,True
1769,1716,174,Michelle Torres,michelle.torres174@correo.com,2026-08-14,Presencial (mesero),Bebidas frías,Té helado,2,29.62,59.24,para llevar,False,,,,,,2026-08-14,19:20:00,entregado,efectivo,pagado,420.54,67.29,487.83,13.0,3.0,Frecuente,False
1770,1716,174,Michelle Torres,michelle.torres174@correo.com,2026-08-14,Presencial (mesero),Bebidas frías,Agua mineral,3,35.71,107.13,para llevar,False,,,,,,2026-08-14,19:20:00,entregado,efectivo,pagado,420.54,67.29,487.83,13.0,3.0,Frecuente,False
1771,1716,174,Michelle Torres,michelle.torres174@correo.com,2026-08-14,Presencial (mesero),Repostería,Concha,1,37.36,37.36,para llevar,False,,,,,,2026-08-14,19:20:00,entregado,efectivo,pagado,420.54,67.29,487.83,13.0,3.0,Frecuente,False
1772,1716,174,Michelle Torres,michelle.torres174@correo.com,2026-08-14,Presencial (mesero),Alimentos,Bagel con queso crema,3,72.27,216.81,para llevar,False,,,,,,2026-08-14,19:20:00,entregado,efectivo,pagado,420.54,67.29,487.83,13.0,3.0,Frecuente,False
1773,1717,36,Karla Sánchez,karla.sánchez36@correo.com,2026-07-07,Página web,Alimentos,Sandwich club,3,85.36,256.08,en el lugar,False,7.0,Barra,grupal,,,2026-07-11,09:10:00,entregado,pago en línea,pagado,504.91,80.79,585.7,37.0,4.0,Frecuente,True
1774,1717,36,Karla Sánchez,karla.sánchez36@correo.com,2026-07-07,Página web,Alimentos,Bagel con queso crema,1,53.38,53.38,en el lugar,False,7.0,Barra,grupal,,,2026-07-11,09:10:00,entregado,pago en línea,pagado,504.91,80.79,585.7,37.0,4.0,Frecuente,True
1775,1717,36,Karla Sánchez,karla.sánchez36@correo.com,2026-07-07,Página web,Bebidas frías,Refresco de cola,3,35.47,106.41,en el lugar,False,7.0,Barra,grupal,,,2026-07-11,09:10:00,entregado,pago en línea,pagado,504.91,80.79,585.7,37.0,4.0,Frecuente,True
1776,1717,36,Karla Sánchez,karla.sánchez36@correo.com,2026-07-07,Página web,Bebidas calientes,Té chai,2,44.52,89.04,en el lugar,False,7.0,Barra,grupal,,,2026-07-11,09:10:00,entregado,pago en línea,pagado,504.91,80.79,585.7,37.0,4.0,Frecuente,True
1777,1718,138,Daniela Jiménez,daniela.jiménez138@correo.com,2025-10-04,Página web,Alimentos,Sandwich club,1,93.48,93.48,en el lugar,True,7.0,Terraza,grupal,2026-04-18,completada,2026-04-20,12:50:00,entregado,pago en línea,pagado,290.63,46.5,337.13,43.0,4.0,Frecuente,True
1778,1718,138,Daniela Jiménez,daniela.jiménez138@correo.com,2025-10-04,Página web,Alimentos,Sandwich club,3,51.7,155.1,en el lugar,True,7.0,Terraza,grupal,2026-04-18,completada,2026-04-20,12:50:00,entregado,pago en línea,pagado,290.63,46.5,337.13,43.0,4.0,Frecuente,True
1779,1718,138,Daniela Jiménez,daniela.jiménez138@correo.com,2025-10-04,Página web,Café caliente,Café de olla,1,42.05,42.05,en el lugar,True,7.0,Terraza,grupal,2026-04-18,completada,2026-04-20,12:50:00,entregado,pago en línea,pagado,290.63,46.5,337.13,43.0,4.0,Frecuente,True
1780,1719,179,Iván Reyes,iván.reyes179@correo.com,2026-07-18,Presencial (mostrador),Café caliente,Espresso,3,53.35,160.05,en el lugar,False,8.0,Zona de estudio,grupal,,,2026-08-08,08:45:00,listo,tarjeta,pagado,160.05,25.61,185.66,16.0,,Frecuente,False
1781,1720,161,Diego Jiménez,diego.jiménez161@correo.com,2026-01-25,Presencial (mesero),Café caliente,Latte,1,36.33,36.33,para llevar,False,,,,,,2026-07-22,11:30:00,listo,efectivo,pagado,156.54,25.05,181.59,14.0,,Frecuente,False
1782,1720,161,Diego Jiménez,diego.jiménez161@correo.com,2026-01-25,Presencial (mesero),Repostería,Pay de queso,1,25.8,25.8,para llevar,False,,,,,,2026-07-22,11:30:00,listo,efectivo,pagado,156.54,25.05,181.59,14.0,,Frecuente,False
1783,1720,161,Diego Jiménez,diego.jiménez161@correo.com,2026-01-25,Presencial (mesero),Repostería,Muffin de arándano,3,31.47,94.41,para llevar,False,,,,,,2026-07-22,11:30:00,listo,efectivo,pagado,156.54,25.05,181.59,14.0,,Frecuente,False
1784,1721,220,Camila Cruz,camila.cruz220@correo.com,2025-02-04,Presencial (mesero),Repostería,Brownie,3,51.42,154.26,en el lugar,True,4.0,Salón principal,grupal,2026-02-09,completada,2026-02-10,08:05:00,entregado,efectivo,pagado,334.6,53.54,388.14,33.0,5.0,Frecuente,False
1785,1721,220,Camila Cruz,camila.cruz220@correo.com,2025-02-04,Presencial (mesero),Café caliente,Mocaccino,3,42.82,128.46,en el lugar,True,4.0,Salón principal,grupal,2026-02-09,completada,2026-02-10,08:05:00,entregado,efectivo,pagado,334.6,53.54,388.14,33.0,5.0,Frecuente,False
1786,1721,220,Camila Cruz,camila.cruz220@correo.com,2025-02-04,Presencial (mesero),Bebidas frías,Jugo de naranja,2,25.94,51.88,en el lugar,True,4.0,Salón principal,grupal,2026-02-09,completada,2026-02-10,08:05:00,entregado,efectivo,pagado,334.6,53.54,388.14,33.0,5.0,Frecuente,False
1787,1722,168,Alejandro Vázquez,alejandro.vázquez168@correo.com,2025-07-22,Presencial (mesero),Café frío,Frappé de café,3,37.83,113.49,para llevar,False,,,,,,2026-08-11,07:20:00,entregado,tarjeta,pagado,113.49,18.16,131.65,38.0,5.0,VIP,False
1788,1723,23,Luis De la Cruz,luis.delacruz23@correo.com,2025-04-23,Presencial (mostrador),Café caliente,Capuchino,1,32.55,32.55,para llevar,False,,,,,,2025-05-14,14:25:00,entregado,transferencia,pagado,107.79,17.25,125.04,16.0,5.0,VIP,False
1789,1723,23,Luis De la Cruz,luis.delacruz23@correo.com,2025-04-23,Presencial (mostrador),Bebidas calientes,Té chai,2,37.62,75.24,para llevar,False,,,,,,2025-05-14,14:25:00,entregado,transferencia,pagado,107.79,17.25,125.04,16.0,5.0,VIP,False
1790,1724,43,Marco Ramírez,marco.ramírez43@correo.com,2026-04-30,Página web,Café frío,Café helado,3,45.33,135.99,en el lugar,True,17.0,Zona de estudio,grupal,2026-05-20,completada,2026-05-21,18:50:00,entregado,pago en línea,pagado,514.4,82.3,596.7,33.0,1.0,VIP,True
1791,1724,43,Marco Ramírez,marco.ramírez43@correo.com,2026-04-30,Página web,Alimentos,Panini de jamón y queso,3,90.54,271.62,en el lugar,True,17.0,Zona de estudio,grupal,2026-05-20,completada,2026-05-21,18:50:00,entregado,pago en línea,pagado,514.4,82.3,596.7,33.0,1.0,VIP,True
1792,1724,43,Marco Ramírez,marco.ramírez43@correo.com,2026-04-30,Página web,Repostería,Muffin de arándano,2,33.72,67.44,en el lugar,True,17.0,Zona de estudio,grupal,2026-05-20,completada,2026-05-21,18:50:00,entregado,pago en línea,pagado,514.4,82.3,596.7,33.0,1.0,VIP,True
1793,1724,43,Marco Ramírez,marco.ramírez43@correo.com,2026-04-30,Página web,Café caliente,Mocaccino,1,39.35,39.35,en el lugar,True,17.0,Zona de estudio,grupal,2026-05-20,completada,2026-05-21,18:50:00,entregado,pago en línea,pagado,514.4,82.3,596.7,33.0,1.0,VIP,True
1794,1725,221,Jorge Martínez,jorge.martínez221@correo.com,2025-10-30,Presencial (mostrador),Café frío,Cold brew,3,57.35,172.05,en el lugar,False,19.0,Terraza,grupal,,,2026-02-04,18:20:00,entregado,transferencia,pagado,172.05,27.53,199.58,33.0,5.0,Frecuente,False
1795,1726,174,Michelle Torres,michelle.torres174@correo.com,2026-08-14,Presencial (mesero),Café frío,Cold brew,1,56.73,56.73,en el lugar,False,4.0,Terraza,pareja,,,2026-08-15,10:20:00,entregado,efectivo,pagado,278.92,44.63,323.55,20.0,5.0,Frecuente,False
1796,1726,174,Michelle Torres,michelle.torres174@correo.com,2026-08-14,Presencial (mesero),Café caliente,Capuchino,3,36.78,110.34,en el lugar,False,4.0,Terraza,pareja,,,2026-08-15,10:20:00,entregado,efectivo,pagado,278.92,44.63,323.55,20.0,5.0,Frecuente,False
1797,1726,174,Michelle Torres,michelle.torres174@correo.com,2026-08-14,Presencial (mesero),Alimentos,Panini de jamón y queso,1,77.98,77.98,en el lugar,False,4.0,Terraza,pareja,,,2026-08-15,10:20:00,entregado,efectivo,pagado,278.92,44.63,323.55,20.0,5.0,Frecuente,False
1798,1726,174,Michelle Torres,michelle.torres174@correo.com,2026-08-14,Presencial (mesero),Bebidas calientes,Té verde,1,33.87,33.87,en el lugar,False,4.0,Terraza,pareja,,,2026-08-15,10:20:00,entregado,efectivo,pagado,278.92,44.63,323.55,20.0,5.0,Frecuente,False
1799,1727,54,Iván Sánchez,iván.sánchez54@correo.com,2025-03-01,Presencial (mesero),Café frío,Frappé de café,1,58.44,58.44,para llevar,False,,,,,,2025-11-04,14:35:00,entregado,tarjeta,pagado,248.53,39.76,288.29,41.0,3.0,VIP,False
1800,1727,54,Iván Sánchez,iván.sánchez54@correo.com,2025-03-01,Presencial (mesero),Café caliente,Mocaccino,2,40.39,80.78,para llevar,False,,,,,,2025-11-04,14:35:00,entregado,tarjeta,pagado,248.53,39.76,288.29,41.0,3.0,VIP,False
1801,1727,54,Iván Sánchez,iván.sánchez54@correo.com,2025-03-01,Presencial (mesero),Repostería,Croissant,1,39.47,39.47,para llevar,False,,,,,,2025-11-04,14:35:00,entregado,tarjeta,pagado,248.53,39.76,288.29,41.0,3.0,VIP,False
1802,1727,54,Iván Sánchez,iván.sánchez54@correo.com,2025-03-01,Presencial (mesero),Repostería,Croissant,2,34.92,69.84,para llevar,False,,,,,,2025-11-04,14:35:00,entregado,tarjeta,pagado,248.53,39.76,288.29,41.0,3.0,VIP,False
1803,1728,239,Renata Sánchez,renata.sánchez239@correo.com,2025-05-06,Presencial (mostrador),Café frío,Frappuccino de caramelo,3,46.54,139.62,en el lugar,True,9.0,Barra,pareja,2025-06-06,completada,2025-06-08,16:35:00,entregado,efectivo,pagado,139.62,22.34,161.96,17.0,4.0,VIP,False
1804,1729,213,Julián Vázquez,julián.vázquez213@correo.com,2025-11-03,Página web,Bebidas calientes,Infusión de manzanilla,3,25.41,76.23,para llevar,False,,,,,,2025-12-29,11:55:00,entregado,transferencia,pagado,310.71,49.71,360.42,41.0,4.0,VIP,True
1805,1729,213,Julián Vázquez,julián.vázquez213@correo.com,2025-11-03,Página web,Bebidas frías,Té helado,3,24.82,74.46,para llevar,False,,,,,,2025-12-29,11:55:00,entregado,transferencia,pagado,310.71,49.71,360.42,41.0,4.0,VIP,True
1806,1729,213,Julián Vázquez,julián.vázquez213@correo.com,2025-11-03,Página web,Repostería,Muffin de arándano,3,53.34,160.02,para llevar,False,,,,,,2025-12-29,11:55:00,entregado,transferencia,pagado,310.71,49.71,360.42,41.0,4.0,VIP,True
1807,1730,121,Jorge Romero,jorge.romero121@correo.com,2026-07-01,Presencial (mesero),Café caliente,Latte,2,33.22,66.44,para llevar,False,,,,,,2026-07-12,17:35:00,cancelado,tarjeta,reembolsado,255.05,40.81,295.86,,,VIP,False
1808,1730,121,Jorge Romero,jorge.romero121@correo.com,2026-07-01,Presencial (mesero),Café caliente,Mocaccino,3,36.27,108.81,para llevar,False,,,,,,2026-07-12,17:35:00,cancelado,tarjeta,reembolsado,255.05,40.81,295.86,,,VIP,False
1809,1730,121,Jorge Romero,jorge.romero121@correo.com,2026-07-01,Presencial (mesero),Alimentos,Ensalada César,1,79.8,79.8,para llevar,False,,,,,,2026-07-12,17:35:00,cancelado,tarjeta,reembolsado,255.05,40.81,295.86,,,VIP,False
1810,1731,138,Daniela Jiménez,daniela.jiménez138@correo.com,2025-10-04,Página web,Repostería,Concha,3,55.02,165.06,para llevar,False,,,,,,2026-04-27,17:45:00,entregado,pago en línea,pagado,268.18,42.91,311.09,35.0,4.0,Frecuente,True
1811,1731,138,Daniela Jiménez,daniela.jiménez138@correo.com,2025-10-04,Página web,Repostería,Pay de queso,2,51.56,103.12,para llevar,False,,,,,,2026-04-27,17:45:00,entregado,pago en línea,pagado,268.18,42.91,311.09,35.0,4.0,Frecuente,True
1812,1732,61,Sergio Ramírez,sergio.ramírez61@correo.com,2025-09-29,Página web,Café frío,Cold brew,3,41.55,124.65,en el lugar,True,14.0,Terraza,individual,2026-07-10,completada,2026-07-13,07:55:00,cancelado,pago en línea,reembolsado,194.49,31.12,225.61,,,Frecuente,True
1813,1732,61,Sergio Ramírez,sergio.ramírez61@correo.com,2025-09-29,Página web,Café caliente,Espresso,2,34.92,69.84,en el lugar,True,14.0,Terraza,individual,2026-07-10,completada,2026-07-13,07:55:00,cancelado,pago en línea,reembolsado,194.49,31.12,225.61,,,Frecuente,True
1814,1733,144,Raúl Ortiz,raúl.ortiz144@correo.com,2026-07-23,Página web,Bebidas frías,Té helado,3,21.87,65.61,para llevar,False,,,,,,2026-07-26,11:50:00,entregado,pago en línea,pagado,109.4,17.5,126.9,25.0,5.0,Frecuente,True
1815,1733,144,Raúl Ortiz,raúl.ortiz144@correo.com,2026-07-23,Página web,Repostería,Brownie,1,43.79,43.79,para llevar,False,,,,,,2026-07-26,11:50:00,entregado,pago en línea,pagado,109.4,17.5,126.9,25.0,5.0,Frecuente,True
1816,1734,209,Estefanía Morales,estefanía.morales209@correo.com,2026-08-03,Presencial (mostrador),Café caliente,Latte,3,46.8,140.4,en el lugar,True,7.0,Barra,pareja,2026-08-08,completada,2026-08-08,17:55:00,entregado,transferencia,pagado,330.98,52.96,383.94,20.0,4.0,Frecuente,False
1817,1734,209,Estefanía Morales,estefanía.morales209@correo.com,2026-08-03,Presencial (mostrador),Repostería,Pay de queso,3,44.47,133.41,en el lugar,True,7.0,Barra,pareja,2026-08-08,completada,2026-08-08,17:55:00,entregado,transferencia,pagado,330.98,52.96,383.94,20.0,4.0,Frecuente,False
1818,1734,209,Estefanía Morales,estefanía.morales209@correo.com,2026-08-03,Presencial (mostrador),Café frío,Frappé de café,1,57.17,57.17,en el lugar,True,7.0,Barra,pareja,2026-08-08,completada,2026-08-08,17:55:00,entregado,transferencia,pagado,330.98,52.96,383.94,20.0,4.0,Frecuente,False
1819,1735,168,Alejandro Vázquez,alejandro.vázquez168@correo.com,2025-07-22,Página web,Café frío,Café helado,1,48.83,48.83,para llevar,False,,,,,,2025-10-18,20:10:00,entregado,pago en línea,pagado,78.34,12.53,90.87,21.0,5.0,VIP,True
1820,1735,168,Alejandro Vázquez,alejandro.vázquez168@correo.com,2025-07-22,Página web,Bebidas calientes,Infusión de manzanilla,1,29.51,29.51,para llevar,False,,,,,,2025-10-18,20:10:00,entregado,pago en línea,pagado,78.34,12.53,90.87,21.0,5.0,VIP,True
1821,1736,150,Sergio García,sergio.garcía150@correo.com,2026-07-03,Presencial (mostrador),Alimentos,Sandwich club,2,53.57,107.14,para llevar,False,,,,,,2026-07-26,17:20:00,entregado,efectivo,pagado,275.55,44.09,319.64,18.0,4.0,Frecuente,False
1822,1736,150,Sergio García,sergio.garcía150@correo.com,2026-07-03,Presencial (mostrador),Café caliente,Café de olla,1,32.73,32.73,para llevar,False,,,,,,2026-07-26,17:20:00,entregado,efectivo,pagado,275.55,44.09,319.64,18.0,4.0,Frecuente,False
1823,1736,150,Sergio García,sergio.garcía150@correo.com,2026-07-03,Presencial (mostrador),Alimentos,Sandwich club,2,49.24,98.48,para llevar,False,,,,,,2026-07-26,17:20:00,entregado,efectivo,pagado,275.55,44.09,319.64,18.0,4.0,Frecuente,False
1824,1736,150,Sergio García,sergio.garcía150@correo.com,2026-07-03,Presencial (mostrador),Café frío,Cold brew,1,37.2,37.2,para llevar,False,,,,,,2026-07-26,17:20:00,entregado,efectivo,pagado,275.55,44.09,319.64,18.0,4.0,Frecuente,False
1825,1737,42,Renata Ortiz,renata.ortiz42@correo.com,2025-08-08,Presencial (mostrador),Alimentos,Panini de jamón y queso,3,53.61,160.83,en el lugar,False,19.0,Zona de estudio,pareja,,,2025-12-22,18:40:00,entregado,transferencia,pagado,221.62,35.46,257.08,9.0,2.0,Frecuente,False
1826,1737,42,Renata Ortiz,renata.ortiz42@correo.com,2025-08-08,Presencial (mostrador),Alimentos,Ensalada César,1,60.79,60.79,en el lugar,False,19.0,Zona de estudio,pareja,,,2025-12-22,18:40:00,entregado,transferencia,pagado,221.62,35.46,257.08,9.0,2.0,Frecuente,False
1827,1738,198,Adrián Reyes,adrián.reyes198@correo.com,2025-06-05,Presencial (mostrador),Bebidas calientes,Té chai,1,36.2,36.2,en el lugar,False,19.0,Terraza,grupal,,,2025-09-13,13:20:00,entregado,efectivo,pagado,179.12,28.66,207.78,16.0,3.0,Frecuente,False
1828,1738,198,Adrián Reyes,adrián.reyes198@correo.com,2025-06-05,Presencial (mostrador),Alimentos,Bagel con queso crema,3,47.64,142.92,en el lugar,False,19.0,Terraza,grupal,,,2025-09-13,13:20:00,entregado,efectivo,pagado,179.12,28.66,207.78,16.0,3.0,Frecuente,False
1829,1739,15,Renata Martínez,renata.martínez15@correo.com,2025-06-25,Presencial (mesero),Café caliente,Latte,1,41.24,41.24,en el lugar,True,18.0,Terraza,pareja,2025-10-26,completada,2025-10-26,07:40:00,entregado,efectivo,pagado,218.51,34.96,253.47,41.0,4.0,VIP,False
1830,1739,15,Renata Martínez,renata.martínez15@correo.com,2025-06-25,Presencial (mesero),Café frío,Cold brew,3,59.09,177.27,en el lugar,True,18.0,Terraza,pareja,2025-10-26,completada,2025-10-26,07:40:00,entregado,efectivo,pagado,218.51,34.96,253.47,41.0,4.0,VIP,False
1831,1740,226,Gabriela Díaz,gabriela.díaz226@correo.com,2025-04-03,Presencial (mostrador),Café caliente,Espresso,3,49.06,147.18,en el lugar,False,11.0,Barra,individual,,,2025-06-17,16:35:00,entregado,tarjeta,pagado,147.18,23.55,170.73,9.0,4.0,Frecuente,False
1832,1741,35,Gabriela Pérez,gabriela.pérez35@correo.com,2025-09-29,Presencial (mesero),Café caliente,Mocaccino,1,48.21,48.21,en el lugar,False,3.0,Salón principal,pareja,,,2025-11-10,12:10:00,cancelado,efectivo,reembolsado,266.16,42.59,308.75,,,Nuevo,False
1833,1741,35,Gabriela Pérez,gabriela.pérez35@correo.com,2025-09-29,Presencial (mesero),Bebidas frías,Té helado,3,34.38,103.14,en el lugar,False,3.0,Salón principal,pareja,,,2025-11-10,12:10:00,cancelado,efectivo,reembolsado,266.16,42.59,308.75,,,Nuevo,False
1834,1741,35,Gabriela Pérez,gabriela.pérez35@correo.com,2025-09-29,Presencial (mesero),Repostería,Muffin de arándano,3,38.27,114.81,en el lugar,False,3.0,Salón principal,pareja,,,2025-11-10,12:10:00,cancelado,efectivo,reembolsado,266.16,42.59,308.75,,,Nuevo,False
1835,1742,43,Marco Ramírez,marco.ramírez43@correo.com,2026-04-30,Página web,Repostería,Pay de queso,1,43.28,43.28,para llevar,False,,,,,,2026-06-06,19:20:00,listo,pago en línea,pagado,311.52,49.84,361.36,9.0,,VIP,True
1836,1742,43,Marco Ramírez,marco.ramírez43@correo.com,2026-04-30,Página web,Café caliente,Americano,3,32.74,98.22,para llevar,False,,,,,,2026-06-06,19:20:00,listo,pago en línea,pagado,311.52,49.84,361.36,9.0,,VIP,True
1837,1742,43,Marco Ramírez,marco.ramírez43@correo.com,2026-04-30,Página web,Repostería,Brownie,2,46.76,93.52,para llevar,False,,,,,,2026-06-06,19:20:00,listo,pago en línea,pagado,311.52,49.84,361.36,9.0,,VIP,True
1838,1742,43,Marco Ramírez,marco.ramírez43@correo.com,2026-04-30,Página web,Café caliente,Capuchino,2,38.25,76.5,para llevar,False,,,,,,2026-06-06,19:20:00,listo,pago en línea,pagado,311.52,49.84,361.36,9.0,,VIP,True
1839,1743,12,Diego Flores,diego.flores12@correo.com,2025-03-23,Presencial (mostrador),Café caliente,Capuchino,1,47.55,47.55,para llevar,False,,,,,,2025-05-07,16:00:00,entregado,tarjeta,pagado,278.42,44.55,322.97,28.0,5.0,Frecuente,False
1840,1743,12,Diego Flores,diego.flores12@correo.com,2025-03-23,Presencial (mostrador),Repostería,Brownie,2,30.25,60.5,para llevar,False,,,,,,2025-05-07,16:00:00,entregado,tarjeta,pagado,278.42,44.55,322.97,28.0,5.0,Frecuente,False
1841,1743,12,Diego Flores,diego.flores12@correo.com,2025-03-23,Presencial (mostrador),Alimentos,Sandwich club,3,56.79,170.37,para llevar,False,,,,,,2025-05-07,16:00:00,entregado,tarjeta,pagado,278.42,44.55,322.97,28.0,5.0,Frecuente,False
1842,1744,181,Sofía Jiménez,sofía.jiménez181@correo.com,2025-01-02,Página web,Alimentos,Bagel con queso crema,3,57.02,171.06,en el lugar,False,13.0,Terraza,grupal,,,2026-01-15,17:00:00,listo,pago en línea,pagado,171.06,27.37,198.43,43.0,,Frecuente,True
1843,1745,204,Regina Castillo,regina.castillo204@correo.com,2025-02-06,Presencial (mostrador),Café frío,Frappé de café,2,36.82,73.64,para llevar,False,,,,,,2026-05-23,16:25:00,entregado,transferencia,pagado,227.72,36.44,264.16,43.0,5.0,Frecuente,False
1844,1745,204,Regina Castillo,regina.castillo204@correo.com,2025-02-06,Presencial (mostrador),Café caliente,Espresso,3,51.36,154.08,para llevar,False,,,,,,2026-05-23,16:25:00,entregado,transferencia,pagado,227.72,36.44,264.16,43.0,5.0,Frecuente,False
1845,1746,20,Lucía López,lucía.lópez20@correo.com,2025-09-29,Página web,Alimentos,Bagel con queso crema,1,71.42,71.42,en el lugar,False,6.0,Barra,pareja,,,2026-06-26,18:00:00,en preparación,pago en línea,pagado,177.11,28.34,205.45,,,Frecuente,True
1846,1746,20,Lucía López,lucía.lópez20@correo.com,2025-09-29,Página web,Café caliente,Latte,3,35.23,105.69,en el lugar,False,6.0,Barra,pareja,,,2026-06-26,18:00:00,en preparación,pago en línea,pagado,177.11,28.34,205.45,,,Frecuente,True
1847,1747,250,Diego Romero,diego.romero250@correo.com,2025-02-14,Presencial (mostrador),Alimentos,Bagel con queso crema,2,63.41,126.82,en el lugar,False,17.0,Zona de estudio,pareja,,,2025-04-22,09:55:00,entregado,efectivo,pagado,185.38,29.66,215.04,10.0,5.0,VIP,False
1848,1747,250,Diego Romero,diego.romero250@correo.com,2025-02-14,Presencial (mostrador),Bebidas calientes,Infusión de manzanilla,2,29.28,58.56,en el lugar,False,17.0,Zona de estudio,pareja,,,2025-04-22,09:55:00,entregado,efectivo,pagado,185.38,29.66,215.04,10.0,5.0,VIP,False
1849,1748,247,Alejandro De la Cruz,alejandro.delacruz247@correo.com,2025-05-10,Presencial (mesero),Repostería,Brownie,2,48.91,97.82,en el lugar,True,12.0,Zona de estudio,individual,2026-07-03,completada,2026-07-04,13:20:00,entregado,transferencia,pagado,291.7,46.67,338.37,25.0,5.0,Frecuente,False
1850,1748,247,Alejandro De la Cruz,alejandro.delacruz247@correo.com,2025-05-10,Presencial (mesero),Repostería,Croissant,2,58.57,117.14,en el lugar,True,12.0,Zona de estudio,individual,2026-07-03,completada,2026-07-04,13:20:00,entregado,transferencia,pagado,291.7,46.67,338.37,25.0,5.0,Frecuente,False
1851,1748,247,Alejandro De la Cruz,alejandro.delacruz247@correo.com,2025-05-10,Presencial (mesero),Bebidas calientes,Té chai,2,38.37,76.74,en el lugar,True,12.0,Zona de estudio,individual,2026-07-03,completada,2026-07-04,13:20:00,entregado,transferencia,pagado,291.7,46.67,338.37,25.0,5.0,Frecuente,False
1852,1749,166,Raúl Cruz,raúl.cruz166@correo.com,2026-04-27,Página web,Repostería,Muffin de arándano,3,50.39,151.17,en el lugar,False,1.0,Salón principal,grupal,,,2026-08-15,11:40:00,entregado,pago en línea,pagado,204.47,32.72,237.19,29.0,4.0,VIP,True
1853,1749,166,Raúl Cruz,raúl.cruz166@correo.com,2026-04-27,Página web,Café frío,Frappuccino de caramelo,1,53.3,53.3,en el lugar,False,1.0,Salón principal,grupal,,,2026-08-15,11:40:00,entregado,pago en línea,pagado,204.47,32.72,237.19,29.0,4.0,VIP,True
1854,1750,106,Fernanda Cruz,fernanda.cruz106@correo.com,2025-05-17,Presencial (mesero),Bebidas calientes,Té chai,2,32.89,65.78,en el lugar,True,7.0,Salón principal,individual,2025-06-03,completada,2025-06-05,11:50:00,entregado,transferencia,pagado,337.74,54.04,391.78,15.0,4.0,Frecuente,False
1855,1750,106,Fernanda Cruz,fernanda.cruz106@correo.com,2025-05-17,Presencial (mesero),Café frío,Cold brew,3,59.18,177.54,en el lugar,True,7.0,Salón principal,individual,2025-06-03,completada,2025-06-05,11:50:00,entregado,transferencia,pagado,337.74,54.04,391.78,15.0,4.0,Frecuente,False
1856,1750,106,Fernanda Cruz,fernanda.cruz106@correo.com,2025-05-17,Presencial (mesero),Café caliente,Espresso,2,47.21,94.42,en el lugar,True,7.0,Salón principal,individual,2025-06-03,completada,2025-06-05,11:50:00,entregado,transferencia,pagado,337.74,54.04,391.78,15.0,4.0,Frecuente,False
1857,1751,131,Fernanda Pérez,fernanda.pérez131@correo.com,2025-11-15,Página web,Alimentos,Ensalada César,3,94.97,284.91,para llevar,False,,,,,,2025-12-09,16:15:00,entregado,pago en línea,pagado,335.99,53.76,389.75,40.0,2.0,Frecuente,True
1858,1751,131,Fernanda Pérez,fernanda.pérez131@correo.com,2025-11-15,Página web,Café caliente,Latte,1,51.08,51.08,para llevar,False,,,,,,2025-12-09,16:15:00,entregado,pago en línea,pagado,335.99,53.76,389.75,40.0,2.0,Frecuente,True
1859,1752,4,Diego Jiménez,diego.jiménez4@correo.com,2025-01-28,Presencial (mesero),Café frío,Cold brew,1,59.61,59.61,para llevar,False,,,,,,2026-06-20,19:25:00,cancelado,tarjeta,pendiente,59.61,9.54,69.15,,,VIP,False
1860,1753,63,María Martínez,maría.martínez63@correo.com,2026-07-05,Presencial (mostrador),Café frío,Frappuccino de caramelo,3,45.02,135.06,para llevar,False,,,,,,2026-08-11,08:25:00,entregado,transferencia,pagado,135.06,21.61,156.67,24.0,4.0,Frecuente,False
1861,1754,127,Diego Martínez,diego.martínez127@correo.com,2025-02-11,Página web,Bebidas frías,Té helado,2,36.17,72.34,en el lugar,True,1.0,Salón principal,pareja,2025-11-26,completada,2025-11-28,20:45:00,entregado,efectivo,pagado,198.6,31.78,230.38,9.0,5.0,Frecuente,True
1862,1754,127,Diego Martínez,diego.martínez127@correo.com,2025-02-11,Página web,Bebidas frías,Jugo de naranja,3,25.74,77.22,en el lugar,True,1.0,Salón principal,pareja,2025-11-26,completada,2025-11-28,20:45:00,entregado,efectivo,pagado,198.6,31.78,230.38,9.0,5.0,Frecuente,True
1863,1754,127,Diego Martínez,diego.martínez127@correo.com,2025-02-11,Página web,Bebidas frías,Agua mineral,2,24.52,49.04,en el lugar,True,1.0,Salón principal,pareja,2025-11-26,completada,2025-11-28,20:45:00,entregado,efectivo,pagado,198.6,31.78,230.38,9.0,5.0,Frecuente,True
1864,1755,61,Sergio Ramírez,sergio.ramírez61@correo.com,2025-09-29,Página web,Repostería,Concha,3,49.34,148.02,en el lugar,True,7.0,Salón principal,individual,2026-07-25,completada,2026-07-26,09:30:00,entregado,pago en línea,pagado,148.02,23.68,171.7,41.0,5.0,Frecuente,True
1865,1756,43,Marco Ramírez,marco.ramírez43@correo.com,2026-04-30,Página web,Alimentos,Panini de jamón y queso,1,66.43,66.43,para llevar,False,,,,,,2026-07-07,13:55:00,entregado,pago en línea,pagado,101.82,16.29,118.11,35.0,4.0,VIP,True
1866,1756,43,Marco Ramírez,marco.ramírez43@correo.com,2026-04-30,Página web,Bebidas calientes,Té chai,1,35.39,35.39,para llevar,False,,,,,,2026-07-07,13:55:00,entregado,pago en línea,pagado,101.82,16.29,118.11,35.0,4.0,VIP,True
1867,1757,228,Alejandro Vázquez,alejandro.vázquez228@correo.com,2026-01-26,Presencial (mesero),Café caliente,Latte,2,32.16,64.32,en el lugar,False,2.0,Salón principal,pareja,,,2026-08-13,20:00:00,entregado,transferencia,pagado,64.32,10.29,74.61,21.0,5.0,Frecuente,False
1868,1758,170,Ricardo Flores,ricardo.flores170@correo.com,2026-08-06,Página web,Alimentos,Sandwich club,3,69.27,207.81,para llevar,False,,,,,,2026-08-07,09:15:00,entregado,pago en línea,pagado,290.96,46.55,337.51,41.0,4.0,VIP,True
1869,1758,170,Ricardo Flores,ricardo.flores170@correo.com,2026-08-06,Página web,Alimentos,Panini de jamón y queso,1,83.15,83.15,para llevar,False,,,,,,2026-08-07,09:15:00,entregado,pago en línea,pagado,290.96,46.55,337.51,41.0,4.0,VIP,True
1870,1759,52,José Reyes,josé.reyes52@correo.com,2025-09-29,Presencial (mesero),Bebidas frías,Refresco de cola,2,35.6,71.2,para llevar,False,,,,,,2026-02-11,11:55:00,entregado,transferencia,pagado,71.2,11.39,82.59,38.0,5.0,VIP,False
1871,1760,27,Andrea García,andrea.garcía27@correo.com,2025-10-28,Página web,Café caliente,Espresso,2,46.01,92.02,para llevar,False,,,,,,2026-08-05,18:40:00,entregado,pago en línea,pagado,92.02,14.72,106.74,9.0,4.0,Frecuente,True
1872,1761,230,Diego Martínez,diego.martínez230@correo.com,2026-04-21,Página web,Repostería,Brownie,3,53.26,159.78,en el lugar,False,3.0,Zona de estudio,pareja,,,2026-07-07,20:00:00,entregado,transferencia,pagado,646.77,103.48,750.25,37.0,4.0,Recurrente,True
1873,1761,230,Diego Martínez,diego.martínez230@correo.com,2026-04-21,Página web,Alimentos,Panini de jamón y queso,3,83.33,249.99,en el lugar,False,3.0,Zona de estudio,pareja,,,2026-07-07,20:00:00,entregado,transferencia,pagado,646.77,103.48,750.25,37.0,4.0,Recurrente,True
1874,1761,230,Diego Martínez,diego.martínez230@correo.com,2026-04-21,Página web,Bebidas frías,Refresco de cola,3,37.39,112.17,en el lugar,False,3.0,Zona de estudio,pareja,,,2026-07-07,20:00:00,entregado,transferencia,pagado,646.77,103.48,750.25,37.0,4.0,Recurrente,True
1875,1761,230,Diego Martínez,diego.martínez230@correo.com,2026-04-21,Página web,Bebidas calientes,Té verde,3,41.61,124.83,en el lugar,False,3.0,Zona de estudio,pareja,,,2026-07-07,20:00:00,entregado,transferencia,pagado,646.77,103.48,750.25,37.0,4.0,Recurrente,True
1876,1762,215,María Ramírez,maría.ramírez215@correo.com,2026-01-26,Página web,Bebidas frías,Agua mineral,1,31.39,31.39,en el lugar,False,19.0,Salón principal,individual,,,2026-02-17,15:20:00,entregado,pago en línea,pagado,31.39,5.02,36.41,20.0,2.0,VIP,True
1877,1763,136,Andrea Hernández,andrea.hernández136@correo.com,2026-03-07,Página web,Bebidas frías,Té helado,3,39.8,119.4,para llevar,False,,,,,,2026-04-03,09:15:00,cancelado,pago en línea,pendiente,401.33,64.21,465.54,,,VIP,True
1878,1763,136,Andrea Hernández,andrea.hernández136@correo.com,2026-03-07,Página web,Alimentos,Bagel con queso crema,1,64.9,64.9,para llevar,False,,,,,,2026-04-03,09:15:00,cancelado,pago en línea,pendiente,401.33,64.21,465.54,,,VIP,True
1879,1763,136,Andrea Hernández,andrea.hernández136@correo.com,2026-03-07,Página web,Café caliente,Latte,2,48.62,97.24,para llevar,False,,,,,,2026-04-03,09:15:00,cancelado,pago en línea,pendiente,401.33,64.21,465.54,,,VIP,True
1880,1763,136,Andrea Hernández,andrea.hernández136@correo.com,2026-03-07,Página web,Café caliente,Mocaccino,3,39.93,119.79,para llevar,False,,,,,,2026-04-03,09:15:00,cancelado,pago en línea,pendiente,401.33,64.21,465.54,,,VIP,True
1881,1764,219,Alejandro López,alejandro.lópez219@correo.com,2025-04-10,Página web,Bebidas calientes,Chocolate caliente,2,42.97,85.94,para llevar,False,,,,,,2026-08-05,18:15:00,entregado,pago en línea,pagado,192.53,30.8,223.33,15.0,2.0,Recurrente,True
1882,1764,219,Alejandro López,alejandro.lópez219@correo.com,2025-04-10,Página web,Bebidas frías,Limonada,1,33.15,33.15,para llevar,False,,,,,,2026-08-05,18:15:00,entregado,pago en línea,pagado,192.53,30.8,223.33,15.0,2.0,Recurrente,True
1883,1764,219,Alejandro López,alejandro.lópez219@correo.com,2025-04-10,Página web,Bebidas frías,Té helado,2,36.72,73.44,para llevar,False,,,,,,2026-08-05,18:15:00,entregado,pago en línea,pagado,192.53,30.8,223.33,15.0,2.0,Recurrente,True
1884,1765,232,Camila Ortiz,camila.ortiz232@correo.com,2025-04-29,Presencial (mostrador),Bebidas frías,Agua mineral,1,30.89,30.89,para llevar,False,,,,,,2025-07-10,18:45:00,entregado,efectivo,pagado,320.1,51.22,371.32,35.0,4.0,Frecuente,False
1885,1765,232,Camila Ortiz,camila.ortiz232@correo.com,2025-04-29,Presencial (mostrador),Café frío,Frappuccino de caramelo,1,54.83,54.83,para llevar,False,,,,,,2025-07-10,18:45:00,entregado,efectivo,pagado,320.1,51.22,371.32,35.0,4.0,Frecuente,False
1886,1765,232,Camila Ortiz,camila.ortiz232@correo.com,2025-04-29,Presencial (mostrador),Café caliente,Café de olla,1,38.33,38.33,para llevar,False,,,,,,2025-07-10,18:45:00,entregado,efectivo,pagado,320.1,51.22,371.32,35.0,4.0,Frecuente,False
1887,1765,232,Camila Ortiz,camila.ortiz232@correo.com,2025-04-29,Presencial (mostrador),Alimentos,Ensalada César,3,65.35,196.05,para llevar,False,,,,,,2025-07-10,18:45:00,entregado,efectivo,pagado,320.1,51.22,371.32,35.0,4.0,Frecuente,False
1888,1766,131,Fernanda Pérez,fernanda.pérez131@correo.com,2025-11-15,Presencial (mesero),Alimentos,Bagel con queso crema,1,57.03,57.03,en el lugar,False,11.0,Zona de estudio,individual,,,2026-01-04,17:50:00,entregado,efectivo,pagado,176.55,28.25,204.8,40.0,5.0,Frecuente,False
1889,1766,131,Fernanda Pérez,fernanda.pérez131@correo.com,2025-11-15,Presencial (mesero),Repostería,Brownie,2,34.52,69.04,en el lugar,False,11.0,Zona de estudio,individual,,,2026-01-04,17:50:00,entregado,efectivo,pagado,176.55,28.25,204.8,40.0,5.0,Frecuente,False
1890,1766,131,Fernanda Pérez,fernanda.pérez131@correo.com,2025-11-15,Presencial (mesero),Café caliente,Espresso,1,50.48,50.48,en el lugar,False,11.0,Zona de estudio,individual,,,2026-01-04,17:50:00,entregado,efectivo,pagado,176.55,28.25,204.8,40.0,5.0,Frecuente,False
1891,1767,90,Karla Hernández,karla.hernández90@correo.com,2026-06-17,Presencial (mesero),Café caliente,Espresso,1,46.04,46.04,para llevar,False,,,,,,2026-08-11,16:30:00,cancelado,efectivo,reembolsado,82.51,13.2,95.71,,,Frecuente,False
1892,1767,90,Karla Hernández,karla.hernández90@correo.com,2026-06-17,Presencial (mesero),Bebidas frías,Agua mineral,1,36.47,36.47,para llevar,False,,,,,,2026-08-11,16:30:00,cancelado,efectivo,reembolsado,82.51,13.2,95.71,,,Frecuente,False
1893,1768,182,Raúl De la Cruz,raúl.delacruz182@correo.com,2025-07-12,Página web,Bebidas frías,Refresco de cola,2,32.84,65.68,en el lugar,True,20.0,Terraza,grupal,2025-08-12,completada,2025-08-14,13:40:00,entregado,pago en línea,pagado,91.69,14.67,106.36,25.0,4.0,Frecuente,True
1894,1768,182,Raúl De la Cruz,raúl.delacruz182@correo.com,2025-07-12,Página web,Bebidas calientes,Chocolate caliente,1,26.01,26.01,en el lugar,True,20.0,Terraza,grupal,2025-08-12,completada,2025-08-14,13:40:00,entregado,pago en línea,pagado,91.69,14.67,106.36,25.0,4.0,Frecuente,True
1895,1769,9,Yuleni Cruz,yuleni.cruz9@correo.com,2026-07-04,Página web,Café frío,Frappuccino de caramelo,3,57.89,173.67,para llevar,False,,,,,,2026-07-05,14:35:00,entregado,pago en línea,pagado,590.13,94.42,684.55,18.0,2.0,Frecuente,True
1896,1769,9,Yuleni Cruz,yuleni.cruz9@correo.com,2026-07-04,Página web,Alimentos,Bagel con queso crema,3,74.82,224.46,para llevar,False,,,,,,2026-07-05,14:35:00,entregado,pago en línea,pagado,590.13,94.42,684.55,18.0,2.0,Frecuente,True
1897,1769,9,Yuleni Cruz,yuleni.cruz9@correo.com,2026-07-04,Página web,Repostería,Concha,2,44.44,88.88,para llevar,False,,,,,,2026-07-05,14:35:00,entregado,pago en línea,pagado,590.13,94.42,684.55,18.0,2.0,Frecuente,True
1898,1769,9,Yuleni Cruz,yuleni.cruz9@correo.com,2026-07-04,Página web,Café caliente,Mocaccino,2,51.56,103.12,para llevar,False,,,,,,2026-07-05,14:35:00,entregado,pago en línea,pagado,590.13,94.42,684.55,18.0,2.0,Frecuente,True
1899,1770,158,Sofía Ortiz,sofía.ortiz158@correo.com,2025-03-17,Presencial (mostrador),Café caliente,Americano,1,53.76,53.76,en el lugar,False,9.0,Terraza,individual,,,2025-05-24,19:20:00,entregado,tarjeta,pagado,103.78,16.6,120.38,33.0,5.0,Frecuente,False
1900,1770,158,Sofía Ortiz,sofía.ortiz158@correo.com,2025-03-17,Presencial (mostrador),Repostería,Muffin de arándano,1,50.02,50.02,en el lugar,False,9.0,Terraza,individual,,,2025-05-24,19:20:00,entregado,tarjeta,pagado,103.78,16.6,120.38,33.0,5.0,Frecuente,False
1901,1771,39,Michelle Vázquez,michelle.vázquez39@correo.com,2026-07-22,Presencial (mesero),Café caliente,Café de olla,2,32.41,64.82,para llevar,False,,,,,,2026-07-25,14:40:00,entregado,efectivo,pagado,64.82,10.37,75.19,35.0,5.0,Frecuente,False
1902,1772,141,Regina Gómez,regina.gómez141@correo.com,2025-07-06,Presencial (mesero),Alimentos,Sandwich club,3,54.52,163.56,para llevar,False,,,,,,2025-11-04,20:40:00,entregado,transferencia,pagado,331.55,53.05,384.6,45.0,2.0,Frecuente,False
1903,1772,141,Regina Gómez,regina.gómez141@correo.com,2025-07-06,Presencial (mesero),Alimentos,Sandwich club,1,89.57,89.57,para llevar,False,,,,,,2025-11-04,20:40:00,entregado,transferencia,pagado,331.55,53.05,384.6,45.0,2.0,Frecuente,False
1904,1772,141,Regina Gómez,regina.gómez141@correo.com,2025-07-06,Presencial (mesero),Bebidas frías,Agua mineral,3,26.14,78.42,para llevar,False,,,,,,2025-11-04,20:40:00,entregado,transferencia,pagado,331.55,53.05,384.6,45.0,2.0,Frecuente,False
1905,1773,187,Luis Ramírez,luis.ramírez187@correo.com,2025-04-27,Presencial (mesero),Repostería,Muffin de arándano,2,59.82,119.64,para llevar,False,,,,,,2025-10-09,07:10:00,entregado,efectivo,pagado,436.62,69.86,506.48,19.0,4.0,Frecuente,False
1906,1773,187,Luis Ramírez,luis.ramírez187@correo.com,2025-04-27,Presencial (mesero),Café frío,Frappuccino de caramelo,3,41.15,123.45,para llevar,False,,,,,,2025-10-09,07:10:00,entregado,efectivo,pagado,436.62,69.86,506.48,19.0,4.0,Frecuente,False
1907,1773,187,Luis Ramírez,luis.ramírez187@correo.com,2025-04-27,Presencial (mesero),Repostería,Concha,2,38.94,77.88,para llevar,False,,,,,,2025-10-09,07:10:00,entregado,efectivo,pagado,436.62,69.86,506.48,19.0,4.0,Frecuente,False
1908,1773,187,Luis Ramírez,luis.ramírez187@correo.com,2025-04-27,Presencial (mesero),Bebidas frías,Té helado,3,38.55,115.65,para llevar,False,,,,,,2025-10-09,07:10:00,entregado,efectivo,pagado,436.62,69.86,506.48,19.0,4.0,Frecuente,False
1909,1774,178,María Pérez,maría.pérez178@correo.com,2025-12-04,Presencial (mostrador),Café frío,Café helado,3,57.04,171.12,en el lugar,False,19.0,Salón principal,individual,,,2026-01-11,07:10:00,entregado,tarjeta,pagado,606.62,97.06,703.68,34.0,1.0,Frecuente,False
1910,1774,178,María Pérez,maría.pérez178@correo.com,2025-12-04,Presencial (mostrador),Alimentos,Panini de jamón y queso,1,56.69,56.69,en el lugar,False,19.0,Salón principal,individual,,,2026-01-11,07:10:00,entregado,tarjeta,pagado,606.62,97.06,703.68,34.0,1.0,Frecuente,False
1911,1774,178,María Pérez,maría.pérez178@correo.com,2025-12-04,Presencial (mostrador),Alimentos,Bagel con queso crema,3,88.74,266.22,en el lugar,False,19.0,Salón principal,individual,,,2026-01-11,07:10:00,entregado,tarjeta,pagado,606.62,97.06,703.68,34.0,1.0,Frecuente,False
1912,1774,178,María Pérez,maría.pérez178@correo.com,2025-12-04,Presencial (mostrador),Bebidas frías,Limonada,3,37.53,112.59,en el lugar,False,19.0,Salón principal,individual,,,2026-01-11,07:10:00,entregado,tarjeta,pagado,606.62,97.06,703.68,34.0,1.0,Frecuente,False
1913,1775,218,Diego Romero,diego.romero218@correo.com,2025-12-27,Presencial (mostrador),Alimentos,Sandwich club,1,67.68,67.68,para llevar,False,,,,,,2026-01-03,12:15:00,listo,tarjeta,pagado,298.2,47.71,345.91,42.0,,Frecuente,False
1914,1775,218,Diego Romero,diego.romero218@correo.com,2025-12-27,Presencial (mostrador),Bebidas calientes,Té chai,2,33.05,66.1,para llevar,False,,,,,,2026-01-03,12:15:00,listo,tarjeta,pagado,298.2,47.71,345.91,42.0,,Frecuente,False
1915,1775,218,Diego Romero,diego.romero218@correo.com,2025-12-27,Presencial (mostrador),Alimentos,Bagel con queso crema,1,90.02,90.02,para llevar,False,,,,,,2026-01-03,12:15:00,listo,tarjeta,pagado,298.2,47.71,345.91,42.0,,Frecuente,False
1916,1775,218,Diego Romero,diego.romero218@correo.com,2025-12-27,Presencial (mostrador),Bebidas frías,Limonada,2,37.2,74.4,para llevar,False,,,,,,2026-01-03,12:15:00,listo,tarjeta,pagado,298.2,47.71,345.91,42.0,,Frecuente,False
1917,1776,190,Gabriela López,gabriela.lópez190@correo.com,2026-01-28,Presencial (mesero),Café caliente,Latte,2,46.33,92.66,para llevar,False,,,,,,2026-03-05,08:50:00,entregado,tarjeta,pagado,168.56,26.97,195.53,14.0,1.0,Frecuente,False
1918,1776,190,Gabriela López,gabriela.lópez190@correo.com,2026-01-28,Presencial (mesero),Bebidas calientes,Té verde,3,25.3,75.9,para llevar,False,,,,,,2026-03-05,08:50:00,entregado,tarjeta,pagado,168.56,26.97,195.53,14.0,1.0,Frecuente,False
1919,1777,215,María Ramírez,maría.ramírez215@correo.com,2026-01-26,Página web,Bebidas frías,Té helado,1,31.15,31.15,en el lugar,False,6.0,Terraza,grupal,,,2026-07-20,11:30:00,entregado,pago en línea,pagado,156.59,25.05,181.64,22.0,2.0,VIP,True
1920,1777,215,María Ramírez,maría.ramírez215@correo.com,2026-01-26,Página web,Bebidas frías,Agua mineral,1,24.7,24.7,en el lugar,False,6.0,Terraza,grupal,,,2026-07-20,11:30:00,entregado,pago en línea,pagado,156.59,25.05,181.64,22.0,2.0,VIP,True
1921,1777,215,María Ramírez,maría.ramírez215@correo.com,2026-01-26,Página web,Bebidas frías,Jugo de naranja,2,30.84,61.68,en el lugar,False,6.0,Terraza,grupal,,,2026-07-20,11:30:00,entregado,pago en línea,pagado,156.59,25.05,181.64,22.0,2.0,VIP,True
1922,1777,215,María Ramírez,maría.ramírez215@correo.com,2026-01-26,Página web,Bebidas frías,Té helado,1,39.06,39.06,en el lugar,False,6.0,Terraza,grupal,,,2026-07-20,11:30:00,entregado,pago en línea,pagado,156.59,25.05,181.64,22.0,2.0,VIP,True
1923,1778,98,Ricardo Martínez,ricardo.martínez98@correo.com,2025-10-18,Página web,Bebidas calientes,Té chai,2,30.67,61.34,en el lugar,False,10.0,Salón principal,pareja,,,2026-07-22,13:55:00,en preparación,pago en línea,pagado,61.34,9.81,71.15,,,VIP,True
1924,1779,6,José Pérez,josé.pérez6@correo.com,2026-03-09,Página web,Alimentos,Panini de jamón y queso,3,68.88,206.64,en el lugar,False,15.0,Terraza,pareja,,,2026-08-16,15:40:00,en preparación,pago en línea,pagado,378.62,60.58,439.2,,,VIP,True
1925,1779,6,José Pérez,josé.pérez6@correo.com,2026-03-09,Página web,Bebidas frías,Limonada,3,20.52,61.56,en el lugar,False,15.0,Terraza,pareja,,,2026-08-16,15:40:00,en preparación,pago en línea,pagado,378.62,60.58,439.2,,,VIP,True
1926,1779,6,José Pérez,josé.pérez6@correo.com,2026-03-09,Página web,Bebidas frías,Refresco de cola,2,25.5,51.0,en el lugar,False,15.0,Terraza,pareja,,,2026-08-16,15:40:00,en preparación,pago en línea,pagado,378.62,60.58,439.2,,,VIP,True
1927,1779,6,José Pérez,josé.pérez6@correo.com,2026-03-09,Página web,Café caliente,Café de olla,2,29.71,59.42,en el lugar,False,15.0,Terraza,pareja,,,2026-08-16,15:40:00,en preparación,pago en línea,pagado,378.62,60.58,439.2,,,VIP,True
1928,1780,119,Karla Ortiz,karla.ortiz119@correo.com,2025-01-30,Página web,Repostería,Brownie,3,45.19,135.57,en el lugar,False,14.0,Barra,grupal,,,2026-07-28,14:30:00,listo,pago en línea,pagado,304.63,48.74,353.37,41.0,,Recurrente,True
1929,1780,119,Karla Ortiz,karla.ortiz119@correo.com,2025-01-30,Página web,Alimentos,Sandwich club,2,84.53,169.06,en el lugar,False,14.0,Barra,grupal,,,2026-07-28,14:30:00,listo,pago en línea,pagado,304.63,48.74,353.37,41.0,,Recurrente,True
1930,1781,184,Renata Castillo,renata.castillo184@correo.com,2025-05-15,Presencial (mostrador),Bebidas calientes,Infusión de manzanilla,3,36.38,109.14,en el lugar,True,2.0,Zona de estudio,individual,2025-05-13,cancelada,2025-05-15,13:50:00,entregado,transferencia,pagado,234.2,37.47,271.67,19.0,5.0,VIP,False
1931,1781,184,Renata Castillo,renata.castillo184@correo.com,2025-05-15,Presencial (mostrador),Café caliente,Mocaccino,2,31.37,62.74,en el lugar,True,2.0,Zona de estudio,individual,2025-05-13,cancelada,2025-05-15,13:50:00,entregado,transferencia,pagado,234.2,37.47,271.67,19.0,5.0,VIP,False
1932,1781,184,Renata Castillo,renata.castillo184@correo.com,2025-05-15,Presencial (mostrador),Repostería,Brownie,2,31.16,62.32,en el lugar,True,2.0,Zona de estudio,individual,2025-05-13,cancelada,2025-05-15,13:50:00,entregado,transferencia,pagado,234.2,37.47,271.67,19.0,5.0,VIP,False
1933,1782,108,Hugo Morales,hugo.morales108@correo.com,2026-07-16,Página web,Café frío,Cold brew,3,54.02,162.06,para llevar,False,,,,,,2026-08-18,13:35:00,entregado,pago en línea,pagado,323.53,51.76,375.29,24.0,5.0,Recurrente,True
1934,1782,108,Hugo Morales,hugo.morales108@correo.com,2026-07-16,Página web,Café frío,Café helado,1,58.69,58.69,para llevar,False,,,,,,2026-08-18,13:35:00,entregado,pago en línea,pagado,323.53,51.76,375.29,24.0,5.0,Recurrente,True
1935,1782,108,Hugo Morales,hugo.morales108@correo.com,2026-07-16,Página web,Café frío,Cold brew,2,51.39,102.78,para llevar,False,,,,,,2026-08-18,13:35:00,entregado,pago en línea,pagado,323.53,51.76,375.29,24.0,5.0,Recurrente,True
1936,1783,30,Ricardo Castillo,ricardo.castillo30@correo.com,2026-06-28,Presencial (mesero),Café frío,Café helado,3,46.67,140.01,para llevar,False,,,,,,2026-07-03,17:50:00,listo,transferencia,pagado,284.41,45.51,329.92,40.0,,Frecuente,False
1937,1783,30,Ricardo Castillo,ricardo.castillo30@correo.com,2026-06-28,Presencial (mesero),Bebidas frías,Limonada,2,28.07,56.14,para llevar,False,,,,,,2026-07-03,17:50:00,listo,transferencia,pagado,284.41,45.51,329.92,40.0,,Frecuente,False
1938,1783,30,Ricardo Castillo,ricardo.castillo30@correo.com,2026-06-28,Presencial (mesero),Bebidas frías,Limonada,1,37.37,37.37,para llevar,False,,,,,,2026-07-03,17:50:00,listo,transferencia,pagado,284.41,45.51,329.92,40.0,,Frecuente,False
1939,1783,30,Ricardo Castillo,ricardo.castillo30@correo.com,2026-06-28,Presencial (mesero),Café frío,Café helado,1,50.89,50.89,para llevar,False,,,,,,2026-07-03,17:50:00,listo,transferencia,pagado,284.41,45.51,329.92,40.0,,Frecuente,False
1940,1784,165,Ximena Pérez,ximena.pérez165@correo.com,2026-07-20,Página web,Bebidas frías,Agua mineral,1,20.31,20.31,para llevar,False,,,,,,2026-07-23,15:55:00,cancelado,pago en línea,reembolsado,436.56,69.85,506.41,,,Recurrente,True
1941,1784,165,Ximena Pérez,ximena.pérez165@correo.com,2026-07-20,Página web,Repostería,Pay de queso,3,52.06,156.18,para llevar,False,,,,,,2026-07-23,15:55:00,cancelado,pago en línea,reembolsado,436.56,69.85,506.41,,,Recurrente,True
1942,1784,165,Ximena Pérez,ximena.pérez165@correo.com,2026-07-20,Página web,Repostería,Muffin de arándano,3,32.85,98.55,para llevar,False,,,,,,2026-07-23,15:55:00,cancelado,pago en línea,reembolsado,436.56,69.85,506.41,,,Recurrente,True
1943,1784,165,Ximena Pérez,ximena.pérez165@correo.com,2026-07-20,Página web,Café frío,Café helado,3,53.84,161.52,para llevar,False,,,,,,2026-07-23,15:55:00,cancelado,pago en línea,reembolsado,436.56,69.85,506.41,,,Recurrente,True
1944,1785,172,Regina Cruz,regina.cruz172@correo.com,2025-03-24,Presencial (mesero),Alimentos,Ensalada César,2,49.41,98.82,en el lugar,True,7.0,Zona de estudio,grupal,2025-06-07,completada,2025-06-08,20:05:00,entregado,tarjeta,pagado,127.58,20.41,147.99,19.0,5.0,Frecuente,False
1945,1785,172,Regina Cruz,regina.cruz172@correo.com,2025-03-24,Presencial (mesero),Repostería,Pay de queso,1,28.76,28.76,en el lugar,True,7.0,Zona de estudio,grupal,2025-06-07,completada,2025-06-08,20:05:00,entregado,tarjeta,pagado,127.58,20.41,147.99,19.0,5.0,Frecuente,False
1946,1786,30,Ricardo Castillo,ricardo.castillo30@correo.com,2026-06-28,Presencial (mostrador),Café frío,Frappuccino de caramelo,2,48.42,96.84,para llevar,False,,,,,,2026-07-21,16:15:00,listo,transferencia,pagado,96.84,15.49,112.33,10.0,,Frecuente,False
1947,1787,114,Ana Morales,ana.morales114@correo.com,2026-02-22,Presencial (mesero),Café caliente,Espresso,3,48.96,146.88,para llevar,False,,,,,,2026-02-26,16:20:00,en preparación,efectivo,pagado,341.62,54.66,396.28,,,Frecuente,False
1948,1787,114,Ana Morales,ana.morales114@correo.com,2026-02-22,Presencial (mesero),Café frío,Frappuccino de caramelo,2,46.49,92.98,para llevar,False,,,,,,2026-02-26,16:20:00,en preparación,efectivo,pagado,341.62,54.66,396.28,,,Frecuente,False
1949,1787,114,Ana Morales,ana.morales114@correo.com,2026-02-22,Presencial (mesero),Bebidas frías,Té helado,3,33.92,101.76,para llevar,False,,,,,,2026-02-26,16:20:00,en preparación,efectivo,pagado,341.62,54.66,396.28,,,Frecuente,False
1950,1788,134,Camila Romero,camila.romero134@correo.com,2025-05-04,Presencial (mesero),Alimentos,Sandwich club,2,92.78,185.56,en el lugar,True,12.0,Salón principal,individual,2025-06-01,completada,2025-06-03,16:55:00,en preparación,tarjeta,pagado,537.79,86.05,623.84,,,Frecuente,False
1951,1788,134,Camila Romero,camila.romero134@correo.com,2025-05-04,Presencial (mesero),Bebidas frías,Jugo de naranja,3,28.31,84.93,en el lugar,True,12.0,Salón principal,individual,2025-06-01,completada,2025-06-03,16:55:00,en preparación,tarjeta,pagado,537.79,86.05,623.84,,,Frecuente,False
1952,1788,134,Camila Romero,camila.romero134@correo.com,2025-05-04,Presencial (mesero),Alimentos,Panini de jamón y queso,2,58.98,117.96,en el lugar,True,12.0,Salón principal,individual,2025-06-01,completada,2025-06-03,16:55:00,en preparación,tarjeta,pagado,537.79,86.05,623.84,,,Frecuente,False
1953,1788,134,Camila Romero,camila.romero134@correo.com,2025-05-04,Presencial (mesero),Café frío,Cold brew,3,49.78,149.34,en el lugar,True,12.0,Salón principal,individual,2025-06-01,completada,2025-06-03,16:55:00,en preparación,tarjeta,pagado,537.79,86.05,623.84,,,Frecuente,False
1954,1789,11,Mariana Vázquez,mariana.vázquez11@correo.com,2025-07-16,Página web,Bebidas calientes,Infusión de manzanilla,1,44.71,44.71,en el lugar,True,12.0,Zona de estudio,grupal,2026-06-21,completada,2026-06-23,11:40:00,entregado,efectivo,pagado,44.71,7.15,51.86,8.0,5.0,Frecuente,True
1955,1790,245,Daniela García,daniela.garcía245@correo.com,2025-01-27,Presencial (mesero),Café caliente,Americano,1,31.54,31.54,para llevar,False,,,,,,2025-03-08,07:10:00,entregado,transferencia,pagado,82.99,13.28,96.27,29.0,5.0,Frecuente,False
1956,1790,245,Daniela García,daniela.garcía245@correo.com,2025-01-27,Presencial (mesero),Café caliente,Capuchino,1,51.45,51.45,para llevar,False,,,,,,2025-03-08,07:10:00,entregado,transferencia,pagado,82.99,13.28,96.27,29.0,5.0,Frecuente,False
1957,1791,75,Gabriela López,gabriela.lópez75@correo.com,2026-03-17,Página web,Alimentos,Panini de jamón y queso,3,52.2,156.6,en el lugar,False,6.0,Terraza,pareja,,,2026-07-18,07:40:00,entregado,transferencia,pagado,308.37,49.34,357.71,18.0,3.0,VIP,True
1958,1791,75,Gabriela López,gabriela.lópez75@correo.com,2026-03-17,Página web,Bebidas calientes,Chocolate caliente,1,33.46,33.46,en el lugar,False,6.0,Terraza,pareja,,,2026-07-18,07:40:00,entregado,transferencia,pagado,308.37,49.34,357.71,18.0,3.0,VIP,True
1959,1791,75,Gabriela López,gabriela.lópez75@correo.com,2026-03-17,Página web,Bebidas calientes,Infusión de manzanilla,1,39.39,39.39,en el lugar,False,6.0,Terraza,pareja,,,2026-07-18,07:40:00,entregado,transferencia,pagado,308.37,49.34,357.71,18.0,3.0,VIP,True
1960,1791,75,Gabriela López,gabriela.lópez75@correo.com,2026-03-17,Página web,Repostería,Dona glaseada,2,39.46,78.92,en el lugar,False,6.0,Terraza,pareja,,,2026-07-18,07:40:00,entregado,transferencia,pagado,308.37,49.34,357.71,18.0,3.0,VIP,True
1961,1792,92,Camila Jiménez,camila.jiménez92@correo.com,2025-11-13,Presencial (mesero),Bebidas calientes,Chocolate caliente,1,28.81,28.81,para llevar,False,,,,,,2026-05-20,11:15:00,entregado,efectivo,pagado,28.81,4.61,33.42,17.0,5.0,Frecuente,False
1962,1793,236,Raúl Torres,raúl.torres236@correo.com,2025-02-03,Presencial (mesero),Alimentos,Ensalada César,3,69.48,208.44,para llevar,False,,,,,,2025-02-10,17:20:00,listo,efectivo,pagado,253.79,40.61,294.4,38.0,,VIP,False
1963,1793,236,Raúl Torres,raúl.torres236@correo.com,2025-02-03,Presencial (mesero),Café frío,Frappuccino de caramelo,1,45.35,45.35,para llevar,False,,,,,,2025-02-10,17:20:00,listo,efectivo,pagado,253.79,40.61,294.4,38.0,,VIP,False
1964,1794,194,Óscar Castillo,óscar.castillo194@correo.com,2026-05-11,Página web,Repostería,Muffin de arándano,3,51.14,153.42,para llevar,False,,,,,,2026-07-01,15:55:00,listo,tarjeta,pagado,471.77,75.48,547.25,37.0,,Frecuente,True
1965,1794,194,Óscar Castillo,óscar.castillo194@correo.com,2026-05-11,Página web,Repostería,Brownie,1,46.97,46.97,para llevar,False,,,,,,2026-07-01,15:55:00,listo,tarjeta,pagado,471.77,75.48,547.25,37.0,,Frecuente,True
1966,1794,194,Óscar Castillo,óscar.castillo194@correo.com,2026-05-11,Página web,Alimentos,Bagel con queso crema,3,63.95,191.85,para llevar,False,,,,,,2026-07-01,15:55:00,listo,tarjeta,pagado,471.77,75.48,547.25,37.0,,Frecuente,True
1967,1794,194,Óscar Castillo,óscar.castillo194@correo.com,2026-05-11,Página web,Bebidas frías,Té helado,3,26.51,79.53,para llevar,False,,,,,,2026-07-01,15:55:00,listo,tarjeta,pagado,471.77,75.48,547.25,37.0,,Frecuente,True
1968,1795,13,María Reyes,maría.reyes13@correo.com,2025-10-12,Página web,Café caliente,Mocaccino,3,40.66,121.98,para llevar,False,,,,,,2026-04-25,17:40:00,entregado,transferencia,pagado,363.8,58.21,422.01,19.0,5.0,Frecuente,True
1969,1795,13,María Reyes,maría.reyes13@correo.com,2025-10-12,Página web,Café caliente,Latte,3,46.56,139.68,para llevar,False,,,,,,2026-04-25,17:40:00,entregado,transferencia,pagado,363.8,58.21,422.01,19.0,5.0,Frecuente,True
1970,1795,13,María Reyes,maría.reyes13@correo.com,2025-10-12,Página web,Café frío,Frappuccino de caramelo,1,58.62,58.62,para llevar,False,,,,,,2026-04-25,17:40:00,entregado,transferencia,pagado,363.8,58.21,422.01,19.0,5.0,Frecuente,True
1971,1795,13,María Reyes,maría.reyes13@correo.com,2025-10-12,Página web,Bebidas calientes,Chocolate caliente,1,43.52,43.52,para llevar,False,,,,,,2026-04-25,17:40:00,entregado,transferencia,pagado,363.8,58.21,422.01,19.0,5.0,Frecuente,True
1972,1796,71,Carlos Martínez,carlos.martínez71@correo.com,2026-03-10,Presencial (mesero),Bebidas calientes,Infusión de manzanilla,3,40.99,122.97,para llevar,False,,,,,,2026-04-18,16:45:00,entregado,efectivo,pagado,122.97,19.68,142.65,12.0,3.0,Frecuente,False
1973,1797,142,Alejandro Gómez,alejandro.gómez142@correo.com,2025-10-14,Página web,Bebidas frías,Jugo de naranja,1,24.06,24.06,para llevar,False,,,,,,2026-03-18,10:40:00,entregado,pago en línea,pagado,74.74,11.96,86.7,37.0,4.0,Frecuente,True
1974,1797,142,Alejandro Gómez,alejandro.gómez142@correo.com,2025-10-14,Página web,Bebidas frías,Agua mineral,2,25.34,50.68,para llevar,False,,,,,,2026-03-18,10:40:00,entregado,pago en línea,pagado,74.74,11.96,86.7,37.0,4.0,Frecuente,True
1975,1798,46,Andrea García,andrea.garcía46@correo.com,2025-09-12,Presencial (mostrador),Repostería,Muffin de arándano,3,45.22,135.66,para llevar,False,,,,,,2026-05-22,10:10:00,en preparación,transferencia,pagado,279.94,44.79,324.73,,,VIP,False
1976,1798,46,Andrea García,andrea.garcía46@correo.com,2025-09-12,Presencial (mostrador),Alimentos,Sandwich club,1,54.02,54.02,para llevar,False,,,,,,2026-05-22,10:10:00,en preparación,transferencia,pagado,279.94,44.79,324.73,,,VIP,False
1977,1798,46,Andrea García,andrea.garcía46@correo.com,2025-09-12,Presencial (mostrador),Alimentos,Panini de jamón y queso,2,45.13,90.26,para llevar,False,,,,,,2026-05-22,10:10:00,en preparación,transferencia,pagado,279.94,44.79,324.73,,,VIP,False
1978,1799,82,Diego Sánchez,diego.sánchez82@correo.com,2026-04-17,Página web,Café frío,Cold brew,2,38.92,77.84,en el lugar,False,17.0,Barra,grupal,,,2026-04-25,09:00:00,entregado,pago en línea,pagado,371.06,59.37,430.43,43.0,3.0,VIP,True
1979,1799,82,Diego Sánchez,diego.sánchez82@correo.com,2026-04-17,Página web,Café caliente,Mocaccino,3,48.32,144.96,en el lugar,False,17.0,Barra,grupal,,,2026-04-25,09:00:00,entregado,pago en línea,pagado,371.06,59.37,430.43,43.0,3.0,VIP,True
1980,1799,82,Diego Sánchez,diego.sánchez82@correo.com,2026-04-17,Página web,Café caliente,Americano,3,49.42,148.26,en el lugar,False,17.0,Barra,grupal,,,2026-04-25,09:00:00,entregado,pago en línea,pagado,371.06,59.37,430.43,43.0,3.0,VIP,True
1981,1800,241,Andrea Ramírez,andrea.ramírez241@correo.com,2025-05-09,Presencial (mesero),Bebidas frías,Jugo de naranja,3,30.12,90.36,para llevar,False,,,,,,2025-08-13,09:00:00,entregado,transferencia,pagado,232.65,37.22,269.87,25.0,5.0,Recurrente,False
1982,1800,241,Andrea Ramírez,andrea.ramírez241@correo.com,2025-05-09,Presencial (mesero),Bebidas frías,Refresco de cola,2,26.99,53.98,para llevar,False,,,,,,2025-08-13,09:00:00,entregado,transferencia,pagado,232.65,37.22,269.87,25.0,5.0,Recurrente,False
1983,1800,241,Andrea Ramírez,andrea.ramírez241@correo.com,2025-05-09,Presencial (mesero),Café frío,Café helado,1,55.02,55.02,para llevar,False,,,,,,2025-08-13,09:00:00,entregado,transferencia,pagado,232.65,37.22,269.87,25.0,5.0,Recurrente,False
1984,1800,241,Andrea Ramírez,andrea.ramírez241@correo.com,2025-05-09,Presencial (mesero),Repostería,Croissant,1,33.29,33.29,para llevar,False,,,,,,2025-08-13,09:00:00,entregado,transferencia,pagado,232.65,37.22,269.87,25.0,5.0,Recurrente,False
1985,1801,54,Iván Sánchez,iván.sánchez54@correo.com,2025-03-01,Presencial (mostrador),Café frío,Frappé de café,3,35.69,107.07,en el lugar,False,19.0,Zona de estudio,individual,,,2026-01-04,10:30:00,entregado,tarjeta,pagado,282.21,45.15,327.36,9.0,4.0,VIP,False
1986,1801,54,Iván Sánchez,iván.sánchez54@correo.com,2025-03-01,Presencial (mostrador),Café frío,Cold brew,3,58.38,175.14,en el lugar,False,19.0,Zona de estudio,individual,,,2026-01-04,10:30:00,entregado,tarjeta,pagado,282.21,45.15,327.36,9.0,4.0,VIP,False
1987,1802,162,Camila Vázquez,camila.vázquez162@correo.com,2026-03-16,Página web,Alimentos,Sandwich club,1,55.52,55.52,en el lugar,False,7.0,Terraza,grupal,,,2026-04-08,11:15:00,listo,transferencia,pagado,155.76,24.92,180.68,37.0,,Frecuente,True
1988,1802,162,Camila Vázquez,camila.vázquez162@correo.com,2026-03-16,Página web,Bebidas frías,Refresco de cola,1,21.86,21.86,en el lugar,False,7.0,Terraza,grupal,,,2026-04-08,11:15:00,listo,transferencia,pagado,155.76,24.92,180.68,37.0,,Frecuente,True
1989,1802,162,Camila Vázquez,camila.vázquez162@correo.com,2026-03-16,Página web,Café caliente,Americano,1,38.74,38.74,en el lugar,False,7.0,Terraza,grupal,,,2026-04-08,11:15:00,listo,transferencia,pagado,155.76,24.92,180.68,37.0,,Frecuente,True
1990,1802,162,Camila Vázquez,camila.vázquez162@correo.com,2026-03-16,Página web,Bebidas calientes,Chocolate caliente,1,39.64,39.64,en el lugar,False,7.0,Terraza,grupal,,,2026-04-08,11:15:00,listo,transferencia,pagado,155.76,24.92,180.68,37.0,,Frecuente,True
1991,1803,161,Diego Jiménez,diego.jiménez161@correo.com,2026-01-25,Página web,Café caliente,Latte,1,38.87,38.87,para llevar,False,,,,,,2026-05-09,14:50:00,listo,pago en línea,pagado,38.87,6.22,45.09,19.0,,Frecuente,True
1992,1804,200,Óscar García,óscar.garcía200@correo.com,2026-06-23,Presencial (mostrador),Café frío,Cold brew,3,62.76,188.28,para llevar,False,,,,,,2026-06-25,08:45:00,listo,transferencia,pagado,402.59,64.41,467.0,27.0,,Frecuente,False
1993,1804,200,Óscar García,óscar.garcía200@correo.com,2026-06-23,Presencial (mostrador),Bebidas calientes,Chocolate caliente,1,25.74,25.74,para llevar,False,,,,,,2026-06-25,08:45:00,listo,transferencia,pagado,402.59,64.41,467.0,27.0,,Frecuente,False
1994,1804,200,Óscar García,óscar.garcía200@correo.com,2026-06-23,Presencial (mostrador),Bebidas frías,Limonada,2,28.63,57.26,para llevar,False,,,,,,2026-06-25,08:45:00,listo,transferencia,pagado,402.59,64.41,467.0,27.0,,Frecuente,False
1995,1804,200,Óscar García,óscar.garcía200@correo.com,2026-06-23,Presencial (mostrador),Repostería,Croissant,3,43.77,131.31,para llevar,False,,,,,,2026-06-25,08:45:00,listo,transferencia,pagado,402.59,64.41,467.0,27.0,,Frecuente,False
1996,1805,105,Lucía De la Cruz,lucía.delacruz105@correo.com,2026-07-25,Página web,Bebidas frías,Agua mineral,1,39.64,39.64,en el lugar,True,3.0,Zona de estudio,individual,2026-08-15,completada,2026-08-18,15:05:00,entregado,pago en línea,pagado,39.64,6.34,45.98,32.0,4.0,Frecuente,True
1997,1806,146,Iván Ramírez,iván.ramírez146@correo.com,2026-02-19,Página web,Café frío,Café helado,3,38.85,116.55,en el lugar,False,12.0,Barra,individual,,,2026-03-23,07:45:00,listo,pago en línea,pagado,116.55,18.65,135.2,45.0,,VIP,True
1998,1807,187,Luis Ramírez,luis.ramírez187@correo.com,2025-04-27,Presencial (mesero),Café frío,Frappuccino de caramelo,1,63.06,63.06,para llevar,False,,,,,,2026-01-06,20:00:00,entregado,efectivo,pagado,176.98,28.32,205.3,12.0,5.0,Frecuente,False
1999,1807,187,Luis Ramírez,luis.ramírez187@correo.com,2025-04-27,Presencial (mesero),Bebidas frías,Agua mineral,1,30.79,30.79,para llevar,False,,,,,,2026-01-06,20:00:00,entregado,efectivo,pagado,176.98,28.32,205.3,12.0,5.0,Frecuente,False
2000,1807,187,Luis Ramírez,luis.ramírez187@correo.com,2025-04-27,Presencial (mesero),Alimentos,Ensalada César,1,83.13,83.13,para llevar,False,,,,,,2026-01-06,20:00:00,entregado,efectivo,pagado,176.98,28.32,205.3,12.0,5.0,Frecuente,False
2001,1808,146,Iván Ramírez,iván.ramírez146@correo.com,2026-02-19,Presencial (mesero),Alimentos,Sandwich club,3,66.56,199.68,en el lugar,True,12.0,Salón principal,pareja,2026-03-29,completada,2026-03-30,07:10:00,entregado,efectivo,pagado,199.68,31.95,231.63,22.0,5.0,VIP,False
2002,1809,193,Iván Flores,iván.flores193@correo.com,2026-08-17,Página web,Café caliente,Espresso,3,28.46,85.38,en el lugar,True,11.0,Zona de estudio,individual,2026-08-17,completada,2026-08-17,09:20:00,listo,pago en línea,pagado,260.82,41.73,302.55,36.0,,Frecuente,True
2003,1809,193,Iván Flores,iván.flores193@correo.com,2026-08-17,Página web,Repostería,Pay de queso,3,58.48,175.44,en el lugar,True,11.0,Zona de estudio,individual,2026-08-17,completada,2026-08-17,09:20:00,listo,pago en línea,pagado,260.82,41.73,302.55,36.0,,Frecuente,True
2004,1810,181,Sofía Jiménez,sofía.jiménez181@correo.com,2025-01-02,Presencial (mostrador),Repostería,Pay de queso,2,54.52,109.04,para llevar,False,,,,,,2026-01-14,13:20:00,entregado,tarjeta,pagado,309.0,49.44,358.44,10.0,5.0,Frecuente,False
2005,1810,181,Sofía Jiménez,sofía.jiménez181@correo.com,2025-01-02,Presencial (mostrador),Café frío,Café helado,2,49.39,98.78,para llevar,False,,,,,,2026-01-14,13:20:00,entregado,tarjeta,pagado,309.0,49.44,358.44,10.0,5.0,Frecuente,False
2006,1810,181,Sofía Jiménez,sofía.jiménez181@correo.com,2025-01-02,Presencial (mostrador),Café caliente,Americano,2,50.59,101.18,para llevar,False,,,,,,2026-01-14,13:20:00,entregado,tarjeta,pagado,309.0,49.44,358.44,10.0,5.0,Frecuente,False
2007,1811,214,Lucía Flores,lucía.flores214@correo.com,2025-07-23,Presencial (mostrador),Café frío,Frappuccino de caramelo,1,50.49,50.49,en el lugar,True,1.0,Barra,grupal,2026-05-02,completada,2026-05-03,07:05:00,entregado,efectivo,pagado,274.1,43.86,317.96,20.0,4.0,Frecuente,False
2008,1811,214,Lucía Flores,lucía.flores214@correo.com,2025-07-23,Presencial (mostrador),Bebidas frías,Té helado,2,30.34,60.68,en el lugar,True,1.0,Barra,grupal,2026-05-02,completada,2026-05-03,07:05:00,entregado,efectivo,pagado,274.1,43.86,317.96,20.0,4.0,Frecuente,False
2009,1811,214,Lucía Flores,lucía.flores214@correo.com,2025-07-23,Presencial (mostrador),Bebidas calientes,Té verde,3,33.96,101.88,en el lugar,True,1.0,Barra,grupal,2026-05-02,completada,2026-05-03,07:05:00,entregado,efectivo,pagado,274.1,43.86,317.96,20.0,4.0,Frecuente,False
2010,1811,214,Lucía Flores,lucía.flores214@correo.com,2025-07-23,Presencial (mostrador),Café frío,Frappé de café,1,61.05,61.05,en el lugar,True,1.0,Barra,grupal,2026-05-02,completada,2026-05-03,07:05:00,entregado,efectivo,pagado,274.1,43.86,317.96,20.0,4.0,Frecuente,False
2011,1812,193,Iván Flores,iván.flores193@correo.com,2026-08-17,Página web,Café caliente,Capuchino,3,37.75,113.25,para llevar,False,,,,,,2026-08-19,07:30:00,entregado,pago en línea,pagado,113.25,18.12,131.37,39.0,2.0,Frecuente,True
2012,1813,10,Adrián Martínez,adrián.martínez10@correo.com,2026-07-20,Página web,Bebidas calientes,Infusión de manzanilla,1,36.92,36.92,en el lugar,True,19.0,Barra,individual,2026-07-27,completada,2026-07-29,10:30:00,entregado,pago en línea,pagado,275.02,44.0,319.02,35.0,3.0,Frecuente,True
2013,1813,10,Adrián Martínez,adrián.martínez10@correo.com,2026-07-20,Página web,Alimentos,Sandwich club,2,55.23,110.46,en el lugar,True,19.0,Barra,individual,2026-07-27,completada,2026-07-29,10:30:00,entregado,pago en línea,pagado,275.02,44.0,319.02,35.0,3.0,Frecuente,True
2014,1813,10,Adrián Martínez,adrián.martínez10@correo.com,2026-07-20,Página web,Bebidas frías,Té helado,2,26.68,53.36,en el lugar,True,19.0,Barra,individual,2026-07-27,completada,2026-07-29,10:30:00,entregado,pago en línea,pagado,275.02,44.0,319.02,35.0,3.0,Frecuente,True
2015,1813,10,Adrián Martínez,adrián.martínez10@correo.com,2026-07-20,Página web,Bebidas calientes,Chocolate caliente,2,37.14,74.28,en el lugar,True,19.0,Barra,individual,2026-07-27,completada,2026-07-29,10:30:00,entregado,pago en línea,pagado,275.02,44.0,319.02,35.0,3.0,Frecuente,True
2016,1814,170,Ricardo Flores,ricardo.flores170@correo.com,2026-08-06,Página web,Café caliente,Espresso,1,29.55,29.55,para llevar,False,,,,,,2026-08-19,09:05:00,entregado,pago en línea,pagado,297.49,47.6,345.09,37.0,4.0,VIP,True
2017,1814,170,Ricardo Flores,ricardo.flores170@correo.com,2026-08-06,Página web,Repostería,Pay de queso,1,39.52,39.52,para llevar,False,,,,,,2026-08-19,09:05:00,entregado,pago en línea,pagado,297.49,47.6,345.09,37.0,4.0,VIP,True
2018,1814,170,Ricardo Flores,ricardo.flores170@correo.com,2026-08-06,Página web,Café caliente,Capuchino,2,54.06,108.12,para llevar,False,,,,,,2026-08-19,09:05:00,entregado,pago en línea,pagado,297.49,47.6,345.09,37.0,4.0,VIP,True
2019,1814,170,Ricardo Flores,ricardo.flores170@correo.com,2026-08-06,Página web,Bebidas calientes,Té chai,3,40.1,120.3,para llevar,False,,,,,,2026-08-19,09:05:00,entregado,pago en línea,pagado,297.49,47.6,345.09,37.0,4.0,VIP,True
2020,1815,150,Sergio García,sergio.garcía150@correo.com,2026-07-03,Página web,Bebidas frías,Té helado,3,26.3,78.9,en el lugar,False,18.0,Terraza,grupal,,,2026-07-10,11:00:00,entregado,pago en línea,pagado,215.56,34.49,250.05,27.0,3.0,Frecuente,True
2021,1815,150,Sergio García,sergio.garcía150@correo.com,2026-07-03,Página web,Bebidas calientes,Té chai,3,31.33,93.99,en el lugar,False,18.0,Terraza,grupal,,,2026-07-10,11:00:00,entregado,pago en línea,pagado,215.56,34.49,250.05,27.0,3.0,Frecuente,True
2022,1815,150,Sergio García,sergio.garcía150@correo.com,2026-07-03,Página web,Café frío,Frappé de café,1,42.67,42.67,en el lugar,False,18.0,Terraza,grupal,,,2026-07-10,11:00:00,entregado,pago en línea,pagado,215.56,34.49,250.05,27.0,3.0,Frecuente,True
2023,1816,134,Camila Romero,camila.romero134@correo.com,2025-05-04,Presencial (mesero),Bebidas calientes,Té chai,2,41.27,82.54,en el lugar,True,20.0,Barra,grupal,2026-03-30,completada,2026-03-31,20:45:00,entregado,transferencia,pagado,525.26,84.04,609.3,19.0,5.0,Frecuente,False
2024,1816,134,Camila Romero,camila.romero134@correo.com,2025-05-04,Presencial (mesero),Alimentos,Ensalada César,2,50.1,100.2,en el lugar,True,20.0,Barra,grupal,2026-03-30,completada,2026-03-31,20:45:00,entregado,transferencia,pagado,525.26,84.04,609.3,19.0,5.0,Frecuente,False
2025,1816,134,Camila Romero,camila.romero134@correo.com,2025-05-04,Presencial (mesero),Alimentos,Sandwich club,3,52.42,157.26,en el lugar,True,20.0,Barra,grupal,2026-03-30,completada,2026-03-31,20:45:00,entregado,transferencia,pagado,525.26,84.04,609.3,19.0,5.0,Frecuente,False
2026,1816,134,Camila Romero,camila.romero134@correo.com,2025-05-04,Presencial (mesero),Alimentos,Ensalada César,2,92.63,185.26,en el lugar,True,20.0,Barra,grupal,2026-03-30,completada,2026-03-31,20:45:00,entregado,transferencia,pagado,525.26,84.04,609.3,19.0,5.0,Frecuente,False
2027,1817,197,Raúl De la Cruz,raúl.delacruz197@correo.com,2025-11-22,Página web,Café caliente,Espresso,3,47.21,141.63,en el lugar,False,19.0,Zona de estudio,grupal,,,2026-05-06,13:10:00,entregado,pago en línea,pagado,293.86,47.02,340.88,18.0,5.0,Frecuente,True
2028,1817,197,Raúl De la Cruz,raúl.delacruz197@correo.com,2025-11-22,Página web,Repostería,Croissant,1,55.92,55.92,en el lugar,False,19.0,Zona de estudio,grupal,,,2026-05-06,13:10:00,entregado,pago en línea,pagado,293.86,47.02,340.88,18.0,5.0,Frecuente,True
2029,1817,197,Raúl De la Cruz,raúl.delacruz197@correo.com,2025-11-22,Página web,Bebidas calientes,Chocolate caliente,1,25.53,25.53,en el lugar,False,19.0,Zona de estudio,grupal,,,2026-05-06,13:10:00,entregado,pago en línea,pagado,293.86,47.02,340.88,18.0,5.0,Frecuente,True
2030,1817,197,Raúl De la Cruz,raúl.delacruz197@correo.com,2025-11-22,Página web,Alimentos,Sandwich club,1,70.78,70.78,en el lugar,False,19.0,Zona de estudio,grupal,,,2026-05-06,13:10:00,entregado,pago en línea,pagado,293.86,47.02,340.88,18.0,5.0,Frecuente,True
2031,1818,63,María Martínez,maría.martínez63@correo.com,2026-07-05,Página web,Café frío,Frappé de café,1,37.51,37.51,en el lugar,False,4.0,Terraza,individual,,,2026-08-16,17:50:00,entregado,pago en línea,pagado,432.78,69.24,502.02,16.0,5.0,Frecuente,True
2032,1818,63,María Martínez,maría.martínez63@correo.com,2026-07-05,Página web,Alimentos,Sandwich club,3,81.55,244.65,en el lugar,False,4.0,Terraza,individual,,,2026-08-16,17:50:00,entregado,pago en línea,pagado,432.78,69.24,502.02,16.0,5.0,Frecuente,True
2033,1818,63,María Martínez,maría.martínez63@correo.com,2026-07-05,Página web,Bebidas frías,Jugo de naranja,2,32.52,65.04,en el lugar,False,4.0,Terraza,individual,,,2026-08-16,17:50:00,entregado,pago en línea,pagado,432.78,69.24,502.02,16.0,5.0,Frecuente,True
2034,1818,63,María Martínez,maría.martínez63@correo.com,2026-07-05,Página web,Repostería,Dona glaseada,2,42.79,85.58,en el lugar,False,4.0,Terraza,individual,,,2026-08-16,17:50:00,entregado,pago en línea,pagado,432.78,69.24,502.02,16.0,5.0,Frecuente,True
2035,1819,43,Marco Ramírez,marco.ramírez43@correo.com,2026-04-30,Página web,Café caliente,Espresso,2,35.01,70.02,en el lugar,True,17.0,Salón principal,grupal,2026-05-17,pendiente,2026-05-20,19:05:00,entregado,transferencia,pagado,192.45,30.79,223.24,19.0,5.0,VIP,True
2036,1819,43,Marco Ramírez,marco.ramírez43@correo.com,2026-04-30,Página web,Café caliente,Latte,3,40.81,122.43,en el lugar,True,17.0,Salón principal,grupal,2026-05-17,pendiente,2026-05-20,19:05:00,entregado,transferencia,pagado,192.45,30.79,223.24,19.0,5.0,VIP,True
2037,1820,131,Fernanda Pérez,fernanda.pérez131@correo.com,2025-11-15,Página web,Bebidas frías,Jugo de naranja,2,23.01,46.02,en el lugar,True,3.0,Salón principal,grupal,2026-02-16,completada,2026-02-19,13:45:00,entregado,pago en línea,pagado,226.62,36.26,262.88,13.0,5.0,Frecuente,True
2038,1820,131,Fernanda Pérez,fernanda.pérez131@correo.com,2025-11-15,Página web,Bebidas calientes,Infusión de manzanilla,1,36.57,36.57,en el lugar,True,3.0,Salón principal,grupal,2026-02-16,completada,2026-02-19,13:45:00,entregado,pago en línea,pagado,226.62,36.26,262.88,13.0,5.0,Frecuente,True
2039,1820,131,Fernanda Pérez,fernanda.pérez131@correo.com,2025-11-15,Página web,Bebidas calientes,Infusión de manzanilla,3,38.29,114.87,en el lugar,True,3.0,Salón principal,grupal,2026-02-16,completada,2026-02-19,13:45:00,entregado,pago en línea,pagado,226.62,36.26,262.88,13.0,5.0,Frecuente,True
2040,1820,131,Fernanda Pérez,fernanda.pérez131@correo.com,2025-11-15,Página web,Café caliente,Capuchino,1,29.16,29.16,en el lugar,True,3.0,Salón principal,grupal,2026-02-16,completada,2026-02-19,13:45:00,entregado,pago en línea,pagado,226.62,36.26,262.88,13.0,5.0,Frecuente,True
2041,1821,171,Lucía Flores,lucía.flores171@correo.com,2026-02-17,Página web,Alimentos,Ensalada César,2,78.71,157.42,para llevar,False,,,,,,2026-07-15,13:05:00,en preparación,pago en línea,pagado,220.76,35.32,256.08,,,VIP,True
2042,1821,171,Lucía Flores,lucía.flores171@correo.com,2026-02-17,Página web,Bebidas calientes,Chocolate caliente,2,31.67,63.34,para llevar,False,,,,,,2026-07-15,13:05:00,en preparación,pago en línea,pagado,220.76,35.32,256.08,,,VIP,True
2043,1822,95,Sofía Castillo,sofía.castillo95@correo.com,2025-01-01,Presencial (mesero),Bebidas calientes,Té verde,3,41.7,125.1,en el lugar,False,13.0,Salón principal,pareja,,,2025-04-20,19:35:00,entregado,transferencia,pagado,371.77,59.48,431.25,17.0,5.0,Frecuente,False
2044,1822,95,Sofía Castillo,sofía.castillo95@correo.com,2025-01-01,Presencial (mesero),Alimentos,Panini de jamón y queso,2,72.34,144.68,en el lugar,False,13.0,Salón principal,pareja,,,2025-04-20,19:35:00,entregado,transferencia,pagado,371.77,59.48,431.25,17.0,5.0,Frecuente,False
2045,1822,95,Sofía Castillo,sofía.castillo95@correo.com,2025-01-01,Presencial (mesero),Bebidas calientes,Té verde,1,43.71,43.71,en el lugar,False,13.0,Salón principal,pareja,,,2025-04-20,19:35:00,entregado,transferencia,pagado,371.77,59.48,431.25,17.0,5.0,Frecuente,False
2046,1822,95,Sofía Castillo,sofía.castillo95@correo.com,2025-01-01,Presencial (mesero),Alimentos,Sandwich club,1,58.28,58.28,en el lugar,False,13.0,Salón principal,pareja,,,2025-04-20,19:35:00,entregado,transferencia,pagado,371.77,59.48,431.25,17.0,5.0,Frecuente,False
2047,1823,195,Pablo Reyes,pablo.reyes195@correo.com,2026-04-12,Página web,Bebidas frías,Jugo de naranja,1,24.56,24.56,en el lugar,True,8.0,Barra,pareja,2026-07-06,completada,2026-07-07,08:30:00,cancelado,efectivo,reembolsado,225.88,36.14,262.02,,,VIP,True
2048,1823,195,Pablo Reyes,pablo.reyes195@correo.com,2026-04-12,Página web,Café caliente,Latte,2,31.71,63.42,en el lugar,True,8.0,Barra,pareja,2026-07-06,completada,2026-07-07,08:30:00,cancelado,efectivo,reembolsado,225.88,36.14,262.02,,,VIP,True
2049,1823,195,Pablo Reyes,pablo.reyes195@correo.com,2026-04-12,Página web,Repostería,Pay de queso,1,41.78,41.78,en el lugar,True,8.0,Barra,pareja,2026-07-06,completada,2026-07-07,08:30:00,cancelado,efectivo,reembolsado,225.88,36.14,262.02,,,VIP,True
2050,1823,195,Pablo Reyes,pablo.reyes195@correo.com,2026-04-12,Página web,Bebidas frías,Refresco de cola,3,32.04,96.12,en el lugar,True,8.0,Barra,pareja,2026-07-06,completada,2026-07-07,08:30:00,cancelado,efectivo,reembolsado,225.88,36.14,262.02,,,VIP,True
2051,1824,40,José Martínez,josé.martínez40@correo.com,2025-03-02,Presencial (mostrador),Café caliente,Americano,3,33.76,101.28,en el lugar,True,8.0,Zona de estudio,grupal,2025-05-04,pendiente,2025-05-05,08:20:00,en preparación,transferencia,pagado,336.19,53.79,389.98,,,Frecuente,False
2052,1824,40,José Martínez,josé.martínez40@correo.com,2025-03-02,Presencial (mostrador),Bebidas calientes,Infusión de manzanilla,1,42.89,42.89,en el lugar,True,8.0,Zona de estudio,grupal,2025-05-04,pendiente,2025-05-05,08:20:00,en preparación,transferencia,pagado,336.19,53.79,389.98,,,Frecuente,False
2053,1824,40,José Martínez,josé.martínez40@correo.com,2025-03-02,Presencial (mostrador),Repostería,Croissant,2,59.34,118.68,en el lugar,True,8.0,Zona de estudio,grupal,2025-05-04,pendiente,2025-05-05,08:20:00,en preparación,transferencia,pagado,336.19,53.79,389.98,,,Frecuente,False
2054,1824,40,José Martínez,josé.martínez40@correo.com,2025-03-02,Presencial (mostrador),Café caliente,Capuchino,2,36.67,73.34,en el lugar,True,8.0,Zona de estudio,grupal,2025-05-04,pendiente,2025-05-05,08:20:00,en preparación,transferencia,pagado,336.19,53.79,389.98,,,Frecuente,False
2055,1825,208,Mariana Morales,mariana.morales208@correo.com,2025-05-30,Página web,Alimentos,Bagel con queso crema,3,58.11,174.33,para llevar,False,,,,,,2026-07-03,20:55:00,en preparación,pago en línea,pagado,316.41,50.63,367.04,,,Frecuente,True
2056,1825,208,Mariana Morales,mariana.morales208@correo.com,2025-05-30,Página web,Bebidas frías,Té helado,2,28.58,57.16,para llevar,False,,,,,,2026-07-03,20:55:00,en preparación,pago en línea,pagado,316.41,50.63,367.04,,,Frecuente,True
2057,1825,208,Mariana Morales,mariana.morales208@correo.com,2025-05-30,Página web,Bebidas calientes,Té chai,2,42.46,84.92,para llevar,False,,,,,,2026-07-03,20:55:00,en preparación,pago en línea,pagado,316.41,50.63,367.04,,,Frecuente,True
2058,1826,186,Ximena Pérez,ximena.pérez186@correo.com,2025-11-15,Página web,Bebidas frías,Jugo de naranja,3,39.13,117.39,en el lugar,True,16.0,Terraza,grupal,2025-11-28,completada,2025-11-29,19:45:00,entregado,pago en línea,pagado,117.39,18.78,136.17,33.0,5.0,Frecuente,True
2059,1827,8,Adrián García,adrián.garcía8@correo.com,2026-01-03,Página web,Café frío,Café helado,2,53.68,107.36,para llevar,False,,,,,,2026-05-01,20:40:00,entregado,pago en línea,pagado,107.36,17.18,124.54,24.0,4.0,Frecuente,True
2060,1828,183,Regina Cruz,regina.cruz183@correo.com,2025-02-22,Página web,Repostería,Muffin de arándano,2,45.59,91.18,en el lugar,True,19.0,Barra,grupal,2026-04-27,completada,2026-04-30,16:50:00,entregado,pago en línea,pagado,91.18,14.59,105.77,11.0,3.0,Frecuente,True
2061,1829,49,Pablo Hernández,pablo.hernández49@correo.com,2025-04-06,Presencial (mostrador),Alimentos,Sandwich club,3,66.12,198.36,en el lugar,True,16.0,Zona de estudio,individual,2025-05-29,no_show,2025-06-01,08:45:00,entregado,efectivo,pagado,198.36,31.74,230.1,42.0,5.0,VIP,False
2062,1830,94,Raúl Reyes,raúl.reyes94@correo.com,2025-06-28,Presencial (mostrador),Café caliente,Café de olla,2,43.64,87.28,para llevar,False,,,,,,2026-07-18,19:40:00,entregado,tarjeta,pagado,179.24,28.68,207.92,9.0,5.0,Frecuente,False
2063,1830,94,Raúl Reyes,raúl.reyes94@correo.com,2025-06-28,Presencial (mostrador),Repostería,Muffin de arándano,2,45.98,91.96,para llevar,False,,,,,,2026-07-18,19:40:00,entregado,tarjeta,pagado,179.24,28.68,207.92,9.0,5.0,Frecuente,False
2064,1831,217,Carlos Romero,carlos.romero217@correo.com,2026-05-24,Página web,Bebidas calientes,Infusión de manzanilla,2,33.63,67.26,en el lugar,True,19.0,Zona de estudio,individual,2026-08-08,completada,2026-08-08,17:50:00,entregado,pago en línea,pagado,296.12,47.38,343.5,39.0,3.0,Frecuente,True
2065,1831,217,Carlos Romero,carlos.romero217@correo.com,2026-05-24,Página web,Alimentos,Sandwich club,2,61.34,122.68,en el lugar,True,19.0,Zona de estudio,individual,2026-08-08,completada,2026-08-08,17:50:00,entregado,pago en línea,pagado,296.12,47.38,343.5,39.0,3.0,Frecuente,True
2066,1831,217,Carlos Romero,carlos.romero217@correo.com,2026-05-24,Página web,Alimentos,Ensalada César,2,53.09,106.18,en el lugar,True,19.0,Zona de estudio,individual,2026-08-08,completada,2026-08-08,17:50:00,entregado,pago en línea,pagado,296.12,47.38,343.5,39.0,3.0,Frecuente,True
2067,1832,36,Karla Sánchez,karla.sánchez36@correo.com,2026-07-07,Presencial (mesero),Alimentos,Bagel con queso crema,2,57.13,114.26,en el lugar,False,10.0,Zona de estudio,individual,,,2026-08-04,12:40:00,entregado,transferencia,pagado,114.26,18.28,132.54,33.0,5.0,Frecuente,False
2068,1833,12,Diego Flores,diego.flores12@correo.com,2025-03-23,Presencial (mesero),Café caliente,Espresso,3,38.71,116.13,para llevar,False,,,,,,2026-04-17,19:10:00,entregado,transferencia,pagado,243.98,39.04,283.02,15.0,3.0,Frecuente,False
2069,1833,12,Diego Flores,diego.flores12@correo.com,2025-03-23,Presencial (mesero),Repostería,Brownie,2,46.29,92.58,para llevar,False,,,,,,2026-04-17,19:10:00,entregado,transferencia,pagado,243.98,39.04,283.02,15.0,3.0,Frecuente,False
2070,1833,12,Diego Flores,diego.flores12@correo.com,2025-03-23,Presencial (mesero),Café frío,Frappé de café,1,35.27,35.27,para llevar,False,,,,,,2026-04-17,19:10:00,entregado,transferencia,pagado,243.98,39.04,283.02,15.0,3.0,Frecuente,False
2071,1834,121,Jorge Romero,jorge.romero121@correo.com,2026-07-01,Página web,Café caliente,Espresso,3,32.78,98.34,en el lugar,True,16.0,Barra,pareja,2026-07-09,completada,2026-07-12,09:20:00,entregado,pago en línea,pagado,98.34,15.73,114.07,13.0,1.0,VIP,True
2072,1835,143,Estefanía Sánchez,estefanía.sánchez143@correo.com,2025-03-29,Presencial (mesero),Café caliente,Espresso,1,48.53,48.53,para llevar,False,,,,,,2025-10-05,20:40:00,listo,transferencia,pagado,204.92,32.79,237.71,44.0,,VIP,False
2073,1835,143,Estefanía Sánchez,estefanía.sánchez143@correo.com,2025-03-29,Presencial (mesero),Bebidas frías,Té helado,1,22.17,22.17,para llevar,False,,,,,,2025-10-05,20:40:00,listo,transferencia,pagado,204.92,32.79,237.71,44.0,,VIP,False
2074,1835,143,Estefanía Sánchez,estefanía.sánchez143@correo.com,2025-03-29,Presencial (mesero),Bebidas frías,Jugo de naranja,1,39.64,39.64,para llevar,False,,,,,,2025-10-05,20:40:00,listo,transferencia,pagado,204.92,32.79,237.71,44.0,,VIP,False
2075,1835,143,Estefanía Sánchez,estefanía.sánchez143@correo.com,2025-03-29,Presencial (mesero),Alimentos,Panini de jamón y queso,1,94.58,94.58,para llevar,False,,,,,,2025-10-05,20:40:00,listo,transferencia,pagado,204.92,32.79,237.71,44.0,,VIP,False
2076,1836,6,José Pérez,josé.pérez6@correo.com,2026-03-09,Presencial (mesero),Bebidas calientes,Infusión de manzanilla,1,26.52,26.52,en el lugar,False,9.0,Barra,individual,,,2026-08-08,12:35:00,cancelado,tarjeta,reembolsado,69.91,11.19,81.1,,,VIP,False
2077,1836,6,José Pérez,josé.pérez6@correo.com,2026-03-09,Presencial (mesero),Bebidas calientes,Té chai,1,43.39,43.39,en el lugar,False,9.0,Barra,individual,,,2026-08-08,12:35:00,cancelado,tarjeta,reembolsado,69.91,11.19,81.1,,,VIP,False
2078,1837,8,Adrián García,adrián.garcía8@correo.com,2026-01-03,Presencial (mostrador),Bebidas calientes,Chocolate caliente,3,32.37,97.11,en el lugar,True,14.0,Zona de estudio,grupal,2026-05-15,no_show,2026-05-18,11:15:00,entregado,tarjeta,pagado,293.68,46.99,340.67,24.0,5.0,Frecuente,False
2079,1837,8,Adrián García,adrián.garcía8@correo.com,2026-01-03,Presencial (mostrador),Repostería,Brownie,1,31.12,31.12,en el lugar,True,14.0,Zona de estudio,grupal,2026-05-15,no_show,2026-05-18,11:15:00,entregado,tarjeta,pagado,293.68,46.99,340.67,24.0,5.0,Frecuente,False
2080,1837,8,Adrián García,adrián.garcía8@correo.com,2026-01-03,Presencial (mostrador),Café frío,Frappé de café,3,55.15,165.45,en el lugar,True,14.0,Zona de estudio,grupal,2026-05-15,no_show,2026-05-18,11:15:00,entregado,tarjeta,pagado,293.68,46.99,340.67,24.0,5.0,Frecuente,False
2081,1838,135,Julián Castillo,julián.castillo135@correo.com,2026-03-15,Página web,Café caliente,Americano,1,53.5,53.5,en el lugar,True,10.0,Zona de estudio,pareja,2026-06-12,completada,2026-06-15,19:20:00,entregado,pago en línea,pagado,53.5,8.56,62.06,36.0,2.0,VIP,True
2082,1839,106,Fernanda Cruz,fernanda.cruz106@correo.com,2025-05-17,Presencial (mostrador),Café frío,Café helado,1,54.35,54.35,en el lugar,False,20.0,Terraza,pareja,,,2025-10-10,19:40:00,entregado,tarjeta,pagado,89.14,14.26,103.4,43.0,3.0,Frecuente,False
2083,1839,106,Fernanda Cruz,fernanda.cruz106@correo.com,2025-05-17,Presencial (mostrador),Bebidas calientes,Chocolate caliente,1,34.79,34.79,en el lugar,False,20.0,Terraza,pareja,,,2025-10-10,19:40:00,entregado,tarjeta,pagado,89.14,14.26,103.4,43.0,3.0,Frecuente,False
2084,1840,153,José Castillo,josé.castillo153@correo.com,2025-05-10,Página web,Café caliente,Café de olla,1,49.17,49.17,para llevar,False,,,,,,2026-02-09,13:50:00,entregado,pago en línea,pagado,49.17,7.87,57.04,24.0,3.0,Frecuente,True
2085,1841,91,Ana Gómez,ana.gómez91@correo.com,2025-11-18,Página web,Bebidas frías,Limonada,3,26.62,79.86,para llevar,False,,,,,,2026-05-05,18:50:00,cancelado,tarjeta,pendiente,221.14,35.38,256.52,,,Frecuente,True
2086,1841,91,Ana Gómez,ana.gómez91@correo.com,2025-11-18,Página web,Café frío,Café helado,2,35.35,70.7,para llevar,False,,,,,,2026-05-05,18:50:00,cancelado,tarjeta,pendiente,221.14,35.38,256.52,,,Frecuente,True
2087,1841,91,Ana Gómez,ana.gómez91@correo.com,2025-11-18,Página web,Bebidas calientes,Té chai,2,35.29,70.58,para llevar,False,,,,,,2026-05-05,18:50:00,cancelado,tarjeta,pendiente,221.14,35.38,256.52,,,Frecuente,True
2088,1842,37,Sofía Díaz,sofía.díaz37@correo.com,2026-03-25,Página web,Repostería,Dona glaseada,2,58.44,116.88,para llevar,False,,,,,,2026-07-24,15:20:00,entregado,tarjeta,pagado,273.15,43.7,316.85,21.0,4.0,Frecuente,True
2089,1842,37,Sofía Díaz,sofía.díaz37@correo.com,2026-03-25,Página web,Repostería,Muffin de arándano,3,39.96,119.88,para llevar,False,,,,,,2026-07-24,15:20:00,entregado,tarjeta,pagado,273.15,43.7,316.85,21.0,4.0,Frecuente,True
2090,1842,37,Sofía Díaz,sofía.díaz37@correo.com,2026-03-25,Página web,Bebidas frías,Limonada,1,36.39,36.39,para llevar,False,,,,,,2026-07-24,15:20:00,entregado,tarjeta,pagado,273.15,43.7,316.85,21.0,4.0,Frecuente,True
2091,1843,88,Karla Díaz,karla.díaz88@correo.com,2025-11-18,Página web,Bebidas frías,Jugo de naranja,1,33.22,33.22,en el lugar,False,11.0,Salón principal,grupal,,,2026-07-06,18:40:00,entregado,pago en línea,pagado,257.28,41.16,298.44,28.0,5.0,Frecuente,True
2092,1843,88,Karla Díaz,karla.díaz88@correo.com,2025-11-18,Página web,Bebidas frías,Refresco de cola,3,36.08,108.24,en el lugar,False,11.0,Salón principal,grupal,,,2026-07-06,18:40:00,entregado,pago en línea,pagado,257.28,41.16,298.44,28.0,5.0,Frecuente,True
2093,1843,88,Karla Díaz,karla.díaz88@correo.com,2025-11-18,Página web,Bebidas frías,Jugo de naranja,3,28.51,85.53,en el lugar,False,11.0,Salón principal,grupal,,,2026-07-06,18:40:00,entregado,pago en línea,pagado,257.28,41.16,298.44,28.0,5.0,Frecuente,True
2094,1843,88,Karla Díaz,karla.díaz88@correo.com,2025-11-18,Página web,Bebidas frías,Jugo de naranja,1,30.29,30.29,en el lugar,False,11.0,Salón principal,grupal,,,2026-07-06,18:40:00,entregado,pago en línea,pagado,257.28,41.16,298.44,28.0,5.0,Frecuente,True
2095,1844,30,Ricardo Castillo,ricardo.castillo30@correo.com,2026-06-28,Página web,Repostería,Pay de queso,3,33.14,99.42,para llevar,False,,,,,,2026-07-28,16:55:00,entregado,pago en línea,pagado,263.34,42.13,305.47,24.0,2.0,Frecuente,True
2096,1844,30,Ricardo Castillo,ricardo.castillo30@correo.com,2026-06-28,Página web,Café caliente,Mocaccino,3,54.64,163.92,para llevar,False,,,,,,2026-07-28,16:55:00,entregado,pago en línea,pagado,263.34,42.13,305.47,24.0,2.0,Frecuente,True
2097,1845,66,Pablo Flores,pablo.flores66@correo.com,2026-06-26,Presencial (mesero),Café frío,Frappé de café,3,64.56,193.68,en el lugar,False,19.0,Barra,individual,,,2026-07-07,11:10:00,entregado,efectivo,pagado,193.68,30.99,224.67,9.0,4.0,VIP,False
2098,1846,107,Estefanía Castillo,estefanía.castillo107@correo.com,2025-11-21,Presencial (mesero),Café frío,Frappé de café,1,36.34,36.34,en el lugar,False,17.0,Terraza,grupal,,,2026-06-09,20:10:00,entregado,efectivo,pagado,69.34,11.09,80.43,41.0,5.0,Frecuente,False
2099,1846,107,Estefanía Castillo,estefanía.castillo107@correo.com,2025-11-21,Presencial (mesero),Café caliente,Espresso,1,33.0,33.0,en el lugar,False,17.0,Terraza,grupal,,,2026-06-09,20:10:00,entregado,efectivo,pagado,69.34,11.09,80.43,41.0,5.0,Frecuente,False
2100,1847,85,Renata Díaz,renata.díaz85@correo.com,2026-06-06,Página web,Bebidas calientes,Infusión de manzanilla,3,27.43,82.29,para llevar,False,,,,,,2026-07-25,14:30:00,entregado,pago en línea,pagado,317.52,50.8,368.32,23.0,2.0,VIP,True
2101,1847,85,Renata Díaz,renata.díaz85@correo.com,2026-06-06,Página web,Bebidas frías,Té helado,1,36.36,36.36,para llevar,False,,,,,,2026-07-25,14:30:00,entregado,pago en línea,pagado,317.52,50.8,368.32,23.0,2.0,VIP,True
2102,1847,85,Renata Díaz,renata.díaz85@correo.com,2026-06-06,Página web,Café frío,Café helado,3,46.51,139.53,para llevar,False,,,,,,2026-07-25,14:30:00,entregado,pago en línea,pagado,317.52,50.8,368.32,23.0,2.0,VIP,True
2103,1847,85,Renata Díaz,renata.díaz85@correo.com,2026-06-06,Página web,Café caliente,Capuchino,2,29.67,59.34,para llevar,False,,,,,,2026-07-25,14:30:00,entregado,pago en línea,pagado,317.52,50.8,368.32,23.0,2.0,VIP,True
2104,1848,144,Raúl Ortiz,raúl.ortiz144@correo.com,2026-07-23,Página web,Café frío,Café helado,1,44.28,44.28,para llevar,False,,,,,,2026-08-12,08:45:00,entregado,pago en línea,pagado,80.92,12.95,93.87,9.0,5.0,Frecuente,True
2105,1848,144,Raúl Ortiz,raúl.ortiz144@correo.com,2026-07-23,Página web,Bebidas frías,Agua mineral,1,36.64,36.64,para llevar,False,,,,,,2026-08-12,08:45:00,entregado,pago en línea,pagado,80.92,12.95,93.87,9.0,5.0,Frecuente,True
2106,1849,15,Renata Martínez,renata.martínez15@correo.com,2025-06-25,Presencial (mesero),Bebidas calientes,Infusión de manzanilla,3,33.75,101.25,para llevar,False,,,,,,2026-02-14,20:30:00,listo,tarjeta,pagado,225.75,36.12,261.87,25.0,,VIP,False
2107,1849,15,Renata Martínez,renata.martínez15@correo.com,2025-06-25,Presencial (mesero),Café caliente,Capuchino,2,28.53,57.06,para llevar,False,,,,,,2026-02-14,20:30:00,listo,tarjeta,pagado,225.75,36.12,261.87,25.0,,VIP,False
2108,1849,15,Renata Martínez,renata.martínez15@correo.com,2025-06-25,Presencial (mesero),Bebidas calientes,Té chai,2,33.72,67.44,para llevar,False,,,,,,2026-02-14,20:30:00,listo,tarjeta,pagado,225.75,36.12,261.87,25.0,,VIP,False
2109,1850,106,Fernanda Cruz,fernanda.cruz106@correo.com,2025-05-17,Presencial (mesero),Bebidas calientes,Chocolate caliente,1,44.74,44.74,para llevar,False,,,,,,2025-07-03,08:00:00,entregado,efectivo,pagado,44.74,7.16,51.9,42.0,3.0,Frecuente,False
2110,1851,45,Carlos García,carlos.garcía45@correo.com,2025-03-04,Presencial (mostrador),Bebidas frías,Limonada,3,28.6,85.8,en el lugar,False,20.0,Barra,individual,,,2026-01-29,08:30:00,entregado,efectivo,pagado,316.53,50.64,367.17,32.0,5.0,VIP,False
2111,1851,45,Carlos García,carlos.garcía45@correo.com,2025-03-04,Presencial (mostrador),Bebidas frías,Limonada,3,25.88,77.64,en el lugar,False,20.0,Barra,individual,,,2026-01-29,08:30:00,entregado,efectivo,pagado,316.53,50.64,367.17,32.0,5.0,VIP,False
2112,1851,45,Carlos García,carlos.garcía45@correo.com,2025-03-04,Presencial (mostrador),Café frío,Frappuccino de caramelo,3,51.03,153.09,en el lugar,False,20.0,Barra,individual,,,2026-01-29,08:30:00,entregado,efectivo,pagado,316.53,50.64,367.17,32.0,5.0,VIP,False
2113,1852,67,Gabriela Flores,gabriela.flores67@correo.com,2025-04-17,Página web,Bebidas frías,Té helado,1,27.28,27.28,en el lugar,False,17.0,Terraza,pareja,,,2026-02-21,14:00:00,entregado,pago en línea,pagado,348.87,55.82,404.69,13.0,5.0,Frecuente,True
2114,1852,67,Gabriela Flores,gabriela.flores67@correo.com,2025-04-17,Página web,Repostería,Brownie,3,40.01,120.03,en el lugar,False,17.0,Terraza,pareja,,,2026-02-21,14:00:00,entregado,pago en línea,pagado,348.87,55.82,404.69,13.0,5.0,Frecuente,True
2115,1852,67,Gabriela Flores,gabriela.flores67@correo.com,2025-04-17,Página web,Repostería,Pay de queso,3,54.54,163.62,en el lugar,False,17.0,Terraza,pareja,,,2026-02-21,14:00:00,entregado,pago en línea,pagado,348.87,55.82,404.69,13.0,5.0,Frecuente,True
2116,1852,67,Gabriela Flores,gabriela.flores67@correo.com,2025-04-17,Página web,Bebidas frías,Refresco de cola,1,37.94,37.94,en el lugar,False,17.0,Terraza,pareja,,,2026-02-21,14:00:00,entregado,pago en línea,pagado,348.87,55.82,404.69,13.0,5.0,Frecuente,True
2117,1853,17,Gabriela Ramírez,gabriela.ramírez17@correo.com,2025-11-29,Presencial (mostrador),Alimentos,Sandwich club,3,60.14,180.42,para llevar,False,,,,,,2026-02-04,13:55:00,listo,transferencia,pagado,282.58,45.21,327.79,16.0,,Frecuente,False
2118,1853,17,Gabriela Ramírez,gabriela.ramírez17@correo.com,2025-11-29,Presencial (mostrador),Café caliente,Café de olla,2,51.08,102.16,para llevar,False,,,,,,2026-02-04,13:55:00,listo,transferencia,pagado,282.58,45.21,327.79,16.0,,Frecuente,False
2119,1854,62,Camila Cruz,camila.cruz62@correo.com,2025-11-20,Página web,Alimentos,Ensalada César,3,64.25,192.75,en el lugar,False,4.0,Barra,pareja,,,2025-12-27,19:35:00,entregado,pago en línea,pagado,306.45,49.03,355.48,25.0,4.0,Frecuente,True
2120,1854,62,Camila Cruz,camila.cruz62@correo.com,2025-11-20,Página web,Café frío,Frappé de café,3,37.9,113.7,en el lugar,False,4.0,Barra,pareja,,,2025-12-27,19:35:00,entregado,pago en línea,pagado,306.45,49.03,355.48,25.0,4.0,Frecuente,True
2121,1855,36,Karla Sánchez,karla.sánchez36@correo.com,2026-07-07,Página web,Bebidas calientes,Té verde,2,30.33,60.66,en el lugar,True,6.0,Salón principal,individual,2026-07-09,completada,2026-07-12,16:55:00,entregado,pago en línea,pagado,190.92,30.55,221.47,40.0,5.0,Frecuente,True
2122,1855,36,Karla Sánchez,karla.sánchez36@correo.com,2026-07-07,Página web,Café frío,Frappé de café,1,59.7,59.7,en el lugar,True,6.0,Salón principal,individual,2026-07-09,completada,2026-07-12,16:55:00,entregado,pago en línea,pagado,190.92,30.55,221.47,40.0,5.0,Frecuente,True
2123,1855,36,Karla Sánchez,karla.sánchez36@correo.com,2026-07-07,Página web,Repostería,Dona glaseada,2,35.28,70.56,en el lugar,True,6.0,Salón principal,individual,2026-07-09,completada,2026-07-12,16:55:00,entregado,pago en línea,pagado,190.92,30.55,221.47,40.0,5.0,Frecuente,True
2124,1856,72,Andrea López,andrea.lópez72@correo.com,2025-09-26,Página web,Repostería,Concha,3,41.08,123.24,en el lugar,True,1.0,Terraza,grupal,2025-11-29,completada,2025-11-29,07:45:00,entregado,tarjeta,pagado,306.65,49.06,355.71,41.0,5.0,VIP,True
2125,1856,72,Andrea López,andrea.lópez72@correo.com,2025-09-26,Página web,Café frío,Cold brew,2,43.35,86.7,en el lugar,True,1.0,Terraza,grupal,2025-11-29,completada,2025-11-29,07:45:00,entregado,tarjeta,pagado,306.65,49.06,355.71,41.0,5.0,VIP,True
2126,1856,72,Andrea López,andrea.lópez72@correo.com,2025-09-26,Página web,Alimentos,Bagel con queso crema,1,70.15,70.15,en el lugar,True,1.0,Terraza,grupal,2025-11-29,completada,2025-11-29,07:45:00,entregado,tarjeta,pagado,306.65,49.06,355.71,41.0,5.0,VIP,True
2127,1856,72,Andrea López,andrea.lópez72@correo.com,2025-09-26,Página web,Bebidas frías,Jugo de naranja,1,26.56,26.56,en el lugar,True,1.0,Terraza,grupal,2025-11-29,completada,2025-11-29,07:45:00,entregado,tarjeta,pagado,306.65,49.06,355.71,41.0,5.0,VIP,True
2128,1857,33,Luis Martínez,luis.martínez33@correo.com,2026-05-13,Página web,Alimentos,Sandwich club,2,47.95,95.9,en el lugar,False,8.0,Terraza,individual,,,2026-08-04,20:40:00,cancelado,pago en línea,reembolsado,95.9,15.34,111.24,,,VIP,True
2129,1858,169,Diego López,diego.lópez169@correo.com,2025-09-30,Presencial (mostrador),Bebidas frías,Limonada,1,36.88,36.88,para llevar,False,,,,,,2026-07-14,17:55:00,entregado,tarjeta,pagado,36.88,5.9,42.78,13.0,1.0,VIP,False
2130,1859,236,Raúl Torres,raúl.torres236@correo.com,2025-02-03,Página web,Café caliente,Latte,2,29.91,59.82,en el lugar,False,8.0,Barra,individual,,,2025-12-22,09:30:00,listo,pago en línea,pagado,59.82,9.57,69.39,45.0,,VIP,True
2131,1860,211,Paola Ramírez,paola.ramírez211@correo.com,2026-04-18,Página web,Bebidas frías,Jugo de naranja,3,35.7,107.1,para llevar,False,,,,,,2026-05-28,17:00:00,en preparación,pago en línea,pagado,107.1,17.14,124.24,,,Recurrente,True
2132,1861,16,Ximena Pérez,ximena.pérez16@correo.com,2026-04-19,Página web,Repostería,Pay de queso,1,51.81,51.81,en el lugar,True,19.0,Barra,pareja,2026-07-18,no_show,2026-07-19,12:55:00,entregado,pago en línea,pagado,371.4,59.42,430.82,12.0,5.0,Frecuente,True
2133,1861,16,Ximena Pérez,ximena.pérez16@correo.com,2026-04-19,Página web,Alimentos,Sandwich club,2,92.97,185.94,en el lugar,True,19.0,Barra,pareja,2026-07-18,no_show,2026-07-19,12:55:00,entregado,pago en línea,pagado,371.4,59.42,430.82,12.0,5.0,Frecuente,True
2134,1861,16,Ximena Pérez,ximena.pérez16@correo.com,2026-04-19,Página web,Bebidas calientes,Chocolate caliente,3,44.55,133.65,en el lugar,True,19.0,Barra,pareja,2026-07-18,no_show,2026-07-19,12:55:00,entregado,pago en línea,pagado,371.4,59.42,430.82,12.0,5.0,Frecuente,True
2135,1862,203,Andrea Castillo,andrea.castillo203@correo.com,2026-01-25,Página web,Bebidas calientes,Chocolate caliente,3,26.37,79.11,para llevar,False,,,,,,2026-02-03,11:25:00,entregado,pago en línea,pagado,197.07,31.53,228.6,41.0,5.0,Frecuente,True
2136,1862,203,Andrea Castillo,andrea.castillo203@correo.com,2026-01-25,Página web,Repostería,Croissant,2,58.98,117.96,para llevar,False,,,,,,2026-02-03,11:25:00,entregado,pago en línea,pagado,197.07,31.53,228.6,41.0,5.0,Frecuente,True
2137,1863,85,Renata Díaz,renata.díaz85@correo.com,2026-06-06,Página web,Bebidas calientes,Infusión de manzanilla,3,33.96,101.88,para llevar,False,,,,,,2026-07-06,12:10:00,en preparación,tarjeta,pagado,101.88,16.3,118.18,,,VIP,True
2138,1864,64,Jorge Díaz,jorge.díaz64@correo.com,2025-03-12,Presencial (mesero),Bebidas calientes,Té verde,2,33.12,66.24,en el lugar,False,18.0,Zona de estudio,individual,,,2025-10-22,18:20:00,entregado,efectivo,pagado,359.72,57.56,417.28,31.0,5.0,Frecuente,False
2139,1864,64,Jorge Díaz,jorge.díaz64@correo.com,2025-03-12,Presencial (mesero),Café frío,Frappé de café,2,44.93,89.86,en el lugar,False,18.0,Zona de estudio,individual,,,2025-10-22,18:20:00,entregado,efectivo,pagado,359.72,57.56,417.28,31.0,5.0,Frecuente,False
2140,1864,64,Jorge Díaz,jorge.díaz64@correo.com,2025-03-12,Presencial (mesero),Café caliente,Latte,3,50.04,150.12,en el lugar,False,18.0,Zona de estudio,individual,,,2025-10-22,18:20:00,entregado,efectivo,pagado,359.72,57.56,417.28,31.0,5.0,Frecuente,False
2141,1864,64,Jorge Díaz,jorge.díaz64@correo.com,2025-03-12,Presencial (mesero),Repostería,Dona glaseada,2,26.75,53.5,en el lugar,False,18.0,Zona de estudio,individual,,,2025-10-22,18:20:00,entregado,efectivo,pagado,359.72,57.56,417.28,31.0,5.0,Frecuente,False
2142,1865,80,Raúl Ramírez,raúl.ramírez80@correo.com,2025-10-01,Página web,Bebidas calientes,Té chai,1,42.79,42.79,en el lugar,True,2.0,Zona de estudio,pareja,2026-04-22,completada,2026-04-22,09:15:00,entregado,pago en línea,pagado,42.79,6.85,49.64,14.0,2.0,Nuevo,True
2143,1866,194,Óscar Castillo,óscar.castillo194@correo.com,2026-05-11,Presencial (mesero),Repostería,Dona glaseada,1,57.99,57.99,para llevar,False,,,,,,2026-07-09,19:40:00,cancelado,efectivo,pendiente,195.23,31.24,226.47,,,Frecuente,False
2144,1866,194,Óscar Castillo,óscar.castillo194@correo.com,2026-05-11,Presencial (mesero),Bebidas calientes,Infusión de manzanilla,2,26.08,52.16,para llevar,False,,,,,,2026-07-09,19:40:00,cancelado,efectivo,pendiente,195.23,31.24,226.47,,,Frecuente,False
2145,1866,194,Óscar Castillo,óscar.castillo194@correo.com,2026-05-11,Presencial (mesero),Bebidas calientes,Chocolate caliente,3,28.36,85.08,para llevar,False,,,,,,2026-07-09,19:40:00,cancelado,efectivo,pendiente,195.23,31.24,226.47,,,Frecuente,False
2146,1867,30,Ricardo Castillo,ricardo.castillo30@correo.com,2026-06-28,Página web,Café caliente,Espresso,3,32.26,96.78,en el lugar,True,3.0,Salón principal,individual,2026-08-06,completada,2026-08-06,12:15:00,entregado,transferencia,pagado,213.31,34.13,247.44,45.0,2.0,Frecuente,True
2147,1867,30,Ricardo Castillo,ricardo.castillo30@correo.com,2026-06-28,Página web,Alimentos,Sandwich club,1,48.95,48.95,en el lugar,True,3.0,Salón principal,individual,2026-08-06,completada,2026-08-06,12:15:00,entregado,transferencia,pagado,213.31,34.13,247.44,45.0,2.0,Frecuente,True
2148,1867,30,Ricardo Castillo,ricardo.castillo30@correo.com,2026-06-28,Página web,Café caliente,Capuchino,2,33.79,67.58,en el lugar,True,3.0,Salón principal,individual,2026-08-06,completada,2026-08-06,12:15:00,entregado,transferencia,pagado,213.31,34.13,247.44,45.0,2.0,Frecuente,True
2149,1868,52,José Reyes,josé.reyes52@correo.com,2025-09-29,Presencial (mesero),Café caliente,Latte,1,47.01,47.01,para llevar,False,,,,,,2026-02-08,14:50:00,entregado,efectivo,pagado,285.56,45.69,331.25,33.0,5.0,VIP,False
2150,1868,52,José Reyes,josé.reyes52@correo.com,2025-09-29,Presencial (mesero),Café frío,Frappuccino de caramelo,3,52.85,158.55,para llevar,False,,,,,,2026-02-08,14:50:00,entregado,efectivo,pagado,285.56,45.69,331.25,33.0,5.0,VIP,False
2151,1868,52,José Reyes,josé.reyes52@correo.com,2025-09-29,Presencial (mesero),Café caliente,Capuchino,1,47.12,47.12,para llevar,False,,,,,,2026-02-08,14:50:00,entregado,efectivo,pagado,285.56,45.69,331.25,33.0,5.0,VIP,False
2152,1868,52,José Reyes,josé.reyes52@correo.com,2025-09-29,Presencial (mesero),Bebidas frías,Agua mineral,1,32.88,32.88,para llevar,False,,,,,,2026-02-08,14:50:00,entregado,efectivo,pagado,285.56,45.69,331.25,33.0,5.0,VIP,False
2153,1869,82,Diego Sánchez,diego.sánchez82@correo.com,2026-04-17,Página web,Café caliente,Capuchino,1,37.4,37.4,para llevar,False,,,,,,2026-05-23,17:45:00,listo,pago en línea,pagado,37.4,5.98,43.38,21.0,,VIP,True
2154,1870,41,Ana De la Cruz,ana.delacruz41@correo.com,2025-12-05,Página web,Repostería,Croissant,1,56.83,56.83,en el lugar,True,3.0,Zona de estudio,grupal,2026-07-12,pendiente,2026-07-12,07:40:00,cancelado,pago en línea,pendiente,167.63,26.82,194.45,,,Frecuente,True
2155,1870,41,Ana De la Cruz,ana.delacruz41@correo.com,2025-12-05,Página web,Bebidas calientes,Té verde,2,27.93,55.86,en el lugar,True,3.0,Zona de estudio,grupal,2026-07-12,pendiente,2026-07-12,07:40:00,cancelado,pago en línea,pendiente,167.63,26.82,194.45,,,Frecuente,True
2156,1870,41,Ana De la Cruz,ana.delacruz41@correo.com,2025-12-05,Página web,Repostería,Pay de queso,2,27.47,54.94,en el lugar,True,3.0,Zona de estudio,grupal,2026-07-12,pendiente,2026-07-12,07:40:00,cancelado,pago en línea,pendiente,167.63,26.82,194.45,,,Frecuente,True
2157,1871,103,Ximena López,ximena.lópez103@correo.com,2025-01-06,Página web,Café caliente,Café de olla,2,38.45,76.9,para llevar,False,,,,,,2026-08-12,16:00:00,entregado,transferencia,pagado,76.9,12.3,89.2,10.0,4.0,Frecuente,True
2158,1872,182,Raúl De la Cruz,raúl.delacruz182@correo.com,2025-07-12,Presencial (mesero),Bebidas frías,Agua mineral,1,37.24,37.24,en el lugar,False,5.0,Salón principal,grupal,,,2026-08-14,18:15:00,entregado,tarjeta,pagado,280.32,44.85,325.17,18.0,5.0,Frecuente,False
2159,1872,182,Raúl De la Cruz,raúl.delacruz182@correo.com,2025-07-12,Presencial (mesero),Café caliente,Espresso,2,38.6,77.2,en el lugar,False,5.0,Salón principal,grupal,,,2026-08-14,18:15:00,entregado,tarjeta,pagado,280.32,44.85,325.17,18.0,5.0,Frecuente,False
2160,1872,182,Raúl De la Cruz,raúl.delacruz182@correo.com,2025-07-12,Presencial (mesero),Alimentos,Panini de jamón y queso,2,82.94,165.88,en el lugar,False,5.0,Salón principal,grupal,,,2026-08-14,18:15:00,entregado,tarjeta,pagado,280.32,44.85,325.17,18.0,5.0,Frecuente,False
2161,1873,21,Gabriela Castillo,gabriela.castillo21@correo.com,2025-09-27,Página web,Café frío,Café helado,1,38.17,38.17,para llevar,False,,,,,,2026-08-17,12:00:00,entregado,pago en línea,pagado,175.99,28.16,204.15,10.0,5.0,Frecuente,True
2162,1873,21,Gabriela Castillo,gabriela.castillo21@correo.com,2025-09-27,Página web,Bebidas frías,Agua mineral,2,23.68,47.36,para llevar,False,,,,,,2026-08-17,12:00:00,entregado,pago en línea,pagado,175.99,28.16,204.15,10.0,5.0,Frecuente,True
2163,1873,21,Gabriela Castillo,gabriela.castillo21@correo.com,2025-09-27,Página web,Café caliente,Mocaccino,2,33.04,66.08,para llevar,False,,,,,,2026-08-17,12:00:00,entregado,pago en línea,pagado,175.99,28.16,204.15,10.0,5.0,Frecuente,True
2164,1873,21,Gabriela Castillo,gabriela.castillo21@correo.com,2025-09-27,Página web,Bebidas frías,Limonada,1,24.38,24.38,para llevar,False,,,,,,2026-08-17,12:00:00,entregado,pago en línea,pagado,175.99,28.16,204.15,10.0,5.0,Frecuente,True
2165,1874,168,Alejandro Vázquez,alejandro.vázquez168@correo.com,2025-07-22,Presencial (mesero),Café caliente,Mocaccino,3,48.64,145.92,para llevar,False,,,,,,2026-05-10,07:50:00,entregado,tarjeta,pagado,222.46,35.59,258.05,17.0,5.0,VIP,False
2166,1874,168,Alejandro Vázquez,alejandro.vázquez168@correo.com,2025-07-22,Presencial (mesero),Bebidas frías,Jugo de naranja,2,38.27,76.54,para llevar,False,,,,,,2026-05-10,07:50:00,entregado,tarjeta,pagado,222.46,35.59,258.05,17.0,5.0,VIP,False
2167,1875,82,Diego Sánchez,diego.sánchez82@correo.com,2026-04-17,Página web,Repostería,Dona glaseada,2,36.71,73.42,para llevar,False,,,,,,2026-08-08,08:05:00,listo,pago en línea,pagado,73.42,11.75,85.17,29.0,,VIP,True
2168,1876,23,Luis De la Cruz,luis.delacruz23@correo.com,2025-04-23,Presencial (mostrador),Café frío,Frappuccino de caramelo,1,36.39,36.39,en el lugar,True,19.0,Salón principal,individual,2026-05-13,completada,2026-05-14,16:40:00,entregado,tarjeta,pagado,269.73,43.16,312.89,19.0,5.0,VIP,False
2169,1876,23,Luis De la Cruz,luis.delacruz23@correo.com,2025-04-23,Presencial (mostrador),Café frío,Frappuccino de caramelo,2,55.13,110.26,en el lugar,True,19.0,Salón principal,individual,2026-05-13,completada,2026-05-14,16:40:00,entregado,tarjeta,pagado,269.73,43.16,312.89,19.0,5.0,VIP,False
2170,1876,23,Luis De la Cruz,luis.delacruz23@correo.com,2025-04-23,Presencial (mostrador),Café frío,Frappé de café,2,61.54,123.08,en el lugar,True,19.0,Salón principal,individual,2026-05-13,completada,2026-05-14,16:40:00,entregado,tarjeta,pagado,269.73,43.16,312.89,19.0,5.0,VIP,False
2171,1877,199,Yuleni López,yuleni.lópez199@correo.com,2026-05-30,Presencial (mesero),Café frío,Frappé de café,3,40.43,121.29,en el lugar,False,5.0,Terraza,pareja,,,2026-06-08,11:35:00,entregado,tarjeta,pagado,271.14,43.38,314.52,12.0,4.0,VIP,False
2172,1877,199,Yuleni López,yuleni.lópez199@correo.com,2026-05-30,Presencial (mesero),Alimentos,Bagel con queso crema,3,49.95,149.85,en el lugar,False,5.0,Terraza,pareja,,,2026-06-08,11:35:00,entregado,tarjeta,pagado,271.14,43.38,314.52,12.0,4.0,VIP,False
2173,1878,53,Gabriela Ortiz,gabriela.ortiz53@correo.com,2025-06-08,Presencial (mostrador),Café frío,Café helado,3,44.97,134.91,en el lugar,False,12.0,Terraza,pareja,,,2025-12-05,15:05:00,entregado,efectivo,pagado,357.05,57.13,414.18,11.0,4.0,Frecuente,False
2174,1878,53,Gabriela Ortiz,gabriela.ortiz53@correo.com,2025-06-08,Presencial (mostrador),Bebidas frías,Té helado,1,34.61,34.61,en el lugar,False,12.0,Terraza,pareja,,,2025-12-05,15:05:00,entregado,efectivo,pagado,357.05,57.13,414.18,11.0,4.0,Frecuente,False
2175,1878,53,Gabriela Ortiz,gabriela.ortiz53@correo.com,2025-06-08,Presencial (mostrador),Repostería,Brownie,2,51.24,102.48,en el lugar,False,12.0,Terraza,pareja,,,2025-12-05,15:05:00,entregado,efectivo,pagado,357.05,57.13,414.18,11.0,4.0,Frecuente,False
2176,1878,53,Gabriela Ortiz,gabriela.ortiz53@correo.com,2025-06-08,Presencial (mostrador),Bebidas calientes,Infusión de manzanilla,3,28.35,85.05,en el lugar,False,12.0,Terraza,pareja,,,2025-12-05,15:05:00,entregado,efectivo,pagado,357.05,57.13,414.18,11.0,4.0,Frecuente,False
2177,1879,170,Ricardo Flores,ricardo.flores170@correo.com,2026-08-06,Presencial (mesero),Café caliente,Café de olla,3,54.44,163.32,para llevar,False,,,,,,2026-08-18,19:25:00,listo,transferencia,pagado,223.66,35.79,259.45,19.0,,VIP,False
2178,1879,170,Ricardo Flores,ricardo.flores170@correo.com,2026-08-06,Presencial (mesero),Bebidas frías,Limonada,2,30.17,60.34,para llevar,False,,,,,,2026-08-18,19:25:00,listo,transferencia,pagado,223.66,35.79,259.45,19.0,,VIP,False
2179,1880,107,Estefanía Castillo,estefanía.castillo107@correo.com,2025-11-21,Presencial (mesero),Café frío,Frappuccino de caramelo,3,39.88,119.64,para llevar,False,,,,,,2026-08-08,11:25:00,entregado,efectivo,pagado,205.4,32.86,238.26,22.0,4.0,Frecuente,False
2180,1880,107,Estefanía Castillo,estefanía.castillo107@correo.com,2025-11-21,Presencial (mesero),Café caliente,Americano,2,42.88,85.76,para llevar,False,,,,,,2026-08-08,11:25:00,entregado,efectivo,pagado,205.4,32.86,238.26,22.0,4.0,Frecuente,False
2181,1881,90,Karla Hernández,karla.hernández90@correo.com,2026-06-17,Página web,Bebidas calientes,Chocolate caliente,2,43.49,86.98,para llevar,False,,,,,,2026-07-04,17:10:00,entregado,transferencia,pagado,150.94,24.15,175.09,20.0,4.0,Frecuente,True
2182,1881,90,Karla Hernández,karla.hernández90@correo.com,2026-06-17,Página web,Bebidas frías,Té helado,3,21.32,63.96,para llevar,False,,,,,,2026-07-04,17:10:00,entregado,transferencia,pagado,150.94,24.15,175.09,20.0,4.0,Frecuente,True
2183,1882,245,Daniela García,daniela.garcía245@correo.com,2025-01-27,Presencial (mesero),Alimentos,Ensalada César,1,87.52,87.52,en el lugar,True,7.0,Terraza,pareja,2025-02-05,completada,2025-02-06,17:10:00,entregado,transferencia,pagado,318.88,51.02,369.9,11.0,5.0,Frecuente,False
2184,1882,245,Daniela García,daniela.garcía245@correo.com,2025-01-27,Presencial (mesero),Café frío,Frappé de café,2,42.31,84.62,en el lugar,True,7.0,Terraza,pareja,2025-02-05,completada,2025-02-06,17:10:00,entregado,transferencia,pagado,318.88,51.02,369.9,11.0,5.0,Frecuente,False
2185,1882,245,Daniela García,daniela.garcía245@correo.com,2025-01-27,Presencial (mesero),Bebidas calientes,Chocolate caliente,2,25.83,51.66,en el lugar,True,7.0,Terraza,pareja,2025-02-05,completada,2025-02-06,17:10:00,entregado,transferencia,pagado,318.88,51.02,369.9,11.0,5.0,Frecuente,False
2186,1882,245,Daniela García,daniela.garcía245@correo.com,2025-01-27,Presencial (mesero),Café frío,Frappé de café,2,47.54,95.08,en el lugar,True,7.0,Terraza,pareja,2025-02-05,completada,2025-02-06,17:10:00,entregado,transferencia,pagado,318.88,51.02,369.9,11.0,5.0,Frecuente,False
2187,1883,142,Alejandro Gómez,alejandro.gómez142@correo.com,2025-10-14,Página web,Bebidas calientes,Chocolate caliente,1,44.81,44.81,en el lugar,True,12.0,Barra,grupal,2026-04-08,completada,2026-04-08,18:45:00,entregado,pago en línea,pagado,44.81,7.17,51.98,12.0,5.0,Frecuente,True
2188,1884,154,Yuleni De la Cruz,yuleni.delacruz154@correo.com,2026-07-21,Presencial (mesero),Café caliente,Espresso,2,35.12,70.24,para llevar,False,,,,,,2026-08-05,11:30:00,en preparación,transferencia,pagado,122.92,19.67,142.59,,,Frecuente,False
2189,1884,154,Yuleni De la Cruz,yuleni.delacruz154@correo.com,2026-07-21,Presencial (mesero),Bebidas calientes,Té verde,2,26.34,52.68,para llevar,False,,,,,,2026-08-05,11:30:00,en preparación,transferencia,pagado,122.92,19.67,142.59,,,Frecuente,False
2190,1885,53,Gabriela Ortiz,gabriela.ortiz53@correo.com,2025-06-08,Página web,Alimentos,Panini de jamón y queso,3,68.03,204.09,en el lugar,False,14.0,Barra,individual,,,2025-08-30,09:45:00,entregado,pago en línea,pagado,371.13,59.38,430.51,27.0,5.0,Frecuente,True
2191,1885,53,Gabriela Ortiz,gabriela.ortiz53@correo.com,2025-06-08,Página web,Café caliente,Latte,2,34.31,68.62,en el lugar,False,14.0,Barra,individual,,,2025-08-30,09:45:00,entregado,pago en línea,pagado,371.13,59.38,430.51,27.0,5.0,Frecuente,True
2192,1885,53,Gabriela Ortiz,gabriela.ortiz53@correo.com,2025-06-08,Página web,Alimentos,Bagel con queso crema,2,49.21,98.42,en el lugar,False,14.0,Barra,individual,,,2025-08-30,09:45:00,entregado,pago en línea,pagado,371.13,59.38,430.51,27.0,5.0,Frecuente,True
2193,1886,67,Gabriela Flores,gabriela.flores67@correo.com,2025-04-17,Página web,Bebidas frías,Limonada,1,34.35,34.35,para llevar,False,,,,,,2026-02-08,11:20:00,cancelado,pago en línea,pendiente,134.27,21.48,155.75,,,Frecuente,True
2194,1886,67,Gabriela Flores,gabriela.flores67@correo.com,2025-04-17,Página web,Bebidas frías,Refresco de cola,2,26.88,53.76,para llevar,False,,,,,,2026-02-08,11:20:00,cancelado,pago en línea,pendiente,134.27,21.48,155.75,,,Frecuente,True
2195,1886,67,Gabriela Flores,gabriela.flores67@correo.com,2025-04-17,Página web,Repostería,Dona glaseada,1,46.16,46.16,para llevar,False,,,,,,2026-02-08,11:20:00,cancelado,pago en línea,pendiente,134.27,21.48,155.75,,,Frecuente,True
2196,1887,50,Ricardo Morales,ricardo.morales50@correo.com,2026-05-13,Página web,Repostería,Croissant,3,52.5,157.5,para llevar,False,,,,,,2026-05-29,20:10:00,listo,pago en línea,pagado,244.28,39.08,283.36,43.0,,VIP,True
2197,1887,50,Ricardo Morales,ricardo.morales50@correo.com,2026-05-13,Página web,Bebidas calientes,Chocolate caliente,2,43.39,86.78,para llevar,False,,,,,,2026-05-29,20:10:00,listo,pago en línea,pagado,244.28,39.08,283.36,43.0,,VIP,True
2198,1888,111,Ana Flores,ana.flores111@correo.com,2025-08-29,Página web,Bebidas calientes,Chocolate caliente,3,39.49,118.47,en el lugar,False,2.0,Barra,grupal,,,2026-02-09,11:50:00,cancelado,pago en línea,reembolsado,232.95,37.27,270.22,,,Frecuente,True
2199,1888,111,Ana Flores,ana.flores111@correo.com,2025-08-29,Página web,Bebidas calientes,Té chai,3,38.16,114.48,en el lugar,False,2.0,Barra,grupal,,,2026-02-09,11:50:00,cancelado,pago en línea,reembolsado,232.95,37.27,270.22,,,Frecuente,True
2200,1889,215,María Ramírez,maría.ramírez215@correo.com,2026-01-26,Página web,Alimentos,Bagel con queso crema,1,89.45,89.45,para llevar,False,,,,,,2026-05-03,11:15:00,entregado,pago en línea,pagado,248.85,39.82,288.67,13.0,5.0,VIP,True
2201,1889,215,María Ramírez,maría.ramírez215@correo.com,2026-01-26,Página web,Bebidas calientes,Té chai,1,32.29,32.29,para llevar,False,,,,,,2026-05-03,11:15:00,entregado,pago en línea,pagado,248.85,39.82,288.67,13.0,5.0,VIP,True
2202,1889,215,María Ramírez,maría.ramírez215@correo.com,2026-01-26,Página web,Café frío,Cold brew,3,42.37,127.11,para llevar,False,,,,,,2026-05-03,11:15:00,entregado,pago en línea,pagado,248.85,39.82,288.67,13.0,5.0,VIP,True
2203,1890,86,Pablo Gómez,pablo.gómez86@correo.com,2025-01-29,Presencial (mostrador),Repostería,Pay de queso,3,52.24,156.72,para llevar,False,,,,,,2026-02-07,20:50:00,entregado,transferencia,pagado,519.68,83.15,602.83,29.0,3.0,Recurrente,False
2204,1890,86,Pablo Gómez,pablo.gómez86@correo.com,2025-01-29,Presencial (mostrador),Alimentos,Ensalada César,2,69.97,139.94,para llevar,False,,,,,,2026-02-07,20:50:00,entregado,transferencia,pagado,519.68,83.15,602.83,29.0,3.0,Recurrente,False
2205,1890,86,Pablo Gómez,pablo.gómez86@correo.com,2025-01-29,Presencial (mostrador),Alimentos,Panini de jamón y queso,3,74.34,223.02,para llevar,False,,,,,,2026-02-07,20:50:00,entregado,transferencia,pagado,519.68,83.15,602.83,29.0,3.0,Recurrente,False
2206,1891,230,Diego Martínez,diego.martínez230@correo.com,2026-04-21,Página web,Café caliente,Latte,3,33.63,100.89,en el lugar,False,9.0,Barra,pareja,,,2026-05-16,12:15:00,en preparación,pago en línea,pagado,301.73,48.28,350.01,,,Recurrente,True
2207,1891,230,Diego Martínez,diego.martínez230@correo.com,2026-04-21,Página web,Repostería,Croissant,2,27.77,55.54,en el lugar,False,9.0,Barra,pareja,,,2026-05-16,12:15:00,en preparación,pago en línea,pagado,301.73,48.28,350.01,,,Recurrente,True
2208,1891,230,Diego Martínez,diego.martínez230@correo.com,2026-04-21,Página web,Repostería,Muffin de arándano,3,37.95,113.85,en el lugar,False,9.0,Barra,pareja,,,2026-05-16,12:15:00,en preparación,pago en línea,pagado,301.73,48.28,350.01,,,Recurrente,True
2209,1891,230,Diego Martínez,diego.martínez230@correo.com,2026-04-21,Página web,Bebidas frías,Té helado,1,31.45,31.45,en el lugar,False,9.0,Barra,pareja,,,2026-05-16,12:15:00,en preparación,pago en línea,pagado,301.73,48.28,350.01,,,Recurrente,True
2210,1892,98,Ricardo Martínez,ricardo.martínez98@correo.com,2025-10-18,Página web,Repostería,Pay de queso,2,31.36,62.72,para llevar,False,,,,,,2026-04-10,09:30:00,en preparación,pago en línea,pagado,208.41,33.35,241.76,,,VIP,True
2211,1892,98,Ricardo Martínez,ricardo.martínez98@correo.com,2025-10-18,Página web,Café frío,Frappé de café,1,48.6,48.6,para llevar,False,,,,,,2026-04-10,09:30:00,en preparación,pago en línea,pagado,208.41,33.35,241.76,,,VIP,True
2212,1892,98,Ricardo Martínez,ricardo.martínez98@correo.com,2025-10-18,Página web,Repostería,Croissant,2,33.39,66.78,para llevar,False,,,,,,2026-04-10,09:30:00,en preparación,pago en línea,pagado,208.41,33.35,241.76,,,VIP,True
2213,1892,98,Ricardo Martínez,ricardo.martínez98@correo.com,2025-10-18,Página web,Bebidas calientes,Té chai,1,30.31,30.31,para llevar,False,,,,,,2026-04-10,09:30:00,en preparación,pago en línea,pagado,208.41,33.35,241.76,,,VIP,True
2214,1893,29,María Flores,maría.flores29@correo.com,2026-06-04,Página web,Repostería,Muffin de arándano,3,32.47,97.41,para llevar,False,,,,,,2026-07-07,17:40:00,en preparación,efectivo,pagado,182.49,29.2,211.69,,,Frecuente,True
2215,1893,29,María Flores,maría.flores29@correo.com,2026-06-04,Página web,Café caliente,Latte,1,43.3,43.3,para llevar,False,,,,,,2026-07-07,17:40:00,en preparación,efectivo,pagado,182.49,29.2,211.69,,,Frecuente,True
2216,1893,29,María Flores,maría.flores29@correo.com,2026-06-04,Página web,Café frío,Frappuccino de caramelo,1,41.78,41.78,para llevar,False,,,,,,2026-07-07,17:40:00,en preparación,efectivo,pagado,182.49,29.2,211.69,,,Frecuente,True
2217,1894,64,Jorge Díaz,jorge.díaz64@correo.com,2025-03-12,Presencial (mesero),Café frío,Cold brew,3,45.88,137.64,en el lugar,True,4.0,Terraza,pareja,2025-07-11,completada,2025-07-14,14:40:00,en preparación,tarjeta,pagado,340.56,54.49,395.05,,,Frecuente,False
2218,1894,64,Jorge Díaz,jorge.díaz64@correo.com,2025-03-12,Presencial (mesero),Bebidas calientes,Té verde,2,39.78,79.56,en el lugar,True,4.0,Terraza,pareja,2025-07-11,completada,2025-07-14,14:40:00,en preparación,tarjeta,pagado,340.56,54.49,395.05,,,Frecuente,False
2219,1894,64,Jorge Díaz,jorge.díaz64@correo.com,2025-03-12,Presencial (mesero),Café frío,Frappuccino de caramelo,2,61.68,123.36,en el lugar,True,4.0,Terraza,pareja,2025-07-11,completada,2025-07-14,14:40:00,en preparación,tarjeta,pagado,340.56,54.49,395.05,,,Frecuente,False
2220,1895,156,Iván Ortiz,iván.ortiz156@correo.com,2026-05-06,Página web,Repostería,Dona glaseada,2,53.71,107.42,en el lugar,True,16.0,Salón principal,grupal,2026-06-08,no_show,2026-06-09,20:50:00,en preparación,pago en línea,pagado,266.49,42.64,309.13,,,VIP,True
2221,1895,156,Iván Ortiz,iván.ortiz156@correo.com,2026-05-06,Página web,Café frío,Frappuccino de caramelo,1,48.88,48.88,en el lugar,True,16.0,Salón principal,grupal,2026-06-08,no_show,2026-06-09,20:50:00,en preparación,pago en línea,pagado,266.49,42.64,309.13,,,VIP,True
2222,1895,156,Iván Ortiz,iván.ortiz156@correo.com,2026-05-06,Página web,Café frío,Frappuccino de caramelo,1,47.01,47.01,en el lugar,True,16.0,Salón principal,grupal,2026-06-08,no_show,2026-06-09,20:50:00,en preparación,pago en línea,pagado,266.49,42.64,309.13,,,VIP,True
2223,1895,156,Iván Ortiz,iván.ortiz156@correo.com,2026-05-06,Página web,Repostería,Pay de queso,2,31.59,63.18,en el lugar,True,16.0,Salón principal,grupal,2026-06-08,no_show,2026-06-09,20:50:00,en preparación,pago en línea,pagado,266.49,42.64,309.13,,,VIP,True
2224,1896,127,Diego Martínez,diego.martínez127@correo.com,2025-02-11,Presencial (mesero),Café caliente,Espresso,2,52.86,105.72,en el lugar,True,5.0,Barra,grupal,2025-04-15,completada,2025-04-15,17:00:00,en preparación,tarjeta,pagado,105.72,16.92,122.64,,,Frecuente,False
2225,1897,45,Carlos García,carlos.garcía45@correo.com,2025-03-04,Página web,Café caliente,Latte,3,28.71,86.13,para llevar,False,,,,,,2025-09-02,18:10:00,entregado,pago en línea,pagado,145.0,23.2,168.2,21.0,3.0,VIP,True
2226,1897,45,Carlos García,carlos.garcía45@correo.com,2025-03-04,Página web,Repostería,Croissant,1,58.87,58.87,para llevar,False,,,,,,2025-09-02,18:10:00,entregado,pago en línea,pagado,145.0,23.2,168.2,21.0,3.0,VIP,True
2227,1898,48,Ximena Martínez,ximena.martínez48@correo.com,2026-03-30,Página web,Café frío,Frappuccino de caramelo,2,53.67,107.34,para llevar,False,,,,,,2026-07-09,15:50:00,entregado,pago en línea,pagado,107.34,17.17,124.51,41.0,4.0,Frecuente,True
2228,1899,171,Lucía Flores,lucía.flores171@correo.com,2026-02-17,Página web,Bebidas calientes,Chocolate caliente,3,43.19,129.57,en el lugar,False,16.0,Salón principal,pareja,,,2026-05-28,09:55:00,entregado,pago en línea,pagado,257.71,41.23,298.94,19.0,4.0,VIP,True
2229,1899,171,Lucía Flores,lucía.flores171@correo.com,2026-02-17,Página web,Café frío,Cold brew,1,39.52,39.52,en el lugar,False,16.0,Salón principal,pareja,,,2026-05-28,09:55:00,entregado,pago en línea,pagado,257.71,41.23,298.94,19.0,4.0,VIP,True
2230,1899,171,Lucía Flores,lucía.flores171@correo.com,2026-02-17,Página web,Bebidas calientes,Infusión de manzanilla,3,29.54,88.62,en el lugar,False,16.0,Salón principal,pareja,,,2026-05-28,09:55:00,entregado,pago en línea,pagado,257.71,41.23,298.94,19.0,4.0,VIP,True
2231,1900,18,Yuleni Gómez,yuleni.gómez18@correo.com,2026-02-15,Presencial (mesero),Café caliente,Café de olla,3,37.45,112.35,en el lugar,False,8.0,Zona de estudio,individual,,,2026-02-15,11:25:00,entregado,tarjeta,pagado,343.33,54.93,398.26,20.0,3.0,VIP,False
2232,1900,18,Yuleni Gómez,yuleni.gómez18@correo.com,2026-02-15,Presencial (mesero),Café caliente,Latte,2,38.72,77.44,en el lugar,False,8.0,Zona de estudio,individual,,,2026-02-15,11:25:00,entregado,tarjeta,pagado,343.33,54.93,398.26,20.0,3.0,VIP,False
2233,1900,18,Yuleni Gómez,yuleni.gómez18@correo.com,2026-02-15,Presencial (mesero),Café caliente,Café de olla,1,54.36,54.36,en el lugar,False,8.0,Zona de estudio,individual,,,2026-02-15,11:25:00,entregado,tarjeta,pagado,343.33,54.93,398.26,20.0,3.0,VIP,False
2234,1900,18,Yuleni Gómez,yuleni.gómez18@correo.com,2026-02-15,Presencial (mesero),Café caliente,Café de olla,3,33.06,99.18,en el lugar,False,8.0,Zona de estudio,individual,,,2026-02-15,11:25:00,entregado,tarjeta,pagado,343.33,54.93,398.26,20.0,3.0,VIP,False
2235,1901,87,Alejandro Pérez,alejandro.pérez87@correo.com,2026-08-18,Página web,Bebidas frías,Jugo de naranja,2,32.64,65.28,para llevar,False,,,,,,2026-08-19,07:05:00,entregado,pago en línea,pagado,257.01,41.12,298.13,35.0,3.0,Frecuente,True
2236,1901,87,Alejandro Pérez,alejandro.pérez87@correo.com,2026-08-18,Página web,Café frío,Frappé de café,3,63.91,191.73,para llevar,False,,,,,,2026-08-19,07:05:00,entregado,pago en línea,pagado,257.01,41.12,298.13,35.0,3.0,Frecuente,True
2237,1902,168,Alejandro Vázquez,alejandro.vázquez168@correo.com,2025-07-22,Página web,Repostería,Croissant,1,30.08,30.08,para llevar,False,,,,,,2026-07-19,19:20:00,entregado,pago en línea,pagado,345.94,55.35,401.29,44.0,3.0,VIP,True
2238,1902,168,Alejandro Vázquez,alejandro.vázquez168@correo.com,2025-07-22,Página web,Café frío,Cold brew,2,39.25,78.5,para llevar,False,,,,,,2026-07-19,19:20:00,entregado,pago en línea,pagado,345.94,55.35,401.29,44.0,3.0,VIP,True
2239,1902,168,Alejandro Vázquez,alejandro.vázquez168@correo.com,2025-07-22,Página web,Café frío,Frappé de café,3,54.04,162.12,para llevar,False,,,,,,2026-07-19,19:20:00,entregado,pago en línea,pagado,345.94,55.35,401.29,44.0,3.0,VIP,True
2240,1902,168,Alejandro Vázquez,alejandro.vázquez168@correo.com,2025-07-22,Página web,Bebidas frías,Agua mineral,3,25.08,75.24,para llevar,False,,,,,,2026-07-19,19:20:00,entregado,pago en línea,pagado,345.94,55.35,401.29,44.0,3.0,VIP,True
2241,1903,14,Mariana Pérez,mariana.pérez14@correo.com,2026-01-15,Presencial (mesero),Repostería,Dona glaseada,3,26.73,80.19,en el lugar,True,12.0,Barra,individual,2026-02-20,completada,2026-02-23,18:50:00,en preparación,tarjeta,pagado,340.17,54.43,394.6,,,Frecuente,False
2242,1903,14,Mariana Pérez,mariana.pérez14@correo.com,2026-01-15,Presencial (mesero),Alimentos,Bagel con queso crema,3,86.66,259.98,en el lugar,True,12.0,Barra,individual,2026-02-20,completada,2026-02-23,18:50:00,en preparación,tarjeta,pagado,340.17,54.43,394.6,,,Frecuente,False
2243,1904,151,Marco Torres,marco.torres151@correo.com,2026-06-22,Página web,Café caliente,Latte,3,46.06,138.18,en el lugar,False,9.0,Barra,grupal,,,2026-07-22,20:15:00,listo,pago en línea,pagado,312.69,50.03,362.72,28.0,,Frecuente,True
2244,1904,151,Marco Torres,marco.torres151@correo.com,2026-06-22,Página web,Café frío,Café helado,3,58.17,174.51,en el lugar,False,9.0,Barra,grupal,,,2026-07-22,20:15:00,listo,pago en línea,pagado,312.69,50.03,362.72,28.0,,Frecuente,True
2245,1905,248,Estefanía García,estefanía.garcía248@correo.com,2025-03-07,Página web,Alimentos,Sandwich club,1,60.69,60.69,en el lugar,True,2.0,Zona de estudio,grupal,2025-08-03,completada,2025-08-06,07:50:00,listo,pago en línea,pagado,275.13,44.02,319.15,12.0,,Frecuente,True
2246,1905,248,Estefanía García,estefanía.garcía248@correo.com,2025-03-07,Página web,Repostería,Pay de queso,3,26.58,79.74,en el lugar,True,2.0,Zona de estudio,grupal,2025-08-03,completada,2025-08-06,07:50:00,listo,pago en línea,pagado,275.13,44.02,319.15,12.0,,Frecuente,True
2247,1905,248,Estefanía García,estefanía.garcía248@correo.com,2025-03-07,Página web,Repostería,Muffin de arándano,3,44.9,134.7,en el lugar,True,2.0,Zona de estudio,grupal,2025-08-03,completada,2025-08-06,07:50:00,listo,pago en línea,pagado,275.13,44.02,319.15,12.0,,Frecuente,True
2248,1906,226,Gabriela Díaz,gabriela.díaz226@correo.com,2025-04-03,Presencial (mesero),Repostería,Pay de queso,2,34.51,69.02,para llevar,False,,,,,,2025-10-08,08:30:00,entregado,transferencia,pagado,312.68,50.03,362.71,19.0,5.0,Frecuente,False
2249,1906,226,Gabriela Díaz,gabriela.díaz226@correo.com,2025-04-03,Presencial (mesero),Bebidas frías,Té helado,3,31.52,94.56,para llevar,False,,,,,,2025-10-08,08:30:00,entregado,transferencia,pagado,312.68,50.03,362.71,19.0,5.0,Frecuente,False
2250,1906,226,Gabriela Díaz,gabriela.díaz226@correo.com,2025-04-03,Presencial (mesero),Alimentos,Bagel con queso crema,2,74.55,149.1,para llevar,False,,,,,,2025-10-08,08:30:00,entregado,transferencia,pagado,312.68,50.03,362.71,19.0,5.0,Frecuente,False
2251,1907,214,Lucía Flores,lucía.flores214@correo.com,2025-07-23,Presencial (mesero),Café caliente,Café de olla,2,51.41,102.82,para llevar,False,,,,,,2025-08-22,14:00:00,entregado,efectivo,pagado,102.82,16.45,119.27,13.0,5.0,Frecuente,False
2252,1908,146,Iván Ramírez,iván.ramírez146@correo.com,2026-02-19,Presencial (mesero),Alimentos,Sandwich club,3,73.32,219.96,en el lugar,False,14.0,Barra,pareja,,,2026-03-29,11:05:00,entregado,transferencia,pagado,391.99,62.72,454.71,9.0,4.0,VIP,False
2253,1908,146,Iván Ramírez,iván.ramírez146@correo.com,2026-02-19,Presencial (mesero),Bebidas frías,Refresco de cola,1,24.31,24.31,en el lugar,False,14.0,Barra,pareja,,,2026-03-29,11:05:00,entregado,transferencia,pagado,391.99,62.72,454.71,9.0,4.0,VIP,False
2254,1908,146,Iván Ramírez,iván.ramírez146@correo.com,2026-02-19,Presencial (mesero),Café frío,Frappuccino de caramelo,1,49.72,49.72,en el lugar,False,14.0,Barra,pareja,,,2026-03-29,11:05:00,entregado,transferencia,pagado,391.99,62.72,454.71,9.0,4.0,VIP,False
2255,1908,146,Iván Ramírez,iván.ramírez146@correo.com,2026-02-19,Presencial (mesero),Alimentos,Bagel con queso crema,2,49.0,98.0,en el lugar,False,14.0,Barra,pareja,,,2026-03-29,11:05:00,entregado,transferencia,pagado,391.99,62.72,454.71,9.0,4.0,VIP,False
2256,1909,138,Daniela Jiménez,daniela.jiménez138@correo.com,2025-10-04,Página web,Bebidas calientes,Té verde,2,29.06,58.12,en el lugar,False,18.0,Barra,pareja,,,2026-05-27,12:55:00,entregado,pago en línea,pagado,123.32,19.73,143.05,9.0,5.0,Frecuente,True
2257,1909,138,Daniela Jiménez,daniela.jiménez138@correo.com,2025-10-04,Página web,Bebidas frías,Té helado,2,32.6,65.2,en el lugar,False,18.0,Barra,pareja,,,2026-05-27,12:55:00,entregado,pago en línea,pagado,123.32,19.73,143.05,9.0,5.0,Frecuente,True
2258,1910,137,Mariana Cruz,mariana.cruz137@correo.com,2025-06-06,Presencial (mostrador),Alimentos,Panini de jamón y queso,1,58.61,58.61,en el lugar,True,4.0,Salón principal,individual,2026-02-22,completada,2026-02-23,17:55:00,entregado,efectivo,pagado,131.25,21.0,152.25,43.0,5.0,Frecuente,False
2259,1910,137,Mariana Cruz,mariana.cruz137@correo.com,2025-06-06,Presencial (mostrador),Repostería,Brownie,1,47.4,47.4,en el lugar,True,4.0,Salón principal,individual,2026-02-22,completada,2026-02-23,17:55:00,entregado,efectivo,pagado,131.25,21.0,152.25,43.0,5.0,Frecuente,False
2260,1910,137,Mariana Cruz,mariana.cruz137@correo.com,2025-06-06,Presencial (mostrador),Repostería,Pay de queso,1,25.24,25.24,en el lugar,True,4.0,Salón principal,individual,2026-02-22,completada,2026-02-23,17:55:00,entregado,efectivo,pagado,131.25,21.0,152.25,43.0,5.0,Frecuente,False
2261,1911,163,Carlos Romero,carlos.romero163@correo.com,2025-04-12,Página web,Café frío,Frappuccino de caramelo,1,61.72,61.72,en el lugar,True,13.0,Zona de estudio,grupal,2025-12-02,completada,2025-12-05,13:20:00,en preparación,efectivo,pagado,247.67,39.63,287.3,,,Frecuente,True
2262,1911,163,Carlos Romero,carlos.romero163@correo.com,2025-04-12,Página web,Alimentos,Sandwich club,2,57.85,115.7,en el lugar,True,13.0,Zona de estudio,grupal,2025-12-02,completada,2025-12-05,13:20:00,en preparación,efectivo,pagado,247.67,39.63,287.3,,,Frecuente,True
2263,1911,163,Carlos Romero,carlos.romero163@correo.com,2025-04-12,Página web,Repostería,Concha,1,25.81,25.81,en el lugar,True,13.0,Zona de estudio,grupal,2025-12-02,completada,2025-12-05,13:20:00,en preparación,efectivo,pagado,247.67,39.63,287.3,,,Frecuente,True
2264,1911,163,Carlos Romero,carlos.romero163@correo.com,2025-04-12,Página web,Café frío,Café helado,1,44.44,44.44,en el lugar,True,13.0,Zona de estudio,grupal,2025-12-02,completada,2025-12-05,13:20:00,en preparación,efectivo,pagado,247.67,39.63,287.3,,,Frecuente,True
2265,1912,216,Iván Hernández,iván.hernández216@correo.com,2026-02-10,Presencial (mesero),Café frío,Frappuccino de caramelo,1,41.68,41.68,en el lugar,False,15.0,Barra,individual,,,2026-07-10,18:30:00,entregado,transferencia,pagado,222.12,35.54,257.66,41.0,5.0,Frecuente,False
2266,1912,216,Iván Hernández,iván.hernández216@correo.com,2026-02-10,Presencial (mesero),Café frío,Frappé de café,2,55.84,111.68,en el lugar,False,15.0,Barra,individual,,,2026-07-10,18:30:00,entregado,transferencia,pagado,222.12,35.54,257.66,41.0,5.0,Frecuente,False
2267,1912,216,Iván Hernández,iván.hernández216@correo.com,2026-02-10,Presencial (mesero),Bebidas frías,Refresco de cola,2,34.38,68.76,en el lugar,False,15.0,Barra,individual,,,2026-07-10,18:30:00,entregado,transferencia,pagado,222.12,35.54,257.66,41.0,5.0,Frecuente,False
2268,1913,57,Hugo Martínez,hugo.martínez57@correo.com,2025-07-10,Presencial (mostrador),Bebidas frías,Agua mineral,2,38.32,76.64,para llevar,False,,,,,,2025-09-30,14:30:00,entregado,efectivo,pagado,266.57,42.65,309.22,27.0,5.0,VIP,False
2269,1913,57,Hugo Martínez,hugo.martínez57@correo.com,2025-07-10,Presencial (mostrador),Bebidas frías,Jugo de naranja,2,36.81,73.62,para llevar,False,,,,,,2025-09-30,14:30:00,entregado,efectivo,pagado,266.57,42.65,309.22,27.0,5.0,VIP,False
2270,1913,57,Hugo Martínez,hugo.martínez57@correo.com,2025-07-10,Presencial (mostrador),Repostería,Brownie,3,38.77,116.31,para llevar,False,,,,,,2025-09-30,14:30:00,entregado,efectivo,pagado,266.57,42.65,309.22,27.0,5.0,VIP,False
2271,1914,27,Andrea García,andrea.garcía27@correo.com,2025-10-28,Presencial (mesero),Alimentos,Bagel con queso crema,1,82.65,82.65,en el lugar,True,8.0,Zona de estudio,grupal,2026-04-13,cancelada,2026-04-15,19:20:00,listo,tarjeta,pagado,82.65,13.22,95.87,24.0,,Frecuente,False
2272,1915,156,Iván Ortiz,iván.ortiz156@correo.com,2026-05-06,Página web,Café frío,Frappuccino de caramelo,3,56.71,170.13,en el lugar,True,14.0,Zona de estudio,individual,2026-06-09,completada,2026-06-10,16:35:00,entregado,pago en línea,pagado,317.3,50.77,368.07,38.0,3.0,VIP,True
2273,1915,156,Iván Ortiz,iván.ortiz156@correo.com,2026-05-06,Página web,Café frío,Café helado,1,37.99,37.99,en el lugar,True,14.0,Zona de estudio,individual,2026-06-09,completada,2026-06-10,16:35:00,entregado,pago en línea,pagado,317.3,50.77,368.07,38.0,3.0,VIP,True
2274,1915,156,Iván Ortiz,iván.ortiz156@correo.com,2026-05-06,Página web,Café frío,Frappé de café,1,64.02,64.02,en el lugar,True,14.0,Zona de estudio,individual,2026-06-09,completada,2026-06-10,16:35:00,entregado,pago en línea,pagado,317.3,50.77,368.07,38.0,3.0,VIP,True
2275,1915,156,Iván Ortiz,iván.ortiz156@correo.com,2026-05-06,Página web,Bebidas frías,Refresco de cola,2,22.58,45.16,en el lugar,True,14.0,Zona de estudio,individual,2026-06-09,completada,2026-06-10,16:35:00,entregado,pago en línea,pagado,317.3,50.77,368.07,38.0,3.0,VIP,True
2276,1916,52,José Reyes,josé.reyes52@correo.com,2025-09-29,Página web,Alimentos,Bagel con queso crema,2,87.96,175.92,para llevar,False,,,,,,2026-03-15,11:40:00,listo,pago en línea,pagado,331.6,53.06,384.66,12.0,,VIP,True
2277,1916,52,José Reyes,josé.reyes52@correo.com,2025-09-29,Página web,Café frío,Frappé de café,2,42.33,84.66,para llevar,False,,,,,,2026-03-15,11:40:00,listo,pago en línea,pagado,331.6,53.06,384.66,12.0,,VIP,True
2278,1916,52,José Reyes,josé.reyes52@correo.com,2025-09-29,Página web,Café caliente,Capuchino,2,35.51,71.02,para llevar,False,,,,,,2026-03-15,11:40:00,listo,pago en línea,pagado,331.6,53.06,384.66,12.0,,VIP,True
2279,1917,97,Óscar Sánchez,óscar.sánchez97@correo.com,2026-06-08,Página web,Café frío,Frappé de café,2,41.12,82.24,para llevar,False,,,,,,2026-06-26,18:45:00,entregado,tarjeta,pagado,82.24,13.16,95.4,33.0,5.0,Frecuente,True
2280,1918,128,Ximena Sánchez,ximena.sánchez128@correo.com,2025-01-21,Presencial (mostrador),Café caliente,Café de olla,3,53.38,160.14,para llevar,False,,,,,,2026-01-20,15:55:00,entregado,transferencia,pagado,390.74,62.52,453.26,12.0,5.0,Frecuente,False
2281,1918,128,Ximena Sánchez,ximena.sánchez128@correo.com,2025-01-21,Presencial (mostrador),Café caliente,Café de olla,2,44.46,88.92,para llevar,False,,,,,,2026-01-20,15:55:00,entregado,transferencia,pagado,390.74,62.52,453.26,12.0,5.0,Frecuente,False
2282,1918,128,Ximena Sánchez,ximena.sánchez128@correo.com,2025-01-21,Presencial (mostrador),Café caliente,Capuchino,2,47.06,94.12,para llevar,False,,,,,,2026-01-20,15:55:00,entregado,transferencia,pagado,390.74,62.52,453.26,12.0,5.0,Frecuente,False
2283,1918,128,Ximena Sánchez,ximena.sánchez128@correo.com,2025-01-21,Presencial (mostrador),Bebidas frías,Agua mineral,2,23.78,47.56,para llevar,False,,,,,,2026-01-20,15:55:00,entregado,transferencia,pagado,390.74,62.52,453.26,12.0,5.0,Frecuente,False
2284,1919,249,Óscar Díaz,óscar.díaz249@correo.com,2026-06-10,Página web,Café frío,Café helado,3,48.73,146.19,en el lugar,True,6.0,Salón principal,pareja,2026-07-07,no_show,2026-07-08,15:40:00,listo,pago en línea,pagado,193.39,30.94,224.33,9.0,,Frecuente,True
2285,1919,249,Óscar Díaz,óscar.díaz249@correo.com,2026-06-10,Página web,Café frío,Café helado,1,47.2,47.2,en el lugar,True,6.0,Salón principal,pareja,2026-07-07,no_show,2026-07-08,15:40:00,listo,pago en línea,pagado,193.39,30.94,224.33,9.0,,Frecuente,True
2286,1920,61,Sergio Ramírez,sergio.ramírez61@correo.com,2025-09-29,Página web,Bebidas calientes,Chocolate caliente,3,36.38,109.14,en el lugar,False,13.0,Terraza,individual,,,2026-03-02,10:50:00,entregado,transferencia,pagado,316.29,50.61,366.9,39.0,4.0,Frecuente,True
2287,1920,61,Sergio Ramírez,sergio.ramírez61@correo.com,2025-09-29,Página web,Repostería,Pay de queso,1,51.36,51.36,en el lugar,False,13.0,Terraza,individual,,,2026-03-02,10:50:00,entregado,transferencia,pagado,316.29,50.61,366.9,39.0,4.0,Frecuente,True
2288,1920,61,Sergio Ramírez,sergio.ramírez61@correo.com,2025-09-29,Página web,Café caliente,Americano,3,51.93,155.79,en el lugar,False,13.0,Terraza,individual,,,2026-03-02,10:50:00,entregado,transferencia,pagado,316.29,50.61,366.9,39.0,4.0,Frecuente,True
2289,1921,170,Ricardo Flores,ricardo.flores170@correo.com,2026-08-06,Página web,Café caliente,Americano,2,34.17,68.34,para llevar,False,,,,,,2026-08-13,11:05:00,entregado,pago en línea,pagado,207.56,33.21,240.77,29.0,5.0,VIP,True
2290,1921,170,Ricardo Flores,ricardo.flores170@correo.com,2026-08-06,Página web,Repostería,Concha,2,30.72,61.44,para llevar,False,,,,,,2026-08-13,11:05:00,entregado,pago en línea,pagado,207.56,33.21,240.77,29.0,5.0,VIP,True
2291,1921,170,Ricardo Flores,ricardo.flores170@correo.com,2026-08-06,Página web,Bebidas frías,Jugo de naranja,2,38.89,77.78,para llevar,False,,,,,,2026-08-13,11:05:00,entregado,pago en línea,pagado,207.56,33.21,240.77,29.0,5.0,VIP,True
2292,1922,167,Iván Flores,iván.flores167@correo.com,2026-04-10,Página web,Café frío,Cold brew,1,61.33,61.33,en el lugar,False,8.0,Terraza,individual,,,2026-05-20,10:15:00,entregado,pago en línea,pagado,61.33,9.81,71.14,20.0,5.0,Frecuente,True
2293,1923,61,Sergio Ramírez,sergio.ramírez61@correo.com,2025-09-29,Página web,Repostería,Croissant,1,56.45,56.45,en el lugar,True,14.0,Barra,pareja,2026-02-05,completada,2026-02-05,13:35:00,entregado,pago en línea,pagado,172.84,27.65,200.49,24.0,4.0,Frecuente,True
2294,1923,61,Sergio Ramírez,sergio.ramírez61@correo.com,2025-09-29,Página web,Café caliente,Americano,1,35.51,35.51,en el lugar,True,14.0,Barra,pareja,2026-02-05,completada,2026-02-05,13:35:00,entregado,pago en línea,pagado,172.84,27.65,200.49,24.0,4.0,Frecuente,True
2295,1923,61,Sergio Ramírez,sergio.ramírez61@correo.com,2025-09-29,Página web,Repostería,Croissant,3,26.96,80.88,en el lugar,True,14.0,Barra,pareja,2026-02-05,completada,2026-02-05,13:35:00,entregado,pago en línea,pagado,172.84,27.65,200.49,24.0,4.0,Frecuente,True
2296,1924,86,Pablo Gómez,pablo.gómez86@correo.com,2025-01-29,Página web,Café frío,Café helado,3,48.75,146.25,para llevar,False,,,,,,2026-06-12,09:15:00,en preparación,pago en línea,pagado,146.25,23.4,169.65,,,Recurrente,True
2297,1925,77,María Díaz,maría.díaz77@correo.com,2026-07-28,Presencial (mostrador),Bebidas calientes,Infusión de manzanilla,2,43.33,86.66,en el lugar,False,5.0,Zona de estudio,individual,,,2026-07-28,08:35:00,en preparación,efectivo,pagado,468.24,74.92,543.16,,,VIP,False
2298,1925,77,María Díaz,maría.díaz77@correo.com,2026-07-28,Presencial (mostrador),Repostería,Dona glaseada,2,55.91,111.82,en el lugar,False,5.0,Zona de estudio,individual,,,2026-07-28,08:35:00,en preparación,efectivo,pagado,468.24,74.92,543.16,,,VIP,False
2299,1925,77,María Díaz,maría.díaz77@correo.com,2026-07-28,Presencial (mostrador),Alimentos,Sandwich club,1,86.58,86.58,en el lugar,False,5.0,Zona de estudio,individual,,,2026-07-28,08:35:00,en preparación,efectivo,pagado,468.24,74.92,543.16,,,VIP,False
2300,1925,77,María Díaz,maría.díaz77@correo.com,2026-07-28,Presencial (mostrador),Alimentos,Panini de jamón y queso,3,61.06,183.18,en el lugar,False,5.0,Zona de estudio,individual,,,2026-07-28,08:35:00,en preparación,efectivo,pagado,468.24,74.92,543.16,,,VIP,False
2301,1926,12,Diego Flores,diego.flores12@correo.com,2025-03-23,Presencial (mostrador),Café frío,Café helado,3,52.96,158.88,en el lugar,True,15.0,Salón principal,grupal,2025-09-23,completada,2025-09-26,11:00:00,entregado,efectivo,pagado,214.3,34.29,248.59,40.0,4.0,Frecuente,False
2302,1926,12,Diego Flores,diego.flores12@correo.com,2025-03-23,Presencial (mostrador),Bebidas frías,Agua mineral,2,27.71,55.42,en el lugar,True,15.0,Salón principal,grupal,2025-09-23,completada,2025-09-26,11:00:00,entregado,efectivo,pagado,214.3,34.29,248.59,40.0,4.0,Frecuente,False
2303,1927,242,Ana Castillo,ana.castillo242@correo.com,2025-08-01,Presencial (mesero),Café frío,Frappé de café,1,38.9,38.9,para llevar,False,,,,,,2026-08-07,18:10:00,entregado,tarjeta,pagado,38.9,6.22,45.12,15.0,1.0,Frecuente,False
2304,1928,32,Camila Ramírez,camila.ramírez32@correo.com,2025-03-01,Página web,Bebidas calientes,Té chai,1,34.09,34.09,para llevar,False,,,,,,2026-06-12,15:00:00,entregado,pago en línea,pagado,34.09,5.45,39.54,39.0,3.0,VIP,True
2305,1929,82,Diego Sánchez,diego.sánchez82@correo.com,2026-04-17,Presencial (mostrador),Café frío,Café helado,2,57.06,114.12,en el lugar,False,12.0,Terraza,grupal,,,2026-05-24,18:00:00,cancelado,transferencia,reembolsado,330.69,52.91,383.6,,,VIP,False
2306,1929,82,Diego Sánchez,diego.sánchez82@correo.com,2026-04-17,Presencial (mostrador),Café caliente,Latte,3,30.75,92.25,en el lugar,False,12.0,Terraza,grupal,,,2026-05-24,18:00:00,cancelado,transferencia,reembolsado,330.69,52.91,383.6,,,VIP,False
2307,1929,82,Diego Sánchez,diego.sánchez82@correo.com,2026-04-17,Presencial (mostrador),Café frío,Cold brew,2,62.16,124.32,en el lugar,False,12.0,Terraza,grupal,,,2026-05-24,18:00:00,cancelado,transferencia,reembolsado,330.69,52.91,383.6,,,VIP,False
2308,1930,141,Regina Gómez,regina.gómez141@correo.com,2025-07-06,Presencial (mostrador),Café frío,Frappé de café,2,46.27,92.54,para llevar,False,,,,,,2025-11-10,10:40:00,entregado,tarjeta,pagado,330.29,52.85,383.14,32.0,3.0,Frecuente,False
2309,1930,141,Regina Gómez,regina.gómez141@correo.com,2025-07-06,Presencial (mostrador),Alimentos,Ensalada César,3,79.25,237.75,para llevar,False,,,,,,2025-11-10,10:40:00,entregado,tarjeta,pagado,330.29,52.85,383.14,32.0,3.0,Frecuente,False
2310,1931,215,María Ramírez,maría.ramírez215@correo.com,2026-01-26,Presencial (mostrador),Bebidas frías,Jugo de naranja,1,29.98,29.98,en el lugar,False,7.0,Zona de estudio,pareja,,,2026-03-16,10:55:00,entregado,efectivo,pagado,149.51,23.92,173.43,32.0,4.0,VIP,False
2311,1931,215,María Ramírez,maría.ramírez215@correo.com,2026-01-26,Presencial (mostrador),Bebidas frías,Jugo de naranja,1,38.45,38.45,en el lugar,False,7.0,Zona de estudio,pareja,,,2026-03-16,10:55:00,entregado,efectivo,pagado,149.51,23.92,173.43,32.0,4.0,VIP,False
2312,1931,215,María Ramírez,maría.ramírez215@correo.com,2026-01-26,Presencial (mostrador),Café caliente,Capuchino,2,40.54,81.08,en el lugar,False,7.0,Zona de estudio,pareja,,,2026-03-16,10:55:00,entregado,efectivo,pagado,149.51,23.92,173.43,32.0,4.0,VIP,False
2313,1932,135,Julián Castillo,julián.castillo135@correo.com,2026-03-15,Página web,Alimentos,Bagel con queso crema,3,58.4,175.2,en el lugar,True,15.0,Barra,pareja,2026-07-21,completada,2026-07-22,17:25:00,entregado,pago en línea,pagado,306.27,49.0,355.27,33.0,5.0,VIP,True
2314,1932,135,Julián Castillo,julián.castillo135@correo.com,2026-03-15,Página web,Alimentos,Panini de jamón y queso,1,68.71,68.71,en el lugar,True,15.0,Barra,pareja,2026-07-21,completada,2026-07-22,17:25:00,entregado,pago en línea,pagado,306.27,49.0,355.27,33.0,5.0,VIP,True
2315,1932,135,Julián Castillo,julián.castillo135@correo.com,2026-03-15,Página web,Café frío,Cold brew,1,62.36,62.36,en el lugar,True,15.0,Barra,pareja,2026-07-21,completada,2026-07-22,17:25:00,entregado,pago en línea,pagado,306.27,49.0,355.27,33.0,5.0,VIP,True
2316,1933,157,Carlos Torres,carlos.torres157@correo.com,2026-05-05,Página web,Café caliente,Americano,2,43.97,87.94,en el lugar,True,12.0,Salón principal,individual,2026-06-16,completada,2026-06-18,15:05:00,entregado,tarjeta,pagado,137.48,22.0,159.48,37.0,5.0,VIP,True
2317,1933,157,Carlos Torres,carlos.torres157@correo.com,2026-05-05,Página web,Repostería,Dona glaseada,1,49.54,49.54,en el lugar,True,12.0,Salón principal,individual,2026-06-16,completada,2026-06-18,15:05:00,entregado,tarjeta,pagado,137.48,22.0,159.48,37.0,5.0,VIP,True
2318,1934,229,Diego Ortiz,diego.ortiz229@correo.com,2025-01-26,Página web,Bebidas calientes,Té verde,1,26.94,26.94,en el lugar,True,6.0,Terraza,pareja,2025-06-29,completada,2025-07-02,17:30:00,entregado,pago en línea,pagado,26.94,4.31,31.25,22.0,4.0,Frecuente,True
2319,1935,208,Mariana Morales,mariana.morales208@correo.com,2025-05-30,Página web,Café caliente,Americano,3,49.12,147.36,en el lugar,False,8.0,Salón principal,individual,,,2026-04-30,15:00:00,listo,pago en línea,pagado,182.72,29.24,211.96,31.0,,Frecuente,True
2320,1935,208,Mariana Morales,mariana.morales208@correo.com,2025-05-30,Página web,Repostería,Dona glaseada,1,35.36,35.36,en el lugar,False,8.0,Salón principal,individual,,,2026-04-30,15:00:00,listo,pago en línea,pagado,182.72,29.24,211.96,31.0,,Frecuente,True
2321,1936,21,Gabriela Castillo,gabriela.castillo21@correo.com,2025-09-27,Página web,Repostería,Brownie,2,43.8,87.6,en el lugar,False,10.0,Terraza,individual,,,2026-06-29,09:30:00,listo,pago en línea,pagado,290.88,46.54,337.42,40.0,,Frecuente,True
2322,1936,21,Gabriela Castillo,gabriela.castillo21@correo.com,2025-09-27,Página web,Alimentos,Ensalada César,1,94.44,94.44,en el lugar,False,10.0,Terraza,individual,,,2026-06-29,09:30:00,listo,pago en línea,pagado,290.88,46.54,337.42,40.0,,Frecuente,True
2323,1936,21,Gabriela Castillo,gabriela.castillo21@correo.com,2025-09-27,Página web,Café frío,Frappé de café,3,36.28,108.84,en el lugar,False,10.0,Terraza,individual,,,2026-06-29,09:30:00,listo,pago en línea,pagado,290.88,46.54,337.42,40.0,,Frecuente,True
2324,1937,147,Mariana Ortiz,mariana.ortiz147@correo.com,2026-07-21,Página web,Bebidas calientes,Infusión de manzanilla,1,30.64,30.64,para llevar,False,,,,,,2026-08-19,14:35:00,listo,pago en línea,pagado,277.53,44.4,321.93,35.0,,Frecuente,True
2325,1937,147,Mariana Ortiz,mariana.ortiz147@correo.com,2026-07-21,Página web,Alimentos,Ensalada César,1,83.75,83.75,para llevar,False,,,,,,2026-08-19,14:35:00,listo,pago en línea,pagado,277.53,44.4,321.93,35.0,,Frecuente,True
2326,1937,147,Mariana Ortiz,mariana.ortiz147@correo.com,2026-07-21,Página web,Café caliente,Café de olla,3,39.75,119.25,para llevar,False,,,,,,2026-08-19,14:35:00,listo,pago en línea,pagado,277.53,44.4,321.93,35.0,,Frecuente,True
2327,1937,147,Mariana Ortiz,mariana.ortiz147@correo.com,2026-07-21,Página web,Café frío,Cold brew,1,43.89,43.89,para llevar,False,,,,,,2026-08-19,14:35:00,listo,pago en línea,pagado,277.53,44.4,321.93,35.0,,Frecuente,True
2328,1938,195,Pablo Reyes,pablo.reyes195@correo.com,2026-04-12,Página web,Bebidas frías,Agua mineral,3,30.64,91.92,para llevar,False,,,,,,2026-05-19,09:05:00,entregado,pago en línea,pagado,235.26,37.64,272.9,15.0,3.0,VIP,True
2329,1938,195,Pablo Reyes,pablo.reyes195@correo.com,2026-04-12,Página web,Café caliente,Capuchino,3,47.78,143.34,para llevar,False,,,,,,2026-05-19,09:05:00,entregado,pago en línea,pagado,235.26,37.64,272.9,15.0,3.0,VIP,True
2330,1939,170,Ricardo Flores,ricardo.flores170@correo.com,2026-08-06,Página web,Café caliente,Americano,2,51.63,103.26,en el lugar,True,20.0,Zona de estudio,grupal,2026-08-07,completada,2026-08-07,14:45:00,entregado,pago en línea,pagado,103.26,16.52,119.78,18.0,5.0,VIP,True
2331,1940,106,Fernanda Cruz,fernanda.cruz106@correo.com,2025-05-17,Página web,Café caliente,Capuchino,2,45.06,90.12,en el lugar,False,18.0,Zona de estudio,individual,,,2026-05-13,07:00:00,entregado,pago en línea,pagado,90.12,14.42,104.54,25.0,3.0,Frecuente,True
2332,1941,77,María Díaz,maría.díaz77@correo.com,2026-07-28,Página web,Bebidas frías,Limonada,2,33.2,66.4,para llevar,False,,,,,,2026-08-04,15:15:00,entregado,pago en línea,pagado,245.48,39.28,284.76,21.0,3.0,VIP,True
2333,1941,77,María Díaz,maría.díaz77@correo.com,2026-07-28,Página web,Bebidas frías,Jugo de naranja,1,21.25,21.25,para llevar,False,,,,,,2026-08-04,15:15:00,entregado,pago en línea,pagado,245.48,39.28,284.76,21.0,3.0,VIP,True
2334,1941,77,María Díaz,maría.díaz77@correo.com,2026-07-28,Página web,Alimentos,Panini de jamón y queso,1,71.7,71.7,para llevar,False,,,,,,2026-08-04,15:15:00,entregado,pago en línea,pagado,245.48,39.28,284.76,21.0,3.0,VIP,True
2335,1941,77,María Díaz,maría.díaz77@correo.com,2026-07-28,Página web,Alimentos,Bagel con queso crema,1,86.13,86.13,para llevar,False,,,,,,2026-08-04,15:15:00,entregado,pago en línea,pagado,245.48,39.28,284.76,21.0,3.0,VIP,True
2336,1942,32,Camila Ramírez,camila.ramírez32@correo.com,2025-03-01,Página web,Café frío,Frappuccino de caramelo,1,48.65,48.65,en el lugar,True,16.0,Barra,grupal,2026-07-27,completada,2026-07-27,16:30:00,entregado,transferencia,pagado,319.21,51.07,370.28,14.0,4.0,VIP,True
2337,1942,32,Camila Ramírez,camila.ramírez32@correo.com,2025-03-01,Página web,Café frío,Frappuccino de caramelo,1,51.56,51.56,en el lugar,True,16.0,Barra,grupal,2026-07-27,completada,2026-07-27,16:30:00,entregado,transferencia,pagado,319.21,51.07,370.28,14.0,4.0,VIP,True
2338,1942,32,Camila Ramírez,camila.ramírez32@correo.com,2025-03-01,Página web,Café caliente,Espresso,1,54.27,54.27,en el lugar,True,16.0,Barra,grupal,2026-07-27,completada,2026-07-27,16:30:00,entregado,transferencia,pagado,319.21,51.07,370.28,14.0,4.0,VIP,True
2339,1942,32,Camila Ramírez,camila.ramírez32@correo.com,2025-03-01,Página web,Café frío,Cold brew,3,54.91,164.73,en el lugar,True,16.0,Barra,grupal,2026-07-27,completada,2026-07-27,16:30:00,entregado,transferencia,pagado,319.21,51.07,370.28,14.0,4.0,VIP,True
2340,1943,238,María Díaz,maría.díaz238@correo.com,2026-07-12,Presencial (mostrador),Bebidas frías,Refresco de cola,3,26.51,79.53,para llevar,False,,,,,,2026-08-15,20:40:00,en preparación,tarjeta,pagado,79.53,12.72,92.25,,,Frecuente,False
2341,1944,66,Pablo Flores,pablo.flores66@correo.com,2026-06-26,Presencial (mesero),Alimentos,Ensalada César,1,86.28,86.28,para llevar,False,,,,,,2026-08-09,07:30:00,entregado,transferencia,pagado,86.28,13.8,100.08,42.0,5.0,VIP,False
2342,1945,201,Paola Morales,paola.morales201@correo.com,2025-06-08,Presencial (mesero),Bebidas frías,Refresco de cola,3,39.13,117.39,para llevar,False,,,,,,2026-03-02,08:50:00,entregado,efectivo,pagado,402.58,64.41,466.99,30.0,4.0,Frecuente,False
2343,1945,201,Paola Morales,paola.morales201@correo.com,2025-06-08,Presencial (mesero),Café caliente,Latte,3,52.79,158.37,para llevar,False,,,,,,2026-03-02,08:50:00,entregado,efectivo,pagado,402.58,64.41,466.99,30.0,4.0,Frecuente,False
2344,1945,201,Paola Morales,paola.morales201@correo.com,2025-06-08,Presencial (mesero),Bebidas calientes,Té chai,1,32.05,32.05,para llevar,False,,,,,,2026-03-02,08:50:00,entregado,efectivo,pagado,402.58,64.41,466.99,30.0,4.0,Frecuente,False
2345,1945,201,Paola Morales,paola.morales201@correo.com,2025-06-08,Presencial (mesero),Bebidas frías,Refresco de cola,3,31.59,94.77,para llevar,False,,,,,,2026-03-02,08:50:00,entregado,efectivo,pagado,402.58,64.41,466.99,30.0,4.0,Frecuente,False
2346,1946,219,Alejandro López,alejandro.lópez219@correo.com,2025-04-10,Presencial (mostrador),Bebidas calientes,Infusión de manzanilla,1,32.54,32.54,para llevar,False,,,,,,2026-03-14,14:10:00,listo,transferencia,pagado,139.58,22.33,161.91,30.0,,Recurrente,False
2347,1946,219,Alejandro López,alejandro.lópez219@correo.com,2025-04-10,Presencial (mostrador),Bebidas calientes,Infusión de manzanilla,3,35.68,107.04,para llevar,False,,,,,,2026-03-14,14:10:00,listo,transferencia,pagado,139.58,22.33,161.91,30.0,,Recurrente,False
2348,1947,245,Daniela García,daniela.garcía245@correo.com,2025-01-27,Presencial (mostrador),Repostería,Muffin de arándano,3,32.82,98.46,para llevar,False,,,,,,2025-05-03,09:25:00,entregado,transferencia,pagado,138.69,22.19,160.88,27.0,3.0,Frecuente,False
2349,1947,245,Daniela García,daniela.garcía245@correo.com,2025-01-27,Presencial (mostrador),Repostería,Dona glaseada,1,40.23,40.23,para llevar,False,,,,,,2025-05-03,09:25:00,entregado,transferencia,pagado,138.69,22.19,160.88,27.0,3.0,Frecuente,False
2350,1948,172,Regina Cruz,regina.cruz172@correo.com,2025-03-24,Página web,Alimentos,Ensalada César,3,48.15,144.45,para llevar,False,,,,,,2025-08-10,16:45:00,entregado,pago en línea,pagado,423.43,67.75,491.18,44.0,5.0,Frecuente,True
2351,1948,172,Regina Cruz,regina.cruz172@correo.com,2025-03-24,Página web,Alimentos,Panini de jamón y queso,2,69.22,138.44,para llevar,False,,,,,,2025-08-10,16:45:00,entregado,pago en línea,pagado,423.43,67.75,491.18,44.0,5.0,Frecuente,True
2352,1948,172,Regina Cruz,regina.cruz172@correo.com,2025-03-24,Página web,Bebidas frías,Té helado,2,31.06,62.12,para llevar,False,,,,,,2025-08-10,16:45:00,entregado,pago en línea,pagado,423.43,67.75,491.18,44.0,5.0,Frecuente,True
2353,1948,172,Regina Cruz,regina.cruz172@correo.com,2025-03-24,Página web,Bebidas frías,Refresco de cola,3,26.14,78.42,para llevar,False,,,,,,2025-08-10,16:45:00,entregado,pago en línea,pagado,423.43,67.75,491.18,44.0,5.0,Frecuente,True
2354,1949,114,Ana Morales,ana.morales114@correo.com,2026-02-22,Página web,Bebidas frías,Agua mineral,3,24.13,72.39,en el lugar,False,17.0,Zona de estudio,individual,,,2026-05-05,13:20:00,entregado,pago en línea,pagado,356.55,57.05,413.6,33.0,4.0,Frecuente,True
2355,1949,114,Ana Morales,ana.morales114@correo.com,2026-02-22,Página web,Bebidas calientes,Té chai,1,44.94,44.94,en el lugar,False,17.0,Zona de estudio,individual,,,2026-05-05,13:20:00,entregado,pago en línea,pagado,356.55,57.05,413.6,33.0,4.0,Frecuente,True
2356,1949,114,Ana Morales,ana.morales114@correo.com,2026-02-22,Página web,Repostería,Brownie,3,43.68,131.04,en el lugar,False,17.0,Zona de estudio,individual,,,2026-05-05,13:20:00,entregado,pago en línea,pagado,356.55,57.05,413.6,33.0,4.0,Frecuente,True
2357,1949,114,Ana Morales,ana.morales114@correo.com,2026-02-22,Página web,Repostería,Muffin de arándano,3,36.06,108.18,en el lugar,False,17.0,Zona de estudio,individual,,,2026-05-05,13:20:00,entregado,pago en línea,pagado,356.55,57.05,413.6,33.0,4.0,Frecuente,True
2358,1950,93,Iván Castillo,iván.castillo93@correo.com,2025-05-11,Presencial (mesero),Alimentos,Bagel con queso crema,3,93.06,279.18,para llevar,False,,,,,,2026-08-02,07:25:00,en preparación,efectivo,pagado,395.61,63.3,458.91,,,Frecuente,False
2359,1950,93,Iván Castillo,iván.castillo93@correo.com,2025-05-11,Presencial (mesero),Café caliente,Latte,3,38.81,116.43,para llevar,False,,,,,,2026-08-02,07:25:00,en preparación,efectivo,pagado,395.61,63.3,458.91,,,Frecuente,False
2360,1951,109,Marco Cruz,marco.cruz109@correo.com,2025-09-23,Página web,Repostería,Pay de queso,3,35.68,107.04,en el lugar,True,17.0,Terraza,individual,2025-10-24,completada,2025-10-24,07:40:00,entregado,pago en línea,pagado,107.04,17.13,124.17,38.0,4.0,Frecuente,True
2361,1952,43,Marco Ramírez,marco.ramírez43@correo.com,2026-04-30,Presencial (mesero),Café frío,Frappé de café,3,55.39,166.17,en el lugar,True,8.0,Terraza,individual,2026-05-30,cancelada,2026-06-02,20:55:00,en preparación,efectivo,pagado,166.17,26.59,192.76,,,VIP,False
2362,1953,51,Sofía De la Cruz,sofía.delacruz51@correo.com,2025-06-18,Página web,Repostería,Concha,2,44.53,89.06,en el lugar,False,20.0,Zona de estudio,grupal,,,2026-01-03,19:50:00,entregado,tarjeta,pagado,317.38,50.78,368.16,38.0,5.0,Frecuente,True
2363,1953,51,Sofía De la Cruz,sofía.delacruz51@correo.com,2025-06-18,Página web,Bebidas frías,Limonada,3,36.51,109.53,en el lugar,False,20.0,Zona de estudio,grupal,,,2026-01-03,19:50:00,entregado,tarjeta,pagado,317.38,50.78,368.16,38.0,5.0,Frecuente,True
2364,1953,51,Sofía De la Cruz,sofía.delacruz51@correo.com,2025-06-18,Página web,Bebidas frías,Agua mineral,1,28.64,28.64,en el lugar,False,20.0,Zona de estudio,grupal,,,2026-01-03,19:50:00,entregado,tarjeta,pagado,317.38,50.78,368.16,38.0,5.0,Frecuente,True
2365,1953,51,Sofía De la Cruz,sofía.delacruz51@correo.com,2025-06-18,Página web,Bebidas frías,Té helado,3,30.05,90.15,en el lugar,False,20.0,Zona de estudio,grupal,,,2026-01-03,19:50:00,entregado,tarjeta,pagado,317.38,50.78,368.16,38.0,5.0,Frecuente,True
2366,1954,7,Valeria Gómez,valeria.gómez7@correo.com,2025-04-15,Presencial (mesero),Repostería,Dona glaseada,2,29.3,58.6,para llevar,False,,,,,,2025-07-06,13:50:00,entregado,efectivo,pagado,361.25,57.8,419.05,33.0,4.0,Frecuente,False
2367,1954,7,Valeria Gómez,valeria.gómez7@correo.com,2025-04-15,Presencial (mesero),Café frío,Café helado,3,62.57,187.71,para llevar,False,,,,,,2025-07-06,13:50:00,entregado,efectivo,pagado,361.25,57.8,419.05,33.0,4.0,Frecuente,False
2368,1954,7,Valeria Gómez,valeria.gómez7@correo.com,2025-04-15,Presencial (mesero),Repostería,Muffin de arándano,2,29.6,59.2,para llevar,False,,,,,,2025-07-06,13:50:00,entregado,efectivo,pagado,361.25,57.8,419.05,33.0,4.0,Frecuente,False
2369,1954,7,Valeria Gómez,valeria.gómez7@correo.com,2025-04-15,Presencial (mesero),Bebidas frías,Té helado,2,27.87,55.74,para llevar,False,,,,,,2025-07-06,13:50:00,entregado,efectivo,pagado,361.25,57.8,419.05,33.0,4.0,Frecuente,False
2370,1955,131,Fernanda Pérez,fernanda.pérez131@correo.com,2025-11-15,Presencial (mesero),Repostería,Muffin de arándano,2,46.39,92.78,para llevar,False,,,,,,2026-05-25,09:20:00,listo,efectivo,pagado,92.78,14.84,107.62,38.0,,Frecuente,False
2371,1956,44,María Morales,maría.morales44@correo.com,2025-12-29,Presencial (mostrador),Repostería,Croissant,3,32.54,97.62,para llevar,False,,,,,,2026-02-02,12:30:00,en preparación,efectivo,pagado,97.62,15.62,113.24,,,VIP,False
2372,1957,25,Adrián Romero,adrián.romero25@correo.com,2026-04-25,Página web,Repostería,Brownie,2,35.1,70.2,para llevar,False,,,,,,2026-07-16,17:20:00,entregado,pago en línea,pagado,211.6,33.86,245.46,26.0,2.0,Recurrente,True
2373,1957,25,Adrián Romero,adrián.romero25@correo.com,2026-04-25,Página web,Repostería,Muffin de arándano,1,45.91,45.91,para llevar,False,,,,,,2026-07-16,17:20:00,entregado,pago en línea,pagado,211.6,33.86,245.46,26.0,2.0,Recurrente,True
2374,1957,25,Adrián Romero,adrián.romero25@correo.com,2026-04-25,Página web,Bebidas frías,Refresco de cola,2,26.53,53.06,para llevar,False,,,,,,2026-07-16,17:20:00,entregado,pago en línea,pagado,211.6,33.86,245.46,26.0,2.0,Recurrente,True
2375,1957,25,Adrián Romero,adrián.romero25@correo.com,2026-04-25,Página web,Café caliente,Americano,1,42.43,42.43,para llevar,False,,,,,,2026-07-16,17:20:00,entregado,pago en línea,pagado,211.6,33.86,245.46,26.0,2.0,Recurrente,True
2376,1958,81,María Reyes,maría.reyes81@correo.com,2025-02-09,Página web,Bebidas calientes,Chocolate caliente,3,32.89,98.67,para llevar,False,,,,,,2026-01-16,18:25:00,listo,efectivo,pagado,98.67,15.79,114.46,19.0,,Frecuente,True
2377,1959,198,Adrián Reyes,adrián.reyes198@correo.com,2025-06-05,Presencial (mesero),Bebidas frías,Agua mineral,1,31.11,31.11,en el lugar,True,5.0,Barra,pareja,2025-07-20,completada,2025-07-21,20:05:00,entregado,transferencia,pagado,67.19,10.75,77.94,27.0,4.0,Frecuente,False
2378,1959,198,Adrián Reyes,adrián.reyes198@correo.com,2025-06-05,Presencial (mesero),Bebidas calientes,Té verde,1,36.08,36.08,en el lugar,True,5.0,Barra,pareja,2025-07-20,completada,2025-07-21,20:05:00,entregado,transferencia,pagado,67.19,10.75,77.94,27.0,4.0,Frecuente,False
2379,1960,246,José Díaz,josé.díaz246@correo.com,2025-09-01,Página web,Bebidas frías,Té helado,3,27.27,81.81,en el lugar,True,4.0,Zona de estudio,pareja,2025-11-25,completada,2025-11-27,17:25:00,entregado,pago en línea,pagado,81.81,13.09,94.9,36.0,5.0,Frecuente,True
2380,1961,152,Emilio Flores,emilio.flores152@correo.com,2025-08-21,Página web,Café caliente,Latte,2,31.22,62.44,en el lugar,False,12.0,Salón principal,pareja,,,2026-04-10,11:20:00,entregado,pago en línea,pagado,188.58,30.17,218.75,22.0,5.0,Frecuente,True
2381,1961,152,Emilio Flores,emilio.flores152@correo.com,2025-08-21,Página web,Bebidas frías,Agua mineral,3,34.05,102.15,en el lugar,False,12.0,Salón principal,pareja,,,2026-04-10,11:20:00,entregado,pago en línea,pagado,188.58,30.17,218.75,22.0,5.0,Frecuente,True
2382,1961,152,Emilio Flores,emilio.flores152@correo.com,2025-08-21,Página web,Bebidas frías,Refresco de cola,1,23.99,23.99,en el lugar,False,12.0,Salón principal,pareja,,,2026-04-10,11:20:00,entregado,pago en línea,pagado,188.58,30.17,218.75,22.0,5.0,Frecuente,True
2383,1962,56,Hugo Jiménez,hugo.jiménez56@correo.com,2025-06-11,Página web,Bebidas calientes,Chocolate caliente,3,29.79,89.37,para llevar,False,,,,,,2026-02-16,15:40:00,entregado,pago en línea,pagado,89.37,14.3,103.67,19.0,4.0,Frecuente,True
2384,1963,147,Mariana Ortiz,mariana.ortiz147@correo.com,2026-07-21,Página web,Café frío,Café helado,3,55.53,166.59,en el lugar,True,18.0,Terraza,pareja,2026-08-02,completada,2026-08-03,07:40:00,entregado,pago en línea,pagado,392.8,62.85,455.65,40.0,5.0,Frecuente,True
2385,1963,147,Mariana Ortiz,mariana.ortiz147@correo.com,2026-07-21,Página web,Repostería,Croissant,1,29.28,29.28,en el lugar,True,18.0,Terraza,pareja,2026-08-02,completada,2026-08-03,07:40:00,entregado,pago en línea,pagado,392.8,62.85,455.65,40.0,5.0,Frecuente,True
2386,1963,147,Mariana Ortiz,mariana.ortiz147@correo.com,2026-07-21,Página web,Bebidas calientes,Té verde,2,33.17,66.34,en el lugar,True,18.0,Terraza,pareja,2026-08-02,completada,2026-08-03,07:40:00,entregado,pago en línea,pagado,392.8,62.85,455.65,40.0,5.0,Frecuente,True
2387,1963,147,Mariana Ortiz,mariana.ortiz147@correo.com,2026-07-21,Página web,Bebidas calientes,Chocolate caliente,3,43.53,130.59,en el lugar,True,18.0,Terraza,pareja,2026-08-02,completada,2026-08-03,07:40:00,entregado,pago en línea,pagado,392.8,62.85,455.65,40.0,5.0,Frecuente,True
2388,1964,77,María Díaz,maría.díaz77@correo.com,2026-07-28,Página web,Bebidas frías,Refresco de cola,2,31.78,63.56,en el lugar,True,9.0,Barra,pareja,2026-08-15,completada,2026-08-15,20:05:00,entregado,pago en línea,pagado,97.62,15.62,113.24,44.0,4.0,VIP,True
2389,1964,77,María Díaz,maría.díaz77@correo.com,2026-07-28,Página web,Café caliente,Capuchino,1,34.06,34.06,en el lugar,True,9.0,Barra,pareja,2026-08-15,completada,2026-08-15,20:05:00,entregado,pago en línea,pagado,97.62,15.62,113.24,44.0,4.0,VIP,True
2390,1965,120,Andrea Reyes,andrea.reyes120@correo.com,2025-06-19,Presencial (mesero),Bebidas calientes,Té chai,3,27.24,81.72,para llevar,False,,,,,,2025-10-28,13:50:00,en preparación,efectivo,pagado,81.72,13.08,94.8,,,Frecuente,False
2391,1966,102,Raúl Vázquez,raúl.vázquez102@correo.com,2025-07-19,Página web,Bebidas calientes,Té verde,2,43.09,86.18,en el lugar,False,8.0,Zona de estudio,individual,,,2026-05-19,15:25:00,entregado,pago en línea,pagado,318.37,50.94,369.31,39.0,3.0,Frecuente,True
2392,1966,102,Raúl Vázquez,raúl.vázquez102@correo.com,2025-07-19,Página web,Café frío,Café helado,1,46.7,46.7,en el lugar,False,8.0,Zona de estudio,individual,,,2026-05-19,15:25:00,entregado,pago en línea,pagado,318.37,50.94,369.31,39.0,3.0,Frecuente,True
2393,1966,102,Raúl Vázquez,raúl.vázquez102@correo.com,2025-07-19,Página web,Bebidas calientes,Té verde,3,37.39,112.17,en el lugar,False,8.0,Zona de estudio,individual,,,2026-05-19,15:25:00,entregado,pago en línea,pagado,318.37,50.94,369.31,39.0,3.0,Frecuente,True
2394,1966,102,Raúl Vázquez,raúl.vázquez102@correo.com,2025-07-19,Página web,Bebidas calientes,Infusión de manzanilla,2,36.66,73.32,en el lugar,False,8.0,Zona de estudio,individual,,,2026-05-19,15:25:00,entregado,pago en línea,pagado,318.37,50.94,369.31,39.0,3.0,Frecuente,True
2395,1967,146,Iván Ramírez,iván.ramírez146@correo.com,2026-02-19,Página web,Bebidas calientes,Té chai,3,41.4,124.2,en el lugar,True,17.0,Terraza,grupal,2026-05-14,completada,2026-05-14,17:55:00,entregado,pago en línea,pagado,524.52,83.92,608.44,14.0,2.0,VIP,True
2396,1967,146,Iván Ramírez,iván.ramírez146@correo.com,2026-02-19,Página web,Repostería,Brownie,3,43.92,131.76,en el lugar,True,17.0,Terraza,grupal,2026-05-14,completada,2026-05-14,17:55:00,entregado,pago en línea,pagado,524.52,83.92,608.44,14.0,2.0,VIP,True
2397,1967,146,Iván Ramírez,iván.ramírez146@correo.com,2026-02-19,Página web,Bebidas calientes,Infusión de manzanilla,2,42.97,85.94,en el lugar,True,17.0,Terraza,grupal,2026-05-14,completada,2026-05-14,17:55:00,entregado,pago en línea,pagado,524.52,83.92,608.44,14.0,2.0,VIP,True
2398,1967,146,Iván Ramírez,iván.ramírez146@correo.com,2026-02-19,Página web,Alimentos,Sandwich club,2,91.31,182.62,en el lugar,True,17.0,Terraza,grupal,2026-05-14,completada,2026-05-14,17:55:00,entregado,pago en línea,pagado,524.52,83.92,608.44,14.0,2.0,VIP,True
2399,1968,211,Paola Ramírez,paola.ramírez211@correo.com,2026-04-18,Página web,Alimentos,Sandwich club,2,83.77,167.54,en el lugar,True,13.0,Terraza,individual,2026-07-27,completada,2026-07-28,11:15:00,entregado,pago en línea,pagado,322.9,51.66,374.56,9.0,3.0,Recurrente,True
2400,1968,211,Paola Ramírez,paola.ramírez211@correo.com,2026-04-18,Página web,Bebidas frías,Limonada,3,32.2,96.6,en el lugar,True,13.0,Terraza,individual,2026-07-27,completada,2026-07-28,11:15:00,entregado,pago en línea,pagado,322.9,51.66,374.56,9.0,3.0,Recurrente,True
2401,1968,211,Paola Ramírez,paola.ramírez211@correo.com,2026-04-18,Página web,Alimentos,Sandwich club,1,58.76,58.76,en el lugar,True,13.0,Terraza,individual,2026-07-27,completada,2026-07-28,11:15:00,entregado,pago en línea,pagado,322.9,51.66,374.56,9.0,3.0,Recurrente,True
2402,1969,236,Raúl Torres,raúl.torres236@correo.com,2025-02-03,Presencial (mostrador),Bebidas calientes,Té chai,3,40.09,120.27,en el lugar,True,5.0,Barra,pareja,2025-07-22,completada,2025-07-23,20:05:00,listo,efectivo,pagado,316.05,50.57,366.62,15.0,,VIP,False
2403,1969,236,Raúl Torres,raúl.torres236@correo.com,2025-02-03,Presencial (mostrador),Alimentos,Sandwich club,2,83.44,166.88,en el lugar,True,5.0,Barra,pareja,2025-07-22,completada,2025-07-23,20:05:00,listo,efectivo,pagado,316.05,50.57,366.62,15.0,,VIP,False
2404,1969,236,Raúl Torres,raúl.torres236@correo.com,2025-02-03,Presencial (mostrador),Bebidas calientes,Té verde,1,28.9,28.9,en el lugar,True,5.0,Barra,pareja,2025-07-22,completada,2025-07-23,20:05:00,listo,efectivo,pagado,316.05,50.57,366.62,15.0,,VIP,False
2405,1970,243,Diego Gómez,diego.gómez243@correo.com,2025-06-01,Presencial (mesero),Bebidas frías,Refresco de cola,1,26.15,26.15,para llevar,False,,,,,,2025-08-02,16:15:00,entregado,transferencia,pagado,122.12,19.54,141.66,44.0,5.0,Frecuente,False
2406,1970,243,Diego Gómez,diego.gómez243@correo.com,2025-06-01,Presencial (mesero),Bebidas calientes,Té verde,3,31.99,95.97,para llevar,False,,,,,,2025-08-02,16:15:00,entregado,transferencia,pagado,122.12,19.54,141.66,44.0,5.0,Frecuente,False
2407,1971,133,Emilio Martínez,emilio.martínez133@correo.com,2025-09-06,Página web,Café frío,Frappuccino de caramelo,1,37.09,37.09,en el lugar,True,17.0,Terraza,individual,2025-10-04,completada,2025-10-06,18:40:00,en preparación,pago en línea,pagado,343.75,55.0,398.75,,,Frecuente,True
2408,1971,133,Emilio Martínez,emilio.martínez133@correo.com,2025-09-06,Página web,Repostería,Dona glaseada,1,52.83,52.83,en el lugar,True,17.0,Terraza,individual,2025-10-04,completada,2025-10-06,18:40:00,en preparación,pago en línea,pagado,343.75,55.0,398.75,,,Frecuente,True
2409,1971,133,Emilio Martínez,emilio.martínez133@correo.com,2025-09-06,Página web,Bebidas frías,Refresco de cola,3,24.11,72.33,en el lugar,True,17.0,Terraza,individual,2025-10-04,completada,2025-10-06,18:40:00,en preparación,pago en línea,pagado,343.75,55.0,398.75,,,Frecuente,True
2410,1971,133,Emilio Martínez,emilio.martínez133@correo.com,2025-09-06,Página web,Alimentos,Bagel con queso crema,2,90.75,181.5,en el lugar,True,17.0,Terraza,individual,2025-10-04,completada,2025-10-06,18:40:00,en preparación,pago en línea,pagado,343.75,55.0,398.75,,,Frecuente,True
2411,1972,199,Yuleni López,yuleni.lópez199@correo.com,2026-05-30,Página web,Bebidas calientes,Té chai,3,37.53,112.59,para llevar,False,,,,,,2026-08-03,18:45:00,entregado,pago en línea,pagado,112.59,18.01,130.6,35.0,5.0,VIP,True
2412,1973,55,Sergio De la Cruz,sergio.delacruz55@correo.com,2025-02-21,Presencial (mesero),Alimentos,Panini de jamón y queso,1,56.97,56.97,para llevar,False,,,,,,2025-05-24,12:50:00,entregado,transferencia,pagado,297.45,47.59,345.04,16.0,4.0,Frecuente,False
2413,1973,55,Sergio De la Cruz,sergio.delacruz55@correo.com,2025-02-21,Presencial (mesero),Alimentos,Bagel con queso crema,2,62.85,125.7,para llevar,False,,,,,,2025-05-24,12:50:00,entregado,transferencia,pagado,297.45,47.59,345.04,16.0,4.0,Frecuente,False
2414,1973,55,Sergio De la Cruz,sergio.delacruz55@correo.com,2025-02-21,Presencial (mesero),Café caliente,Espresso,3,38.26,114.78,para llevar,False,,,,,,2025-05-24,12:50:00,entregado,transferencia,pagado,297.45,47.59,345.04,16.0,4.0,Frecuente,False
2415,1974,202,Marco Torres,marco.torres202@correo.com,2025-12-13,Página web,Bebidas calientes,Infusión de manzanilla,3,33.2,99.6,para llevar,False,,,,,,2026-07-15,15:15:00,entregado,pago en línea,pagado,288.06,46.09,334.15,14.0,5.0,Recurrente,True
2416,1974,202,Marco Torres,marco.torres202@correo.com,2025-12-13,Página web,Repostería,Croissant,3,35.32,105.96,para llevar,False,,,,,,2026-07-15,15:15:00,entregado,pago en línea,pagado,288.06,46.09,334.15,14.0,5.0,Recurrente,True
2417,1974,202,Marco Torres,marco.torres202@correo.com,2025-12-13,Página web,Bebidas frías,Té helado,2,27.55,55.1,para llevar,False,,,,,,2026-07-15,15:15:00,entregado,pago en línea,pagado,288.06,46.09,334.15,14.0,5.0,Recurrente,True
2418,1974,202,Marco Torres,marco.torres202@correo.com,2025-12-13,Página web,Repostería,Muffin de arándano,1,27.4,27.4,para llevar,False,,,,,,2026-07-15,15:15:00,entregado,pago en línea,pagado,288.06,46.09,334.15,14.0,5.0,Recurrente,True
2419,1975,183,Regina Cruz,regina.cruz183@correo.com,2025-02-22,Presencial (mesero),Alimentos,Ensalada César,1,47.14,47.14,para llevar,False,,,,,,2026-06-09,12:50:00,en preparación,transferencia,pagado,128.87,20.62,149.49,,,Frecuente,False
2420,1975,183,Regina Cruz,regina.cruz183@correo.com,2025-02-22,Presencial (mesero),Repostería,Concha,1,26.31,26.31,para llevar,False,,,,,,2026-06-09,12:50:00,en preparación,transferencia,pagado,128.87,20.62,149.49,,,Frecuente,False
2421,1975,183,Regina Cruz,regina.cruz183@correo.com,2025-02-22,Presencial (mesero),Bebidas calientes,Té chai,2,27.71,55.42,para llevar,False,,,,,,2026-06-09,12:50:00,en preparación,transferencia,pagado,128.87,20.62,149.49,,,Frecuente,False
2422,1976,44,María Morales,maría.morales44@correo.com,2025-12-29,Página web,Bebidas calientes,Té verde,3,34.07,102.21,para llevar,False,,,,,,2026-02-03,14:30:00,en preparación,tarjeta,pagado,323.7,51.79,375.49,,,VIP,True
2423,1976,44,María Morales,maría.morales44@correo.com,2025-12-29,Página web,Bebidas frías,Jugo de naranja,2,24.6,49.2,para llevar,False,,,,,,2026-02-03,14:30:00,en preparación,tarjeta,pagado,323.7,51.79,375.49,,,VIP,True
2424,1976,44,María Morales,maría.morales44@correo.com,2025-12-29,Página web,Repostería,Croissant,3,57.43,172.29,para llevar,False,,,,,,2026-02-03,14:30:00,en preparación,tarjeta,pagado,323.7,51.79,375.49,,,VIP,True
2425,1977,247,Alejandro De la Cruz,alejandro.delacruz247@correo.com,2025-05-10,Página web,Bebidas frías,Limonada,3,23.46,70.38,para llevar,False,,,,,,2026-06-22,07:30:00,listo,transferencia,pagado,70.38,11.26,81.64,25.0,,Frecuente,True
2426,1978,56,Hugo Jiménez,hugo.jiménez56@correo.com,2025-06-11,Presencial (mostrador),Café frío,Frappuccino de caramelo,1,38.7,38.7,en el lugar,False,12.0,Terraza,grupal,,,2026-04-21,15:35:00,entregado,tarjeta,pagado,317.1,50.74,367.84,41.0,4.0,Frecuente,False
2427,1978,56,Hugo Jiménez,hugo.jiménez56@correo.com,2025-06-11,Presencial (mostrador),Repostería,Croissant,1,25.74,25.74,en el lugar,False,12.0,Terraza,grupal,,,2026-04-21,15:35:00,entregado,tarjeta,pagado,317.1,50.74,367.84,41.0,4.0,Frecuente,False
2428,1978,56,Hugo Jiménez,hugo.jiménez56@correo.com,2025-06-11,Presencial (mostrador),Alimentos,Sandwich club,2,84.44,168.88,en el lugar,False,12.0,Terraza,grupal,,,2026-04-21,15:35:00,entregado,tarjeta,pagado,317.1,50.74,367.84,41.0,4.0,Frecuente,False
2429,1978,56,Hugo Jiménez,hugo.jiménez56@correo.com,2025-06-11,Presencial (mostrador),Alimentos,Ensalada César,1,83.78,83.78,en el lugar,False,12.0,Terraza,grupal,,,2026-04-21,15:35:00,entregado,tarjeta,pagado,317.1,50.74,367.84,41.0,4.0,Frecuente,False
2430,1979,244,Renata López,renata.lópez244@correo.com,2025-05-14,Página web,Repostería,Concha,1,33.14,33.14,en el lugar,True,12.0,Salón principal,grupal,2026-08-17,completada,2026-08-18,08:40:00,entregado,pago en línea,pagado,33.14,5.3,38.44,15.0,4.0,Recurrente,True
2431,1980,54,Iván Sánchez,iván.sánchez54@correo.com,2025-03-01,Presencial (mesero),Café caliente,Capuchino,3,29.83,89.49,en el lugar,False,6.0,Salón principal,pareja,,,2026-02-21,10:40:00,entregado,tarjeta,pagado,151.32,24.21,175.53,30.0,4.0,VIP,False
2432,1980,54,Iván Sánchez,iván.sánchez54@correo.com,2025-03-01,Presencial (mesero),Café frío,Cold brew,1,61.83,61.83,en el lugar,False,6.0,Salón principal,pareja,,,2026-02-21,10:40:00,entregado,tarjeta,pagado,151.32,24.21,175.53,30.0,4.0,VIP,False
2433,1981,120,Andrea Reyes,andrea.reyes120@correo.com,2025-06-19,Página web,Bebidas frías,Té helado,3,21.19,63.57,en el lugar,True,2.0,Barra,grupal,2026-02-02,completada,2026-02-04,14:10:00,entregado,pago en línea,pagado,113.51,18.16,131.67,25.0,5.0,Frecuente,True
2434,1981,120,Andrea Reyes,andrea.reyes120@correo.com,2025-06-19,Página web,Alimentos,Ensalada César,1,49.94,49.94,en el lugar,True,2.0,Barra,grupal,2026-02-02,completada,2026-02-04,14:10:00,entregado,pago en línea,pagado,113.51,18.16,131.67,25.0,5.0,Frecuente,True
2435,1982,47,Óscar López,óscar.lópez47@correo.com,2026-03-09,Página web,Repostería,Croissant,3,31.49,94.47,en el lugar,True,13.0,Zona de estudio,grupal,2026-07-23,completada,2026-07-26,14:00:00,entregado,pago en línea,pagado,215.8,34.53,250.33,41.0,5.0,VIP,True
2436,1982,47,Óscar López,óscar.lópez47@correo.com,2026-03-09,Página web,Café caliente,Capuchino,1,50.47,50.47,en el lugar,True,13.0,Zona de estudio,grupal,2026-07-23,completada,2026-07-26,14:00:00,entregado,pago en línea,pagado,215.8,34.53,250.33,41.0,5.0,VIP,True
2437,1982,47,Óscar López,óscar.lópez47@correo.com,2026-03-09,Página web,Bebidas calientes,Chocolate caliente,1,28.45,28.45,en el lugar,True,13.0,Zona de estudio,grupal,2026-07-23,completada,2026-07-26,14:00:00,entregado,pago en línea,pagado,215.8,34.53,250.33,41.0,5.0,VIP,True
2438,1982,47,Óscar López,óscar.lópez47@correo.com,2026-03-09,Página web,Café caliente,Espresso,1,42.41,42.41,en el lugar,True,13.0,Zona de estudio,grupal,2026-07-23,completada,2026-07-26,14:00:00,entregado,pago en línea,pagado,215.8,34.53,250.33,41.0,5.0,VIP,True
2439,1983,89,Hugo García,hugo.garcía89@correo.com,2026-01-30,Página web,Bebidas calientes,Chocolate caliente,2,26.12,52.24,para llevar,False,,,,,,2026-05-20,08:55:00,entregado,pago en línea,pagado,311.05,49.77,360.82,8.0,4.0,VIP,True
2440,1983,89,Hugo García,hugo.garcía89@correo.com,2026-01-30,Página web,Café frío,Frappé de café,1,35.95,35.95,para llevar,False,,,,,,2026-05-20,08:55:00,entregado,pago en línea,pagado,311.05,49.77,360.82,8.0,4.0,VIP,True
2441,1983,89,Hugo García,hugo.garcía89@correo.com,2026-01-30,Página web,Repostería,Croissant,2,38.68,77.36,para llevar,False,,,,,,2026-05-20,08:55:00,entregado,pago en línea,pagado,311.05,49.77,360.82,8.0,4.0,VIP,True
2442,1983,89,Hugo García,hugo.garcía89@correo.com,2026-01-30,Página web,Alimentos,Bagel con queso crema,3,48.5,145.5,para llevar,False,,,,,,2026-05-20,08:55:00,entregado,pago en línea,pagado,311.05,49.77,360.82,8.0,4.0,VIP,True
2443,1984,46,Andrea García,andrea.garcía46@correo.com,2025-09-12,Presencial (mostrador),Repostería,Brownie,2,58.8,117.6,para llevar,False,,,,,,2026-03-04,14:35:00,entregado,efectivo,pagado,151.44,24.23,175.67,10.0,5.0,VIP,False
2444,1984,46,Andrea García,andrea.garcía46@correo.com,2025-09-12,Presencial (mostrador),Café caliente,Latte,1,33.84,33.84,para llevar,False,,,,,,2026-03-04,14:35:00,entregado,efectivo,pagado,151.44,24.23,175.67,10.0,5.0,VIP,False
2445,1985,118,Pablo Romero,pablo.romero118@correo.com,2025-08-14,Página web,Bebidas calientes,Infusión de manzanilla,3,42.69,128.07,para llevar,False,,,,,,2026-07-15,14:10:00,entregado,pago en línea,pagado,128.07,20.49,148.56,17.0,5.0,Frecuente,True
2446,1986,104,Karla Ramírez,karla.ramírez104@correo.com,2025-06-30,Presencial (mesero),Bebidas calientes,Infusión de manzanilla,1,40.85,40.85,para llevar,False,,,,,,2025-10-03,08:00:00,en preparación,transferencia,pagado,246.75,39.48,286.23,,,Recurrente,False
2447,1986,104,Karla Ramírez,karla.ramírez104@correo.com,2025-06-30,Presencial (mesero),Alimentos,Sandwich club,2,73.47,146.94,para llevar,False,,,,,,2025-10-03,08:00:00,en preparación,transferencia,pagado,246.75,39.48,286.23,,,Recurrente,False
2448,1986,104,Karla Ramírez,karla.ramírez104@correo.com,2025-06-30,Presencial (mesero),Bebidas frías,Té helado,2,29.48,58.96,para llevar,False,,,,,,2025-10-03,08:00:00,en preparación,transferencia,pagado,246.75,39.48,286.23,,,Recurrente,False
2449,1987,69,Renata Flores,renata.flores69@correo.com,2025-08-04,Página web,Café caliente,Americano,2,37.24,74.48,en el lugar,False,10.0,Zona de estudio,individual,,,2026-01-07,10:30:00,entregado,pago en línea,pagado,398.6,63.78,462.38,19.0,5.0,Frecuente,True
2450,1987,69,Renata Flores,renata.flores69@correo.com,2025-08-04,Página web,Café frío,Café helado,1,57.66,57.66,en el lugar,False,10.0,Zona de estudio,individual,,,2026-01-07,10:30:00,entregado,pago en línea,pagado,398.6,63.78,462.38,19.0,5.0,Frecuente,True
2451,1987,69,Renata Flores,renata.flores69@correo.com,2025-08-04,Página web,Café frío,Frappé de café,2,52.5,105.0,en el lugar,False,10.0,Zona de estudio,individual,,,2026-01-07,10:30:00,entregado,pago en línea,pagado,398.6,63.78,462.38,19.0,5.0,Frecuente,True
2452,1987,69,Renata Flores,renata.flores69@correo.com,2025-08-04,Página web,Repostería,Dona glaseada,3,53.82,161.46,en el lugar,False,10.0,Zona de estudio,individual,,,2026-01-07,10:30:00,entregado,pago en línea,pagado,398.6,63.78,462.38,19.0,5.0,Frecuente,True
2453,1988,60,Estefanía Gómez,estefanía.gómez60@correo.com,2025-09-25,Página web,Bebidas calientes,Infusión de manzanilla,2,37.05,74.1,para llevar,False,,,,,,2026-04-28,17:50:00,en preparación,pago en línea,pagado,74.1,11.86,85.96,,,Frecuente,True
2454,1989,21,Gabriela Castillo,gabriela.castillo21@correo.com,2025-09-27,Página web,Bebidas frías,Té helado,3,26.39,79.17,en el lugar,False,12.0,Zona de estudio,individual,,,2026-07-09,07:50:00,entregado,pago en línea,pagado,79.17,12.67,91.84,13.0,4.0,Frecuente,True
2455,1990,185,Óscar Ortiz,óscar.ortiz185@correo.com,2025-05-05,Presencial (mostrador),Repostería,Pay de queso,2,44.46,88.92,para llevar,False,,,,,,2025-07-31,19:30:00,listo,tarjeta,pagado,366.11,58.58,424.69,40.0,,Recurrente,False
2456,1990,185,Óscar Ortiz,óscar.ortiz185@correo.com,2025-05-05,Presencial (mostrador),Bebidas frías,Refresco de cola,2,22.54,45.08,para llevar,False,,,,,,2025-07-31,19:30:00,listo,tarjeta,pagado,366.11,58.58,424.69,40.0,,Recurrente,False
2457,1990,185,Óscar Ortiz,óscar.ortiz185@correo.com,2025-05-05,Presencial (mostrador),Alimentos,Panini de jamón y queso,2,94.96,189.92,para llevar,False,,,,,,2025-07-31,19:30:00,listo,tarjeta,pagado,366.11,58.58,424.69,40.0,,Recurrente,False
2458,1990,185,Óscar Ortiz,óscar.ortiz185@correo.com,2025-05-05,Presencial (mostrador),Café caliente,Café de olla,1,42.19,42.19,para llevar,False,,,,,,2025-07-31,19:30:00,listo,tarjeta,pagado,366.11,58.58,424.69,40.0,,Recurrente,False
2459,1991,121,Jorge Romero,jorge.romero121@correo.com,2026-07-01,Presencial (mostrador),Café caliente,Latte,3,36.12,108.36,en el lugar,True,19.0,Terraza,grupal,2026-08-17,completada,2026-08-17,10:35:00,entregado,transferencia,pagado,238.62,38.18,276.8,20.0,2.0,VIP,False
2460,1991,121,Jorge Romero,jorge.romero121@correo.com,2026-07-01,Presencial (mostrador),Café caliente,Latte,3,43.42,130.26,en el lugar,True,19.0,Terraza,grupal,2026-08-17,completada,2026-08-17,10:35:00,entregado,transferencia,pagado,238.62,38.18,276.8,20.0,2.0,VIP,False
2461,1992,169,Diego López,diego.lópez169@correo.com,2025-09-30,Presencial (mostrador),Alimentos,Sandwich club,2,70.21,140.42,en el lugar,False,8.0,Zona de estudio,grupal,,,2026-04-19,16:55:00,entregado,tarjeta,pagado,210.29,33.65,243.94,8.0,4.0,VIP,False
2462,1992,169,Diego López,diego.lópez169@correo.com,2025-09-30,Presencial (mostrador),Café caliente,Americano,1,43.5,43.5,en el lugar,False,8.0,Zona de estudio,grupal,,,2026-04-19,16:55:00,entregado,tarjeta,pagado,210.29,33.65,243.94,8.0,4.0,VIP,False
2463,1992,169,Diego López,diego.lópez169@correo.com,2025-09-30,Presencial (mostrador),Bebidas frías,Refresco de cola,1,26.37,26.37,en el lugar,False,8.0,Zona de estudio,grupal,,,2026-04-19,16:55:00,entregado,tarjeta,pagado,210.29,33.65,243.94,8.0,4.0,VIP,False
2464,1993,204,Regina Castillo,regina.castillo204@correo.com,2025-02-06,Página web,Café frío,Frappé de café,1,36.83,36.83,en el lugar,False,5.0,Terraza,pareja,,,2025-07-28,08:10:00,en preparación,pago en línea,pagado,120.85,19.34,140.19,,,Frecuente,True
2465,1993,204,Regina Castillo,regina.castillo204@correo.com,2025-02-06,Página web,Café caliente,Café de olla,2,42.01,84.02,en el lugar,False,5.0,Terraza,pareja,,,2025-07-28,08:10:00,en preparación,pago en línea,pagado,120.85,19.34,140.19,,,Frecuente,True
2466,1994,60,Estefanía Gómez,estefanía.gómez60@correo.com,2025-09-25,Página web,Alimentos,Bagel con queso crema,1,86.02,86.02,en el lugar,True,17.0,Terraza,individual,2026-04-17,completada,2026-04-19,14:15:00,listo,pago en línea,pagado,86.02,13.76,99.78,39.0,,Frecuente,True
2467,1995,99,Andrea Martínez,andrea.martínez99@correo.com,2025-08-29,Presencial (mesero),Café caliente,Café de olla,1,49.47,49.47,en el lugar,False,19.0,Barra,grupal,,,2025-12-10,14:55:00,listo,efectivo,pagado,312.64,50.02,362.66,40.0,,Frecuente,False
2468,1995,99,Andrea Martínez,andrea.martínez99@correo.com,2025-08-29,Presencial (mesero),Repostería,Muffin de arándano,1,44.02,44.02,en el lugar,False,19.0,Barra,grupal,,,2025-12-10,14:55:00,listo,efectivo,pagado,312.64,50.02,362.66,40.0,,Frecuente,False
2469,1995,99,Andrea Martínez,andrea.martínez99@correo.com,2025-08-29,Presencial (mesero),Café caliente,Café de olla,3,39.48,118.44,en el lugar,False,19.0,Barra,grupal,,,2025-12-10,14:55:00,listo,efectivo,pagado,312.64,50.02,362.66,40.0,,Frecuente,False
2470,1995,99,Andrea Martínez,andrea.martínez99@correo.com,2025-08-29,Presencial (mesero),Repostería,Pay de queso,3,33.57,100.71,en el lugar,False,19.0,Barra,grupal,,,2025-12-10,14:55:00,listo,efectivo,pagado,312.64,50.02,362.66,40.0,,Frecuente,False
2471,1996,114,Ana Morales,ana.morales114@correo.com,2026-02-22,Página web,Café caliente,Espresso,1,42.13,42.13,para llevar,False,,,,,,2026-05-03,17:15:00,entregado,pago en línea,pagado,231.06,36.97,268.03,20.0,1.0,Frecuente,True
2472,1996,114,Ana Morales,ana.morales114@correo.com,2026-02-22,Página web,Café caliente,Capuchino,3,30.5,91.5,para llevar,False,,,,,,2026-05-03,17:15:00,entregado,pago en línea,pagado,231.06,36.97,268.03,20.0,1.0,Frecuente,True
2473,1996,114,Ana Morales,ana.morales114@correo.com,2026-02-22,Página web,Bebidas frías,Jugo de naranja,2,32.92,65.84,para llevar,False,,,,,,2026-05-03,17:15:00,entregado,pago en línea,pagado,231.06,36.97,268.03,20.0,1.0,Frecuente,True
2474,1996,114,Ana Morales,ana.morales114@correo.com,2026-02-22,Página web,Bebidas calientes,Té verde,1,31.59,31.59,para llevar,False,,,,,,2026-05-03,17:15:00,entregado,pago en línea,pagado,231.06,36.97,268.03,20.0,1.0,Frecuente,True
2475,1997,175,Daniela Ortiz,daniela.ortiz175@correo.com,2026-06-16,Página web,Alimentos,Sandwich club,1,67.32,67.32,para llevar,False,,,,,,2026-07-19,19:50:00,entregado,pago en línea,pagado,325.98,52.16,378.14,9.0,5.0,VIP,True
2476,1997,175,Daniela Ortiz,daniela.ortiz175@correo.com,2026-06-16,Página web,Alimentos,Ensalada César,1,59.17,59.17,para llevar,False,,,,,,2026-07-19,19:50:00,entregado,pago en línea,pagado,325.98,52.16,378.14,9.0,5.0,VIP,True
2477,1997,175,Daniela Ortiz,daniela.ortiz175@correo.com,2026-06-16,Página web,Bebidas calientes,Té verde,1,42.26,42.26,para llevar,False,,,,,,2026-07-19,19:50:00,entregado,pago en línea,pagado,325.98,52.16,378.14,9.0,5.0,VIP,True
2478,1997,175,Daniela Ortiz,daniela.ortiz175@correo.com,2026-06-16,Página web,Alimentos,Panini de jamón y queso,3,52.41,157.23,para llevar,False,,,,,,2026-07-19,19:50:00,entregado,pago en línea,pagado,325.98,52.16,378.14,9.0,5.0,VIP,True
2479,1998,4,Diego Jiménez,diego.jiménez4@correo.com,2025-01-28,Presencial (mesero),Alimentos,Bagel con queso crema,2,46.68,93.36,en el lugar,True,5.0,Salón principal,grupal,2025-06-16,completada,2025-06-19,18:40:00,listo,efectivo,pagado,205.46,32.87,238.33,28.0,,VIP,False
2480,1998,4,Diego Jiménez,diego.jiménez4@correo.com,2025-01-28,Presencial (mesero),Repostería,Brownie,2,56.05,112.1,en el lugar,True,5.0,Salón principal,grupal,2025-06-16,completada,2025-06-19,18:40:00,listo,efectivo,pagado,205.46,32.87,238.33,28.0,,VIP,False
2481,1999,81,María Reyes,maría.reyes81@correo.com,2025-02-09,Presencial (mesero),Café frío,Café helado,1,64.87,64.87,para llevar,False,,,,,,2025-06-28,14:15:00,cancelado,tarjeta,reembolsado,172.75,27.64,200.39,,,Frecuente,False
2482,1999,81,María Reyes,maría.reyes81@correo.com,2025-02-09,Presencial (mesero),Café caliente,Espresso,3,35.96,107.88,para llevar,False,,,,,,2025-06-28,14:15:00,cancelado,tarjeta,reembolsado,172.75,27.64,200.39,,,Frecuente,False
2483,2000,214,Lucía Flores,lucía.flores214@correo.com,2025-07-23,Presencial (mesero),Repostería,Brownie,1,25.63,25.63,en el lugar,True,18.0,Terraza,grupal,2025-09-06,no_show,2025-09-09,19:40:00,entregado,transferencia,pagado,93.47,14.96,108.43,34.0,5.0,Frecuente,False
2484,2000,214,Lucía Flores,lucía.flores214@correo.com,2025-07-23,Presencial (mesero),Bebidas calientes,Infusión de manzanilla,1,27.29,27.29,en el lugar,True,18.0,Terraza,grupal,2025-09-06,no_show,2025-09-09,19:40:00,entregado,transferencia,pagado,93.47,14.96,108.43,34.0,5.0,Frecuente,False
2485,2000,214,Lucía Flores,lucía.flores214@correo.com,2025-07-23,Presencial (mesero),Café caliente,Espresso,1,40.55,40.55,en el lugar,True,18.0,Terraza,grupal,2025-09-06,no_show,2025-09-09,19:40:00,entregado,transferencia,pagado,93.47,14.96,108.43,34.0,5.0,Frecuente,False
2486,2001,162,Camila Vázquez,camila.vázquez162@correo.com,2026-03-16,Página web,Bebidas calientes,Chocolate caliente,1,29.01,29.01,para llevar,False,,,,,,2026-03-22,07:05:00,entregado,pago en línea,pagado,29.01,4.64,33.65,35.0,4.0,Frecuente,True
2487,2002,205,Ximena Flores,ximena.flores205@correo.com,2025-08-21,Página web,Repostería,Pay de queso,1,50.39,50.39,en el lugar,True,18.0,Zona de estudio,individual,2025-09-22,completada,2025-09-25,12:05:00,entregado,pago en línea,pagado,239.19,38.27,277.46,9.0,5.0,Frecuente,True
2488,2002,205,Ximena Flores,ximena.flores205@correo.com,2025-08-21,Página web,Repostería,Dona glaseada,3,31.22,93.66,en el lugar,True,18.0,Zona de estudio,individual,2025-09-22,completada,2025-09-25,12:05:00,entregado,pago en línea,pagado,239.19,38.27,277.46,9.0,5.0,Frecuente,True
2489,2002,205,Ximena Flores,ximena.flores205@correo.com,2025-08-21,Página web,Café frío,Frappuccino de caramelo,2,47.57,95.14,en el lugar,True,18.0,Zona de estudio,individual,2025-09-22,completada,2025-09-25,12:05:00,entregado,pago en línea,pagado,239.19,38.27,277.46,9.0,5.0,Frecuente,True
2490,2003,198,Adrián Reyes,adrián.reyes198@correo.com,2025-06-05,Presencial (mostrador),Bebidas calientes,Té verde,3,34.84,104.52,para llevar,False,,,,,,2025-07-29,16:05:00,entregado,transferencia,pagado,188.62,30.18,218.8,34.0,5.0,Frecuente,False
2491,2003,198,Adrián Reyes,adrián.reyes198@correo.com,2025-06-05,Presencial (mostrador),Café frío,Café helado,2,42.05,84.1,para llevar,False,,,,,,2025-07-29,16:05:00,entregado,transferencia,pagado,188.62,30.18,218.8,34.0,5.0,Frecuente,False
2492,2004,143,Estefanía Sánchez,estefanía.sánchez143@correo.com,2025-03-29,Presencial (mesero),Bebidas frías,Refresco de cola,3,36.95,110.85,en el lugar,False,5.0,Barra,grupal,,,2025-12-27,09:10:00,cancelado,tarjeta,reembolsado,110.85,17.74,128.59,,,VIP,False
2493,2005,189,Renata Morales,renata.morales189@correo.com,2026-05-10,Presencial (mostrador),Bebidas frías,Agua mineral,1,35.8,35.8,en el lugar,False,9.0,Terraza,grupal,,,2026-06-28,12:55:00,en preparación,tarjeta,pagado,175.38,28.06,203.44,,,Frecuente,False
2494,2005,189,Renata Morales,renata.morales189@correo.com,2026-05-10,Presencial (mostrador),Repostería,Pay de queso,1,41.35,41.35,en el lugar,False,9.0,Terraza,grupal,,,2026-06-28,12:55:00,en preparación,tarjeta,pagado,175.38,28.06,203.44,,,Frecuente,False
2495,2005,189,Renata Morales,renata.morales189@correo.com,2026-05-10,Presencial (mostrador),Café caliente,Mocaccino,2,32.31,64.62,en el lugar,False,9.0,Terraza,grupal,,,2026-06-28,12:55:00,en preparación,tarjeta,pagado,175.38,28.06,203.44,,,Frecuente,False
2496,2005,189,Renata Morales,renata.morales189@correo.com,2026-05-10,Presencial (mostrador),Café caliente,Mocaccino,1,33.61,33.61,en el lugar,False,9.0,Terraza,grupal,,,2026-06-28,12:55:00,en preparación,tarjeta,pagado,175.38,28.06,203.44,,,Frecuente,False
2497,2006,79,Raúl Hernández,raúl.hernández79@correo.com,2025-07-03,Página web,Repostería,Muffin de arándano,2,53.41,106.82,para llevar,False,,,,,,2026-08-19,15:20:00,entregado,pago en línea,pagado,214.07,34.25,248.32,43.0,3.0,VIP,True
2498,2006,79,Raúl Hernández,raúl.hernández79@correo.com,2025-07-03,Página web,Repostería,Concha,3,35.75,107.25,para llevar,False,,,,,,2026-08-19,15:20:00,entregado,pago en línea,pagado,214.07,34.25,248.32,43.0,3.0,VIP,True
2499,2007,203,Andrea Castillo,andrea.castillo203@correo.com,2026-01-25,Página web,Bebidas calientes,Té verde,1,41.02,41.02,en el lugar,True,9.0,Zona de estudio,individual,2026-03-03,completada,2026-03-05,08:10:00,listo,pago en línea,pagado,353.87,56.62,410.49,23.0,,Frecuente,True
2500,2007,203,Andrea Castillo,andrea.castillo203@correo.com,2026-01-25,Página web,Bebidas calientes,Té chai,3,40.33,120.99,en el lugar,True,9.0,Zona de estudio,individual,2026-03-03,completada,2026-03-05,08:10:00,listo,pago en línea,pagado,353.87,56.62,410.49,23.0,,Frecuente,True
2501,2007,203,Andrea Castillo,andrea.castillo203@correo.com,2026-01-25,Página web,Café caliente,Mocaccino,1,47.18,47.18,en el lugar,True,9.0,Zona de estudio,individual,2026-03-03,completada,2026-03-05,08:10:00,listo,pago en línea,pagado,353.87,56.62,410.49,23.0,,Frecuente,True
2502,2007,203,Andrea Castillo,andrea.castillo203@correo.com,2026-01-25,Página web,Alimentos,Bagel con queso crema,2,72.34,144.68,en el lugar,True,9.0,Zona de estudio,individual,2026-03-03,completada,2026-03-05,08:10:00,listo,pago en línea,pagado,353.87,56.62,410.49,23.0,,Frecuente,True
2503,2008,193,Iván Flores,iván.flores193@correo.com,2026-08-17,Página web,Bebidas frías,Jugo de naranja,3,36.13,108.39,para llevar,False,,,,,,2026-08-17,20:50:00,entregado,pago en línea,pagado,250.05,40.01,290.06,9.0,5.0,Frecuente,True
2504,2008,193,Iván Flores,iván.flores193@correo.com,2026-08-17,Página web,Bebidas calientes,Té chai,1,35.56,35.56,para llevar,False,,,,,,2026-08-17,20:50:00,entregado,pago en línea,pagado,250.05,40.01,290.06,9.0,5.0,Frecuente,True
2505,2008,193,Iván Flores,iván.flores193@correo.com,2026-08-17,Página web,Repostería,Brownie,2,53.05,106.1,para llevar,False,,,,,,2026-08-17,20:50:00,entregado,pago en línea,pagado,250.05,40.01,290.06,9.0,5.0,Frecuente,True
2506,2009,41,Ana De la Cruz,ana.delacruz41@correo.com,2025-12-05,Presencial (mostrador),Café frío,Frappé de café,3,38.55,115.65,en el lugar,True,6.0,Zona de estudio,pareja,2026-05-30,completada,2026-05-31,20:05:00,entregado,transferencia,pagado,297.3,47.57,344.87,23.0,5.0,Frecuente,False
2507,2009,41,Ana De la Cruz,ana.delacruz41@correo.com,2025-12-05,Presencial (mostrador),Alimentos,Sandwich club,3,60.55,181.65,en el lugar,True,6.0,Zona de estudio,pareja,2026-05-30,completada,2026-05-31,20:05:00,entregado,transferencia,pagado,297.3,47.57,344.87,23.0,5.0,Frecuente,False
2508,2010,114,Ana Morales,ana.morales114@correo.com,2026-02-22,Presencial (mostrador),Café caliente,Café de olla,1,40.06,40.06,en el lugar,False,2.0,Terraza,individual,,,2026-06-29,09:05:00,entregado,transferencia,pagado,72.15,11.54,83.69,25.0,5.0,Frecuente,False
2509,2010,114,Ana Morales,ana.morales114@correo.com,2026-02-22,Presencial (mostrador),Bebidas frías,Jugo de naranja,1,32.09,32.09,en el lugar,False,2.0,Terraza,individual,,,2026-06-29,09:05:00,entregado,transferencia,pagado,72.15,11.54,83.69,25.0,5.0,Frecuente,False
2510,2011,83,Diego Ramírez,diego.ramírez83@correo.com,2025-01-25,Presencial (mostrador),Bebidas calientes,Infusión de manzanilla,1,25.91,25.91,en el lugar,False,8.0,Terraza,grupal,,,2025-02-27,07:15:00,entregado,efectivo,pagado,503.15,80.5,583.65,26.0,5.0,Frecuente,False
2511,2011,83,Diego Ramírez,diego.ramírez83@correo.com,2025-01-25,Presencial (mostrador),Bebidas calientes,Té chai,3,42.69,128.07,en el lugar,False,8.0,Terraza,grupal,,,2025-02-27,07:15:00,entregado,efectivo,pagado,503.15,80.5,583.65,26.0,5.0,Frecuente,False
2512,2011,83,Diego Ramírez,diego.ramírez83@correo.com,2025-01-25,Presencial (mostrador),Alimentos,Bagel con queso crema,3,83.03,249.09,en el lugar,False,8.0,Terraza,grupal,,,2025-02-27,07:15:00,entregado,efectivo,pagado,503.15,80.5,583.65,26.0,5.0,Frecuente,False
2513,2011,83,Diego Ramírez,diego.ramírez83@correo.com,2025-01-25,Presencial (mostrador),Repostería,Dona glaseada,2,50.04,100.08,en el lugar,False,8.0,Terraza,grupal,,,2025-02-27,07:15:00,entregado,efectivo,pagado,503.15,80.5,583.65,26.0,5.0,Frecuente,False
2514,2012,122,Michelle Martínez,michelle.martínez122@correo.com,2026-03-15,Página web,Alimentos,Ensalada César,1,56.17,56.17,para llevar,False,,,,,,2026-07-12,20:40:00,entregado,pago en línea,pagado,124.41,19.91,144.32,43.0,2.0,Frecuente,True
2515,2012,122,Michelle Martínez,michelle.martínez122@correo.com,2026-03-15,Página web,Bebidas frías,Limonada,2,34.12,68.24,para llevar,False,,,,,,2026-07-12,20:40:00,entregado,pago en línea,pagado,124.41,19.91,144.32,43.0,2.0,Frecuente,True
2516,2013,93,Iván Castillo,iván.castillo93@correo.com,2025-05-11,Presencial (mostrador),Bebidas calientes,Chocolate caliente,2,34.36,68.72,para llevar,False,,,,,,2026-02-05,17:35:00,entregado,tarjeta,pagado,68.72,11.0,79.72,9.0,5.0,Frecuente,False
2517,2014,111,Ana Flores,ana.flores111@correo.com,2025-08-29,Página web,Repostería,Pay de queso,1,42.16,42.16,en el lugar,False,5.0,Salón principal,individual,,,2026-06-07,18:40:00,entregado,transferencia,pagado,398.27,63.72,461.99,43.0,5.0,Frecuente,True
2518,2014,111,Ana Flores,ana.flores111@correo.com,2025-08-29,Página web,Café caliente,Café de olla,1,33.35,33.35,en el lugar,False,5.0,Salón principal,individual,,,2026-06-07,18:40:00,entregado,transferencia,pagado,398.27,63.72,461.99,43.0,5.0,Frecuente,True
2519,2014,111,Ana Flores,ana.flores111@correo.com,2025-08-29,Página web,Repostería,Croissant,2,26.41,52.82,en el lugar,False,5.0,Salón principal,individual,,,2026-06-07,18:40:00,entregado,transferencia,pagado,398.27,63.72,461.99,43.0,5.0,Frecuente,True
2520,2014,111,Ana Flores,ana.flores111@correo.com,2025-08-29,Página web,Alimentos,Sandwich club,3,89.98,269.94,en el lugar,False,5.0,Salón principal,individual,,,2026-06-07,18:40:00,entregado,transferencia,pagado,398.27,63.72,461.99,43.0,5.0,Frecuente,True
2521,2015,195,Pablo Reyes,pablo.reyes195@correo.com,2026-04-12,Página web,Café frío,Cold brew,2,64.11,128.22,en el lugar,True,6.0,Zona de estudio,grupal,2026-07-12,completada,2026-07-14,19:25:00,listo,pago en línea,pagado,447.0,71.52,518.52,30.0,,VIP,True
2522,2015,195,Pablo Reyes,pablo.reyes195@correo.com,2026-04-12,Página web,Café caliente,Latte,1,43.8,43.8,en el lugar,True,6.0,Zona de estudio,grupal,2026-07-12,completada,2026-07-14,19:25:00,listo,pago en línea,pagado,447.0,71.52,518.52,30.0,,VIP,True
2523,2015,195,Pablo Reyes,pablo.reyes195@correo.com,2026-04-12,Página web,Alimentos,Panini de jamón y queso,2,72.57,145.14,en el lugar,True,6.0,Zona de estudio,grupal,2026-07-12,completada,2026-07-14,19:25:00,listo,pago en línea,pagado,447.0,71.52,518.52,30.0,,VIP,True
2524,2015,195,Pablo Reyes,pablo.reyes195@correo.com,2026-04-12,Página web,Alimentos,Ensalada César,2,64.92,129.84,en el lugar,True,6.0,Zona de estudio,grupal,2026-07-12,completada,2026-07-14,19:25:00,listo,pago en línea,pagado,447.0,71.52,518.52,30.0,,VIP,True
2525,2016,54,Iván Sánchez,iván.sánchez54@correo.com,2025-03-01,Presencial (mesero),Café caliente,Capuchino,1,29.48,29.48,para llevar,False,,,,,,2025-05-07,13:45:00,listo,tarjeta,pagado,133.8,21.41,155.21,12.0,,VIP,False
2526,2016,54,Iván Sánchez,iván.sánchez54@correo.com,2025-03-01,Presencial (mesero),Café caliente,Latte,2,52.16,104.32,para llevar,False,,,,,,2025-05-07,13:45:00,listo,tarjeta,pagado,133.8,21.41,155.21,12.0,,VIP,False
2527,2017,43,Marco Ramírez,marco.ramírez43@correo.com,2026-04-30,Página web,Repostería,Croissant,1,49.6,49.6,para llevar,False,,,,,,2026-04-30,14:00:00,cancelado,transferencia,reembolsado,161.8,25.89,187.69,,,VIP,True
2528,2017,43,Marco Ramírez,marco.ramírez43@correo.com,2026-04-30,Página web,Bebidas calientes,Té chai,3,37.4,112.2,para llevar,False,,,,,,2026-04-30,14:00:00,cancelado,transferencia,reembolsado,161.8,25.89,187.69,,,VIP,True
2529,2018,142,Alejandro Gómez,alejandro.gómez142@correo.com,2025-10-14,Presencial (mesero),Café frío,Frappé de café,3,39.42,118.26,en el lugar,True,1.0,Zona de estudio,individual,2025-12-20,completada,2025-12-23,11:40:00,listo,efectivo,pagado,313.4,50.14,363.54,26.0,,Frecuente,False
2530,2018,142,Alejandro Gómez,alejandro.gómez142@correo.com,2025-10-14,Presencial (mesero),Repostería,Concha,3,38.2,114.6,en el lugar,True,1.0,Zona de estudio,individual,2025-12-20,completada,2025-12-23,11:40:00,listo,efectivo,pagado,313.4,50.14,363.54,26.0,,Frecuente,False
2531,2018,142,Alejandro Gómez,alejandro.gómez142@correo.com,2025-10-14,Presencial (mesero),Bebidas calientes,Té verde,2,40.27,80.54,en el lugar,True,1.0,Zona de estudio,individual,2025-12-20,completada,2025-12-23,11:40:00,listo,efectivo,pagado,313.4,50.14,363.54,26.0,,Frecuente,False
2532,2019,44,María Morales,maría.morales44@correo.com,2025-12-29,Página web,Café caliente,Espresso,3,51.77,155.31,en el lugar,False,11.0,Salón principal,pareja,,,2026-04-11,18:15:00,entregado,pago en línea,pagado,284.92,45.59,330.51,23.0,5.0,VIP,True
2533,2019,44,María Morales,maría.morales44@correo.com,2025-12-29,Página web,Repostería,Pay de queso,2,39.72,79.44,en el lugar,False,11.0,Salón principal,pareja,,,2026-04-11,18:15:00,entregado,pago en línea,pagado,284.92,45.59,330.51,23.0,5.0,VIP,True
2534,2019,44,María Morales,maría.morales44@correo.com,2025-12-29,Página web,Café frío,Frappuccino de caramelo,1,50.17,50.17,en el lugar,False,11.0,Salón principal,pareja,,,2026-04-11,18:15:00,entregado,pago en línea,pagado,284.92,45.59,330.51,23.0,5.0,VIP,True
2535,2020,143,Estefanía Sánchez,estefanía.sánchez143@correo.com,2025-03-29,Presencial (mostrador),Bebidas frías,Refresco de cola,3,30.13,90.39,en el lugar,True,18.0,Terraza,pareja,2026-01-02,completada,2026-01-05,12:25:00,entregado,efectivo,pagado,241.69,38.67,280.36,32.0,5.0,VIP,False
2536,2020,143,Estefanía Sánchez,estefanía.sánchez143@correo.com,2025-03-29,Presencial (mostrador),Repostería,Muffin de arándano,2,34.09,68.18,en el lugar,True,18.0,Terraza,pareja,2026-01-02,completada,2026-01-05,12:25:00,entregado,efectivo,pagado,241.69,38.67,280.36,32.0,5.0,VIP,False
2537,2020,143,Estefanía Sánchez,estefanía.sánchez143@correo.com,2025-03-29,Presencial (mostrador),Alimentos,Sandwich club,1,83.12,83.12,en el lugar,True,18.0,Terraza,pareja,2026-01-02,completada,2026-01-05,12:25:00,entregado,efectivo,pagado,241.69,38.67,280.36,32.0,5.0,VIP,False
2538,2021,15,Renata Martínez,renata.martínez15@correo.com,2025-06-25,Presencial (mesero),Alimentos,Panini de jamón y queso,1,68.43,68.43,para llevar,False,,,,,,2025-07-04,09:20:00,listo,tarjeta,pagado,238.56,38.17,276.73,15.0,,VIP,False
2539,2021,15,Renata Martínez,renata.martínez15@correo.com,2025-06-25,Presencial (mesero),Café caliente,Capuchino,3,29.75,89.25,para llevar,False,,,,,,2025-07-04,09:20:00,listo,tarjeta,pagado,238.56,38.17,276.73,15.0,,VIP,False
2540,2021,15,Renata Martínez,renata.martínez15@correo.com,2025-06-25,Presencial (mesero),Café caliente,Espresso,2,40.44,80.88,para llevar,False,,,,,,2025-07-04,09:20:00,listo,tarjeta,pagado,238.56,38.17,276.73,15.0,,VIP,False
2541,2022,156,Iván Ortiz,iván.ortiz156@correo.com,2026-05-06,Presencial (mostrador),Café frío,Frappé de café,2,49.6,99.2,para llevar,False,,,,,,2026-06-21,13:20:00,cancelado,efectivo,reembolsado,99.2,15.87,115.07,,,VIP,False
2542,2023,28,José Torres,josé.torres28@correo.com,2026-05-28,Presencial (mostrador),Café frío,Cold brew,2,44.97,89.94,en el lugar,True,3.0,Zona de estudio,grupal,2026-06-24,completada,2026-06-26,15:00:00,entregado,tarjeta,pagado,89.94,14.39,104.33,33.0,4.0,VIP,False
2543,2024,168,Alejandro Vázquez,alejandro.vázquez168@correo.com,2025-07-22,Presencial (mostrador),Bebidas calientes,Infusión de manzanilla,3,38.66,115.98,en el lugar,False,15.0,Barra,pareja,,,2025-10-05,14:10:00,entregado,efectivo,pagado,414.91,66.39,481.3,41.0,5.0,VIP,False
2544,2024,168,Alejandro Vázquez,alejandro.vázquez168@correo.com,2025-07-22,Presencial (mostrador),Café frío,Frappuccino de caramelo,1,63.37,63.37,en el lugar,False,15.0,Barra,pareja,,,2025-10-05,14:10:00,entregado,efectivo,pagado,414.91,66.39,481.3,41.0,5.0,VIP,False
2545,2024,168,Alejandro Vázquez,alejandro.vázquez168@correo.com,2025-07-22,Presencial (mostrador),Bebidas calientes,Chocolate caliente,2,43.86,87.72,en el lugar,False,15.0,Barra,pareja,,,2025-10-05,14:10:00,entregado,efectivo,pagado,414.91,66.39,481.3,41.0,5.0,VIP,False
2546,2024,168,Alejandro Vázquez,alejandro.vázquez168@correo.com,2025-07-22,Presencial (mostrador),Café frío,Frappuccino de caramelo,3,49.28,147.84,en el lugar,False,15.0,Barra,pareja,,,2025-10-05,14:10:00,entregado,efectivo,pagado,414.91,66.39,481.3,41.0,5.0,VIP,False
2547,2025,113,Diego Reyes,diego.reyes113@correo.com,2025-06-06,Presencial (mesero),Repostería,Croissant,3,34.09,102.27,en el lugar,True,1.0,Zona de estudio,grupal,2026-01-09,completada,2026-01-12,18:40:00,entregado,efectivo,pagado,288.86,46.22,335.08,28.0,5.0,Frecuente,False
2548,2025,113,Diego Reyes,diego.reyes113@correo.com,2025-06-06,Presencial (mesero),Repostería,Concha,2,49.06,98.12,en el lugar,True,1.0,Zona de estudio,grupal,2026-01-09,completada,2026-01-12,18:40:00,entregado,efectivo,pagado,288.86,46.22,335.08,28.0,5.0,Frecuente,False
2549,2025,113,Diego Reyes,diego.reyes113@correo.com,2025-06-06,Presencial (mesero),Bebidas frías,Limonada,3,29.49,88.47,en el lugar,True,1.0,Zona de estudio,grupal,2026-01-09,completada,2026-01-12,18:40:00,entregado,efectivo,pagado,288.86,46.22,335.08,28.0,5.0,Frecuente,False
2550,2026,173,Karla Gómez,karla.gómez173@correo.com,2025-09-14,Página web,Alimentos,Panini de jamón y queso,2,47.89,95.78,para llevar,False,,,,,,2026-07-16,20:35:00,entregado,pago en línea,pagado,267.5,42.8,310.3,9.0,4.0,Frecuente,True
2551,2026,173,Karla Gómez,karla.gómez173@correo.com,2025-09-14,Página web,Alimentos,Panini de jamón y queso,1,69.99,69.99,para llevar,False,,,,,,2026-07-16,20:35:00,entregado,pago en línea,pagado,267.5,42.8,310.3,9.0,4.0,Frecuente,True
2552,2026,173,Karla Gómez,karla.gómez173@correo.com,2025-09-14,Página web,Repostería,Muffin de arándano,3,33.91,101.73,para llevar,False,,,,,,2026-07-16,20:35:00,entregado,pago en línea,pagado,267.5,42.8,310.3,9.0,4.0,Frecuente,True
2553,2027,184,Renata Castillo,renata.castillo184@correo.com,2025-05-15,Página web,Alimentos,Sandwich club,3,50.32,150.96,en el lugar,True,13.0,Salón principal,pareja,2025-09-14,completada,2025-09-15,20:40:00,listo,pago en línea,pagado,251.78,40.28,292.06,35.0,,VIP,True
2554,2027,184,Renata Castillo,renata.castillo184@correo.com,2025-05-15,Página web,Café caliente,Latte,2,50.41,100.82,en el lugar,True,13.0,Salón principal,pareja,2025-09-14,completada,2025-09-15,20:40:00,listo,pago en línea,pagado,251.78,40.28,292.06,35.0,,VIP,True
2555,2028,89,Hugo García,hugo.garcía89@correo.com,2026-01-30,Página web,Café caliente,Capuchino,1,35.24,35.24,para llevar,False,,,,,,2026-07-04,08:35:00,listo,pago en línea,pagado,237.04,37.93,274.97,8.0,,VIP,True
2556,2028,89,Hugo García,hugo.garcía89@correo.com,2026-01-30,Página web,Bebidas frías,Refresco de cola,2,31.54,63.08,para llevar,False,,,,,,2026-07-04,08:35:00,listo,pago en línea,pagado,237.04,37.93,274.97,8.0,,VIP,True
2557,2028,89,Hugo García,hugo.garcía89@correo.com,2026-01-30,Página web,Café frío,Frappé de café,3,46.24,138.72,para llevar,False,,,,,,2026-07-04,08:35:00,listo,pago en línea,pagado,237.04,37.93,274.97,8.0,,VIP,True
2558,2029,59,Yuleni Romero,yuleni.romero59@correo.com,2025-03-25,Página web,Alimentos,Sandwich club,1,48.03,48.03,en el lugar,False,19.0,Terraza,individual,,,2025-10-23,16:10:00,cancelado,efectivo,reembolsado,174.58,27.93,202.51,,,Frecuente,True
2559,2029,59,Yuleni Romero,yuleni.romero59@correo.com,2025-03-25,Página web,Bebidas frías,Té helado,1,37.37,37.37,en el lugar,False,19.0,Terraza,individual,,,2025-10-23,16:10:00,cancelado,efectivo,reembolsado,174.58,27.93,202.51,,,Frecuente,True
2560,2029,59,Yuleni Romero,yuleni.romero59@correo.com,2025-03-25,Página web,Alimentos,Panini de jamón y queso,1,89.18,89.18,en el lugar,False,19.0,Terraza,individual,,,2025-10-23,16:10:00,cancelado,efectivo,reembolsado,174.58,27.93,202.51,,,Frecuente,True
2561,2030,199,Yuleni López,yuleni.lópez199@correo.com,2026-05-30,Presencial (mesero),Repostería,Brownie,1,31.94,31.94,para llevar,False,,,,,,2026-07-20,10:35:00,entregado,efectivo,pagado,31.94,5.11,37.05,37.0,5.0,VIP,False
2562,2031,204,Regina Castillo,regina.castillo204@correo.com,2025-02-06,Presencial (mostrador),Bebidas frías,Agua mineral,1,35.65,35.65,para llevar,False,,,,,,2025-08-12,11:20:00,entregado,tarjeta,pagado,308.02,49.28,357.3,44.0,5.0,Frecuente,False
2563,2031,204,Regina Castillo,regina.castillo204@correo.com,2025-02-06,Presencial (mostrador),Alimentos,Bagel con queso crema,3,90.79,272.37,para llevar,False,,,,,,2025-08-12,11:20:00,entregado,tarjeta,pagado,308.02,49.28,357.3,44.0,5.0,Frecuente,False
2564,2032,54,Iván Sánchez,iván.sánchez54@correo.com,2025-03-01,Presencial (mesero),Café caliente,Mocaccino,2,44.3,88.6,para llevar,False,,,,,,2025-04-03,18:30:00,entregado,tarjeta,pagado,250.63,40.1,290.73,18.0,3.0,VIP,False
2565,2032,54,Iván Sánchez,iván.sánchez54@correo.com,2025-03-01,Presencial (mesero),Bebidas calientes,Chocolate caliente,1,27.54,27.54,para llevar,False,,,,,,2025-04-03,18:30:00,entregado,tarjeta,pagado,250.63,40.1,290.73,18.0,3.0,VIP,False
2566,2032,54,Iván Sánchez,iván.sánchez54@correo.com,2025-03-01,Presencial (mesero),Bebidas calientes,Chocolate caliente,3,44.83,134.49,para llevar,False,,,,,,2025-04-03,18:30:00,entregado,tarjeta,pagado,250.63,40.1,290.73,18.0,3.0,VIP,False
2567,2033,225,Ana López,ana.lópez225@correo.com,2025-08-20,Página web,Café frío,Frappuccino de caramelo,3,60.89,182.67,en el lugar,True,19.0,Barra,individual,2026-06-08,cancelada,2026-06-09,08:30:00,listo,pago en línea,pagado,392.85,62.86,455.71,31.0,,Frecuente,True
2568,2033,225,Ana López,ana.lópez225@correo.com,2025-08-20,Página web,Bebidas frías,Agua mineral,3,27.12,81.36,en el lugar,True,19.0,Barra,individual,2026-06-08,cancelada,2026-06-09,08:30:00,listo,pago en línea,pagado,392.85,62.86,455.71,31.0,,Frecuente,True
2569,2033,225,Ana López,ana.lópez225@correo.com,2025-08-20,Página web,Café frío,Frappuccino de caramelo,3,42.94,128.82,en el lugar,True,19.0,Barra,individual,2026-06-08,cancelada,2026-06-09,08:30:00,listo,pago en línea,pagado,392.85,62.86,455.71,31.0,,Frecuente,True
2570,2034,13,María Reyes,maría.reyes13@correo.com,2025-10-12,Página web,Café frío,Frappé de café,3,51.37,154.11,en el lugar,True,1.0,Barra,grupal,2025-10-20,pendiente,2025-10-23,14:55:00,listo,pago en línea,pagado,154.11,24.66,178.77,14.0,,Frecuente,True
2571,2035,212,José Cruz,josé.cruz212@correo.com,2025-10-22,Página web,Bebidas frías,Té helado,3,25.59,76.77,para llevar,False,,,,,,2026-08-07,20:10:00,listo,tarjeta,pagado,115.05,18.41,133.46,19.0,,VIP,True
2572,2035,212,José Cruz,josé.cruz212@correo.com,2025-10-22,Página web,Bebidas frías,Jugo de naranja,1,38.28,38.28,para llevar,False,,,,,,2026-08-07,20:10:00,listo,tarjeta,pagado,115.05,18.41,133.46,19.0,,VIP,True
2573,2036,141,Regina Gómez,regina.gómez141@correo.com,2025-07-06,Página web,Café frío,Café helado,2,62.18,124.36,para llevar,False,,,,,,2025-09-24,12:15:00,cancelado,pago en línea,pendiente,124.36,19.9,144.26,,,Frecuente,True
2574,2037,195,Pablo Reyes,pablo.reyes195@correo.com,2026-04-12,Página web,Bebidas calientes,Chocolate caliente,1,37.48,37.48,en el lugar,True,11.0,Zona de estudio,pareja,2026-07-09,completada,2026-07-09,20:00:00,entregado,pago en línea,pagado,298.81,47.81,346.62,42.0,5.0,VIP,True
2575,2037,195,Pablo Reyes,pablo.reyes195@correo.com,2026-04-12,Página web,Café frío,Cold brew,3,61.25,183.75,en el lugar,True,11.0,Zona de estudio,pareja,2026-07-09,completada,2026-07-09,20:00:00,entregado,pago en línea,pagado,298.81,47.81,346.62,42.0,5.0,VIP,True
2576,2037,195,Pablo Reyes,pablo.reyes195@correo.com,2026-04-12,Página web,Repostería,Croissant,2,38.79,77.58,en el lugar,True,11.0,Zona de estudio,pareja,2026-07-09,completada,2026-07-09,20:00:00,entregado,pago en línea,pagado,298.81,47.81,346.62,42.0,5.0,VIP,True
2577,2038,221,Jorge Martínez,jorge.martínez221@correo.com,2025-10-30,Presencial (mesero),Bebidas frías,Té helado,3,28.89,86.67,en el lugar,False,4.0,Salón principal,pareja,,,2025-11-12,12:45:00,listo,efectivo,pagado,202.92,32.47,235.39,16.0,,Frecuente,False
2578,2038,221,Jorge Martínez,jorge.martínez221@correo.com,2025-10-30,Presencial (mesero),Repostería,Brownie,3,38.75,116.25,en el lugar,False,4.0,Salón principal,pareja,,,2025-11-12,12:45:00,listo,efectivo,pagado,202.92,32.47,235.39,16.0,,Frecuente,False
2579,2039,103,Ximena López,ximena.lópez103@correo.com,2025-01-06,Presencial (mostrador),Repostería,Brownie,1,38.01,38.01,para llevar,False,,,,,,2025-03-04,08:10:00,entregado,tarjeta,pagado,396.66,63.47,460.13,14.0,1.0,Frecuente,False
2580,2039,103,Ximena López,ximena.lópez103@correo.com,2025-01-06,Presencial (mostrador),Café frío,Frappé de café,2,62.19,124.38,para llevar,False,,,,,,2025-03-04,08:10:00,entregado,tarjeta,pagado,396.66,63.47,460.13,14.0,1.0,Frecuente,False
2581,2039,103,Ximena López,ximena.lópez103@correo.com,2025-01-06,Presencial (mostrador),Alimentos,Bagel con queso crema,2,74.76,149.52,para llevar,False,,,,,,2025-03-04,08:10:00,entregado,tarjeta,pagado,396.66,63.47,460.13,14.0,1.0,Frecuente,False
2582,2039,103,Ximena López,ximena.lópez103@correo.com,2025-01-06,Presencial (mostrador),Repostería,Dona glaseada,3,28.25,84.75,para llevar,False,,,,,,2025-03-04,08:10:00,entregado,tarjeta,pagado,396.66,63.47,460.13,14.0,1.0,Frecuente,False
2583,2040,150,Sergio García,sergio.garcía150@correo.com,2026-07-03,Página web,Bebidas calientes,Infusión de manzanilla,1,27.56,27.56,para llevar,False,,,,,,2026-08-09,09:10:00,entregado,pago en línea,pagado,233.57,37.37,270.94,33.0,3.0,Frecuente,True
2584,2040,150,Sergio García,sergio.garcía150@correo.com,2026-07-03,Página web,Alimentos,Ensalada César,3,68.67,206.01,para llevar,False,,,,,,2026-08-09,09:10:00,entregado,pago en línea,pagado,233.57,37.37,270.94,33.0,3.0,Frecuente,True
2585,2041,129,Ximena López,ximena.lópez129@correo.com,2026-04-30,Presencial (mesero),Café caliente,Latte,1,49.83,49.83,para llevar,False,,,,,,2026-06-01,13:05:00,entregado,transferencia,pagado,179.62,28.74,208.36,14.0,5.0,Frecuente,False
2586,2041,129,Ximena López,ximena.lópez129@correo.com,2026-04-30,Presencial (mesero),Café frío,Frappé de café,2,35.14,70.28,para llevar,False,,,,,,2026-06-01,13:05:00,entregado,transferencia,pagado,179.62,28.74,208.36,14.0,5.0,Frecuente,False
2587,2041,129,Ximena López,ximena.lópez129@correo.com,2026-04-30,Presencial (mesero),Bebidas frías,Limonada,1,33.2,33.2,para llevar,False,,,,,,2026-06-01,13:05:00,entregado,transferencia,pagado,179.62,28.74,208.36,14.0,5.0,Frecuente,False
2588,2041,129,Ximena López,ximena.lópez129@correo.com,2026-04-30,Presencial (mesero),Bebidas frías,Agua mineral,1,26.31,26.31,para llevar,False,,,,,,2026-06-01,13:05:00,entregado,transferencia,pagado,179.62,28.74,208.36,14.0,5.0,Frecuente,False
2589,2042,213,Julián Vázquez,julián.vázquez213@correo.com,2025-11-03,Página web,Bebidas calientes,Chocolate caliente,3,27.01,81.03,para llevar,False,,,,,,2025-12-05,12:55:00,entregado,pago en línea,pagado,112.02,17.92,129.94,36.0,4.0,VIP,True
2590,2042,213,Julián Vázquez,julián.vázquez213@correo.com,2025-11-03,Página web,Bebidas calientes,Té chai,1,30.99,30.99,para llevar,False,,,,,,2025-12-05,12:55:00,entregado,pago en línea,pagado,112.02,17.92,129.94,36.0,4.0,VIP,True
2591,2043,218,Diego Romero,diego.romero218@correo.com,2025-12-27,Presencial (mostrador),Bebidas calientes,Té verde,3,42.2,126.6,para llevar,False,,,,,,2026-04-30,16:35:00,entregado,efectivo,pagado,388.25,62.12,450.37,15.0,2.0,Frecuente,False
2592,2043,218,Diego Romero,diego.romero218@correo.com,2025-12-27,Presencial (mostrador),Café frío,Frappé de café,2,50.05,100.1,para llevar,False,,,,,,2026-04-30,16:35:00,entregado,efectivo,pagado,388.25,62.12,450.37,15.0,2.0,Frecuente,False
2593,2043,218,Diego Romero,diego.romero218@correo.com,2025-12-27,Presencial (mostrador),Café frío,Café helado,3,53.85,161.55,para llevar,False,,,,,,2026-04-30,16:35:00,entregado,efectivo,pagado,388.25,62.12,450.37,15.0,2.0,Frecuente,False
2594,2044,234,Lucía Díaz,lucía.díaz234@correo.com,2026-07-08,Presencial (mesero),Café caliente,Latte,2,41.3,82.6,para llevar,False,,,,,,2026-08-14,09:55:00,listo,tarjeta,pagado,441.6,70.66,512.26,29.0,,Frecuente,False
2595,2044,234,Lucía Díaz,lucía.díaz234@correo.com,2026-07-08,Presencial (mesero),Alimentos,Bagel con queso crema,3,93.08,279.24,para llevar,False,,,,,,2026-08-14,09:55:00,listo,tarjeta,pagado,441.6,70.66,512.26,29.0,,Frecuente,False
2596,2044,234,Lucía Díaz,lucía.díaz234@correo.com,2026-07-08,Presencial (mesero),Café frío,Cold brew,1,52.67,52.67,para llevar,False,,,,,,2026-08-14,09:55:00,listo,tarjeta,pagado,441.6,70.66,512.26,29.0,,Frecuente,False
2597,2044,234,Lucía Díaz,lucía.díaz234@correo.com,2026-07-08,Presencial (mesero),Bebidas frías,Refresco de cola,1,27.09,27.09,para llevar,False,,,,,,2026-08-14,09:55:00,listo,tarjeta,pagado,441.6,70.66,512.26,29.0,,Frecuente,False
2598,2045,23,Luis De la Cruz,luis.delacruz23@correo.com,2025-04-23,Presencial (mostrador),Repostería,Dona glaseada,1,40.3,40.3,en el lugar,True,17.0,Zona de estudio,grupal,2025-12-16,completada,2025-12-18,18:40:00,entregado,transferencia,pagado,105.53,16.88,122.41,25.0,4.0,VIP,False
2599,2045,23,Luis De la Cruz,luis.delacruz23@correo.com,2025-04-23,Presencial (mostrador),Alimentos,Bagel con queso crema,1,65.23,65.23,en el lugar,True,17.0,Zona de estudio,grupal,2025-12-16,completada,2025-12-18,18:40:00,entregado,transferencia,pagado,105.53,16.88,122.41,25.0,4.0,VIP,False
2600,2046,170,Ricardo Flores,ricardo.flores170@correo.com,2026-08-06,Página web,Café frío,Cold brew,2,61.09,122.18,en el lugar,True,7.0,Zona de estudio,grupal,2026-08-10,completada,2026-08-12,14:10:00,entregado,pago en línea,pagado,249.38,39.9,289.28,33.0,3.0,VIP,True
2601,2046,170,Ricardo Flores,ricardo.flores170@correo.com,2026-08-06,Página web,Café caliente,Espresso,3,42.4,127.2,en el lugar,True,7.0,Zona de estudio,grupal,2026-08-10,completada,2026-08-12,14:10:00,entregado,pago en línea,pagado,249.38,39.9,289.28,33.0,3.0,VIP,True
2602,2047,116,Michelle Vázquez,michelle.vázquez116@correo.com,2026-01-25,Página web,Repostería,Concha,1,35.06,35.06,en el lugar,True,9.0,Salón principal,grupal,2026-03-09,completada,2026-03-09,19:20:00,en preparación,pago en línea,pagado,130.7,20.91,151.61,,,Frecuente,True
2603,2047,116,Michelle Vázquez,michelle.vázquez116@correo.com,2026-01-25,Página web,Bebidas frías,Limonada,3,31.88,95.64,en el lugar,True,9.0,Salón principal,grupal,2026-03-09,completada,2026-03-09,19:20:00,en preparación,pago en línea,pagado,130.7,20.91,151.61,,,Frecuente,True
2604,2048,82,Diego Sánchez,diego.sánchez82@correo.com,2026-04-17,Página web,Bebidas frías,Agua mineral,1,28.61,28.61,en el lugar,True,5.0,Barra,pareja,2026-07-15,completada,2026-07-15,17:30:00,listo,pago en línea,pagado,28.61,4.58,33.19,12.0,,VIP,True
2605,2049,159,Paola López,paola.lópez159@correo.com,2026-07-31,Página web,Bebidas frías,Limonada,1,24.91,24.91,para llevar,False,,,,,,2026-08-15,20:20:00,entregado,pago en línea,pagado,24.91,3.99,28.9,19.0,4.0,VIP,True
2606,2050,138,Daniela Jiménez,daniela.jiménez138@correo.com,2025-10-04,Presencial (mesero),Café caliente,Mocaccino,3,29.26,87.78,para llevar,False,,,,,,2025-12-11,09:20:00,en preparación,efectivo,pagado,334.34,53.49,387.83,,,Frecuente,False
2607,2050,138,Daniela Jiménez,daniela.jiménez138@correo.com,2025-10-04,Presencial (mesero),Café caliente,Café de olla,3,31.88,95.64,para llevar,False,,,,,,2025-12-11,09:20:00,en preparación,efectivo,pagado,334.34,53.49,387.83,,,Frecuente,False
2608,2050,138,Daniela Jiménez,daniela.jiménez138@correo.com,2025-10-04,Presencial (mesero),Alimentos,Sandwich club,2,61.02,122.04,para llevar,False,,,,,,2025-12-11,09:20:00,en preparación,efectivo,pagado,334.34,53.49,387.83,,,Frecuente,False
2609,2050,138,Daniela Jiménez,daniela.jiménez138@correo.com,2025-10-04,Presencial (mesero),Repostería,Pay de queso,1,28.88,28.88,para llevar,False,,,,,,2025-12-11,09:20:00,en preparación,efectivo,pagado,334.34,53.49,387.83,,,Frecuente,False
2610,2051,76,Mariana De la Cruz,mariana.delacruz76@correo.com,2026-01-02,Página web,Bebidas frías,Agua mineral,1,24.57,24.57,para llevar,False,,,,,,2026-05-03,13:10:00,entregado,efectivo,pagado,24.57,3.93,28.5,35.0,5.0,Frecuente,True
2611,2052,103,Ximena López,ximena.lópez103@correo.com,2025-01-06,Presencial (mesero),Repostería,Dona glaseada,2,28.26,56.52,en el lugar,False,7.0,Salón principal,pareja,,,2025-04-08,14:30:00,entregado,transferencia,pagado,206.91,33.11,240.02,20.0,2.0,Frecuente,False
2612,2052,103,Ximena López,ximena.lópez103@correo.com,2025-01-06,Presencial (mesero),Alimentos,Ensalada César,2,51.86,103.72,en el lugar,False,7.0,Salón principal,pareja,,,2025-04-08,14:30:00,entregado,transferencia,pagado,206.91,33.11,240.02,20.0,2.0,Frecuente,False
2613,2052,103,Ximena López,ximena.lópez103@correo.com,2025-01-06,Presencial (mesero),Café frío,Frappé de café,1,46.67,46.67,en el lugar,False,7.0,Salón principal,pareja,,,2025-04-08,14:30:00,entregado,transferencia,pagado,206.91,33.11,240.02,20.0,2.0,Frecuente,False
2614,2053,52,José Reyes,josé.reyes52@correo.com,2025-09-29,Página web,Bebidas frías,Agua mineral,2,23.6,47.2,en el lugar,False,16.0,Barra,individual,,,2026-05-22,09:35:00,entregado,pago en línea,pagado,209.51,33.52,243.03,9.0,4.0,VIP,True
2615,2053,52,José Reyes,josé.reyes52@correo.com,2025-09-29,Página web,Café caliente,Capuchino,1,51.76,51.76,en el lugar,False,16.0,Barra,individual,,,2026-05-22,09:35:00,entregado,pago en línea,pagado,209.51,33.52,243.03,9.0,4.0,VIP,True
2616,2053,52,José Reyes,josé.reyes52@correo.com,2025-09-29,Página web,Café caliente,Latte,3,36.85,110.55,en el lugar,False,16.0,Barra,individual,,,2026-05-22,09:35:00,entregado,pago en línea,pagado,209.51,33.52,243.03,9.0,4.0,VIP,True
2617,2054,59,Yuleni Romero,yuleni.romero59@correo.com,2025-03-25,Presencial (mesero),Café caliente,Latte,2,32.54,65.08,en el lugar,True,6.0,Terraza,individual,2025-06-19,completada,2025-06-21,20:35:00,entregado,tarjeta,pagado,270.11,43.22,313.33,8.0,5.0,Frecuente,False
2618,2054,59,Yuleni Romero,yuleni.romero59@correo.com,2025-03-25,Presencial (mesero),Repostería,Muffin de arándano,3,39.99,119.97,en el lugar,True,6.0,Terraza,individual,2025-06-19,completada,2025-06-21,20:35:00,entregado,tarjeta,pagado,270.11,43.22,313.33,8.0,5.0,Frecuente,False
2619,2054,59,Yuleni Romero,yuleni.romero59@correo.com,2025-03-25,Presencial (mesero),Repostería,Croissant,2,42.53,85.06,en el lugar,True,6.0,Terraza,individual,2025-06-19,completada,2025-06-21,20:35:00,entregado,tarjeta,pagado,270.11,43.22,313.33,8.0,5.0,Frecuente,False
2620,2055,46,Andrea García,andrea.garcía46@correo.com,2025-09-12,Presencial (mesero),Bebidas frías,Jugo de naranja,1,20.83,20.83,para llevar,False,,,,,,2025-12-05,12:20:00,entregado,efectivo,pagado,223.42,35.75,259.17,29.0,4.0,VIP,False
2621,2055,46,Andrea García,andrea.garcía46@correo.com,2025-09-12,Presencial (mesero),Bebidas calientes,Infusión de manzanilla,3,28.46,85.38,para llevar,False,,,,,,2025-12-05,12:20:00,entregado,efectivo,pagado,223.42,35.75,259.17,29.0,4.0,VIP,False
2622,2055,46,Andrea García,andrea.garcía46@correo.com,2025-09-12,Presencial (mesero),Bebidas frías,Refresco de cola,2,34.68,69.36,para llevar,False,,,,,,2025-12-05,12:20:00,entregado,efectivo,pagado,223.42,35.75,259.17,29.0,4.0,VIP,False
2623,2055,46,Andrea García,andrea.garcía46@correo.com,2025-09-12,Presencial (mesero),Repostería,Concha,1,47.85,47.85,para llevar,False,,,,,,2025-12-05,12:20:00,entregado,efectivo,pagado,223.42,35.75,259.17,29.0,4.0,VIP,False
2624,2056,128,Ximena Sánchez,ximena.sánchez128@correo.com,2025-01-21,Presencial (mesero),Repostería,Brownie,2,46.12,92.24,para llevar,False,,,,,,2025-12-07,14:55:00,entregado,tarjeta,pagado,239.51,38.32,277.83,35.0,5.0,Frecuente,False
2625,2056,128,Ximena Sánchez,ximena.sánchez128@correo.com,2025-01-21,Presencial (mesero),Café caliente,Café de olla,3,49.09,147.27,para llevar,False,,,,,,2025-12-07,14:55:00,entregado,tarjeta,pagado,239.51,38.32,277.83,35.0,5.0,Frecuente,False
2626,2057,18,Yuleni Gómez,yuleni.gómez18@correo.com,2026-02-15,Presencial (mesero),Repostería,Croissant,2,41.0,82.0,en el lugar,False,10.0,Salón principal,pareja,,,2026-02-27,11:35:00,entregado,transferencia,pagado,358.08,57.29,415.37,32.0,5.0,VIP,False
2627,2057,18,Yuleni Gómez,yuleni.gómez18@correo.com,2026-02-15,Presencial (mesero),Alimentos,Panini de jamón y queso,2,49.12,98.24,en el lugar,False,10.0,Salón principal,pareja,,,2026-02-27,11:35:00,entregado,transferencia,pagado,358.08,57.29,415.37,32.0,5.0,VIP,False
2628,2057,18,Yuleni Gómez,yuleni.gómez18@correo.com,2026-02-15,Presencial (mesero),Alimentos,Ensalada César,2,88.92,177.84,en el lugar,False,10.0,Salón principal,pareja,,,2026-02-27,11:35:00,entregado,transferencia,pagado,358.08,57.29,415.37,32.0,5.0,VIP,False
2629,2058,115,Raúl De la Cruz,raúl.delacruz115@correo.com,2025-07-31,Presencial (mesero),Café caliente,Americano,3,40.23,120.69,en el lugar,False,12.0,Zona de estudio,grupal,,,2025-11-27,13:40:00,entregado,tarjeta,pagado,120.69,19.31,140.0,15.0,5.0,Frecuente,False
2630,2059,137,Mariana Cruz,mariana.cruz137@correo.com,2025-06-06,Presencial (mostrador),Café caliente,Capuchino,2,54.36,108.72,para llevar,False,,,,,,2025-06-11,19:40:00,entregado,transferencia,pagado,476.34,76.21,552.55,21.0,4.0,Frecuente,False
2631,2059,137,Mariana Cruz,mariana.cruz137@correo.com,2025-06-06,Presencial (mostrador),Repostería,Pay de queso,2,51.35,102.7,para llevar,False,,,,,,2025-06-11,19:40:00,entregado,transferencia,pagado,476.34,76.21,552.55,21.0,4.0,Frecuente,False
2632,2059,137,Mariana Cruz,mariana.cruz137@correo.com,2025-06-06,Presencial (mostrador),Alimentos,Sandwich club,2,61.87,123.74,para llevar,False,,,,,,2025-06-11,19:40:00,entregado,transferencia,pagado,476.34,76.21,552.55,21.0,4.0,Frecuente,False
2633,2059,137,Mariana Cruz,mariana.cruz137@correo.com,2025-06-06,Presencial (mostrador),Café caliente,Americano,3,47.06,141.18,para llevar,False,,,,,,2025-06-11,19:40:00,entregado,transferencia,pagado,476.34,76.21,552.55,21.0,4.0,Frecuente,False
2634,2060,238,María Díaz,maría.díaz238@correo.com,2026-07-12,Página web,Alimentos,Panini de jamón y queso,3,90.56,271.68,en el lugar,True,13.0,Barra,grupal,2026-07-13,completada,2026-07-13,13:35:00,entregado,pago en línea,pagado,643.33,102.93,746.26,10.0,3.0,Frecuente,True
2635,2060,238,María Díaz,maría.díaz238@correo.com,2026-07-12,Página web,Bebidas calientes,Té verde,2,40.52,81.04,en el lugar,True,13.0,Barra,grupal,2026-07-13,completada,2026-07-13,13:35:00,entregado,pago en línea,pagado,643.33,102.93,746.26,10.0,3.0,Frecuente,True
2636,2060,238,María Díaz,maría.díaz238@correo.com,2026-07-12,Página web,Bebidas frías,Té helado,3,35.42,106.26,en el lugar,True,13.0,Barra,grupal,2026-07-13,completada,2026-07-13,13:35:00,entregado,pago en línea,pagado,643.33,102.93,746.26,10.0,3.0,Frecuente,True
2637,2060,238,María Díaz,maría.díaz238@correo.com,2026-07-12,Página web,Alimentos,Panini de jamón y queso,3,61.45,184.35,en el lugar,True,13.0,Barra,grupal,2026-07-13,completada,2026-07-13,13:35:00,entregado,pago en línea,pagado,643.33,102.93,746.26,10.0,3.0,Frecuente,True
2638,2061,55,Sergio De la Cruz,sergio.delacruz55@correo.com,2025-02-21,Página web,Alimentos,Sandwich club,1,82.09,82.09,para llevar,False,,,,,,2026-03-24,14:15:00,entregado,pago en línea,pagado,304.12,48.66,352.78,43.0,5.0,Frecuente,True
2639,2061,55,Sergio De la Cruz,sergio.delacruz55@correo.com,2025-02-21,Página web,Repostería,Dona glaseada,3,36.29,108.87,para llevar,False,,,,,,2026-03-24,14:15:00,entregado,pago en línea,pagado,304.12,48.66,352.78,43.0,5.0,Frecuente,True
2640,2061,55,Sergio De la Cruz,sergio.delacruz55@correo.com,2025-02-21,Página web,Café caliente,Mocaccino,2,45.19,90.38,para llevar,False,,,,,,2026-03-24,14:15:00,entregado,pago en línea,pagado,304.12,48.66,352.78,43.0,5.0,Frecuente,True
2641,2061,55,Sergio De la Cruz,sergio.delacruz55@correo.com,2025-02-21,Página web,Bebidas frías,Limonada,1,22.78,22.78,para llevar,False,,,,,,2026-03-24,14:15:00,entregado,pago en línea,pagado,304.12,48.66,352.78,43.0,5.0,Frecuente,True
2642,2062,219,Alejandro López,alejandro.lópez219@correo.com,2025-04-10,Presencial (mesero),Café frío,Frappé de café,2,49.24,98.48,en el lugar,True,15.0,Terraza,pareja,2025-11-09,completada,2025-11-12,19:55:00,listo,efectivo,pagado,225.44,36.07,261.51,34.0,,Recurrente,False
2643,2062,219,Alejandro López,alejandro.lópez219@correo.com,2025-04-10,Presencial (mesero),Bebidas frías,Jugo de naranja,1,23.55,23.55,en el lugar,True,15.0,Terraza,pareja,2025-11-09,completada,2025-11-12,19:55:00,listo,efectivo,pagado,225.44,36.07,261.51,34.0,,Recurrente,False
2644,2062,219,Alejandro López,alejandro.lópez219@correo.com,2025-04-10,Presencial (mesero),Bebidas frías,Jugo de naranja,3,21.6,64.8,en el lugar,True,15.0,Terraza,pareja,2025-11-09,completada,2025-11-12,19:55:00,listo,efectivo,pagado,225.44,36.07,261.51,34.0,,Recurrente,False
2645,2062,219,Alejandro López,alejandro.lópez219@correo.com,2025-04-10,Presencial (mesero),Bebidas frías,Jugo de naranja,1,38.61,38.61,en el lugar,True,15.0,Terraza,pareja,2025-11-09,completada,2025-11-12,19:55:00,listo,efectivo,pagado,225.44,36.07,261.51,34.0,,Recurrente,False
2646,2063,179,Iván Reyes,iván.reyes179@correo.com,2026-07-18,Presencial (mostrador),Bebidas frías,Refresco de cola,2,36.45,72.9,para llevar,False,,,,,,2026-08-07,19:15:00,entregado,transferencia,pagado,72.9,11.66,84.56,18.0,4.0,Frecuente,False
2647,2064,146,Iván Ramírez,iván.ramírez146@correo.com,2026-02-19,Página web,Café caliente,Mocaccino,3,48.82,146.46,para llevar,False,,,,,,2026-06-02,16:20:00,entregado,pago en línea,pagado,293.61,46.98,340.59,15.0,4.0,VIP,True
2648,2064,146,Iván Ramírez,iván.ramírez146@correo.com,2026-02-19,Página web,Repostería,Muffin de arándano,3,49.05,147.15,para llevar,False,,,,,,2026-06-02,16:20:00,entregado,pago en línea,pagado,293.61,46.98,340.59,15.0,4.0,VIP,True
2649,2065,242,Ana Castillo,ana.castillo242@correo.com,2025-08-01,Presencial (mostrador),Café caliente,Café de olla,2,37.18,74.36,para llevar,False,,,,,,2025-12-23,12:45:00,entregado,tarjeta,pagado,121.96,19.51,141.47,41.0,1.0,Frecuente,False
2650,2065,242,Ana Castillo,ana.castillo242@correo.com,2025-08-01,Presencial (mostrador),Bebidas frías,Refresco de cola,2,23.8,47.6,para llevar,False,,,,,,2025-12-23,12:45:00,entregado,tarjeta,pagado,121.96,19.51,141.47,41.0,1.0,Frecuente,False
2651,2066,176,Daniela Vázquez,daniela.vázquez176@correo.com,2026-03-23,Página web,Alimentos,Sandwich club,3,65.71,197.13,en el lugar,False,8.0,Terraza,grupal,,,2026-05-03,11:15:00,entregado,transferencia,pagado,197.13,31.54,228.67,8.0,3.0,Frecuente,True
2652,2067,153,José Castillo,josé.castillo153@correo.com,2025-05-10,Presencial (mesero),Bebidas calientes,Té chai,3,27.06,81.18,para llevar,False,,,,,,2025-11-23,17:30:00,entregado,efectivo,pagado,247.16,39.55,286.71,20.0,5.0,Frecuente,False
2653,2067,153,José Castillo,josé.castillo153@correo.com,2025-05-10,Presencial (mesero),Bebidas calientes,Té verde,3,42.65,127.95,para llevar,False,,,,,,2025-11-23,17:30:00,entregado,efectivo,pagado,247.16,39.55,286.71,20.0,5.0,Frecuente,False
2654,2067,153,José Castillo,josé.castillo153@correo.com,2025-05-10,Presencial (mesero),Bebidas frías,Limonada,1,38.03,38.03,para llevar,False,,,,,,2025-11-23,17:30:00,entregado,efectivo,pagado,247.16,39.55,286.71,20.0,5.0,Frecuente,False
2655,2068,4,Diego Jiménez,diego.jiménez4@correo.com,2025-01-28,Página web,Café caliente,Latte,1,51.76,51.76,para llevar,False,,,,,,2026-05-02,19:00:00,entregado,pago en línea,pagado,182.91,29.27,212.18,41.0,5.0,VIP,True
2656,2068,4,Diego Jiménez,diego.jiménez4@correo.com,2025-01-28,Página web,Café frío,Frappé de café,2,50.4,100.8,para llevar,False,,,,,,2026-05-02,19:00:00,entregado,pago en línea,pagado,182.91,29.27,212.18,41.0,5.0,VIP,True
2657,2068,4,Diego Jiménez,diego.jiménez4@correo.com,2025-01-28,Página web,Bebidas frías,Té helado,1,30.35,30.35,para llevar,False,,,,,,2026-05-02,19:00:00,entregado,pago en línea,pagado,182.91,29.27,212.18,41.0,5.0,VIP,True
2658,2069,208,Mariana Morales,mariana.morales208@correo.com,2025-05-30,Presencial (mostrador),Café frío,Café helado,3,63.54,190.62,en el lugar,False,10.0,Zona de estudio,individual,,,2025-08-22,16:30:00,entregado,efectivo,pagado,522.39,83.58,605.97,32.0,3.0,Frecuente,False
2659,2069,208,Mariana Morales,mariana.morales208@correo.com,2025-05-30,Presencial (mostrador),Café frío,Frappuccino de caramelo,1,53.94,53.94,en el lugar,False,10.0,Zona de estudio,individual,,,2025-08-22,16:30:00,entregado,efectivo,pagado,522.39,83.58,605.97,32.0,3.0,Frecuente,False
2660,2069,208,Mariana Morales,mariana.morales208@correo.com,2025-05-30,Presencial (mostrador),Café caliente,Espresso,3,39.31,117.93,en el lugar,False,10.0,Zona de estudio,individual,,,2025-08-22,16:30:00,entregado,efectivo,pagado,522.39,83.58,605.97,32.0,3.0,Frecuente,False
2661,2069,208,Mariana Morales,mariana.morales208@correo.com,2025-05-30,Presencial (mostrador),Café caliente,Latte,3,53.3,159.9,en el lugar,False,10.0,Zona de estudio,individual,,,2025-08-22,16:30:00,entregado,efectivo,pagado,522.39,83.58,605.97,32.0,3.0,Frecuente,False
2662,2070,78,Paola Ramírez,paola.ramírez78@correo.com,2025-06-16,Presencial (mostrador),Café caliente,Americano,1,44.87,44.87,para llevar,False,,,,,,2025-08-11,09:35:00,entregado,transferencia,pagado,198.43,31.75,230.18,24.0,5.0,Frecuente,False
2663,2070,78,Paola Ramírez,paola.ramírez78@correo.com,2025-06-16,Presencial (mostrador),Alimentos,Sandwich club,2,76.78,153.56,para llevar,False,,,,,,2025-08-11,09:35:00,entregado,transferencia,pagado,198.43,31.75,230.18,24.0,5.0,Frecuente,False
2664,2071,27,Andrea García,andrea.garcía27@correo.com,2025-10-28,Página web,Café caliente,Americano,3,28.3,84.9,en el lugar,False,6.0,Zona de estudio,pareja,,,2026-03-20,11:15:00,cancelado,pago en línea,reembolsado,84.9,13.58,98.48,,,Frecuente,True
2665,2072,136,Andrea Hernández,andrea.hernández136@correo.com,2026-03-07,Presencial (mesero),Alimentos,Sandwich club,1,74.28,74.28,para llevar,False,,,,,,2026-05-21,19:50:00,entregado,tarjeta,pagado,123.04,19.69,142.73,25.0,5.0,VIP,False
2666,2072,136,Andrea Hernández,andrea.hernández136@correo.com,2026-03-07,Presencial (mesero),Café frío,Cold brew,1,48.76,48.76,para llevar,False,,,,,,2026-05-21,19:50:00,entregado,tarjeta,pagado,123.04,19.69,142.73,25.0,5.0,VIP,False
2667,2073,146,Iván Ramírez,iván.ramírez146@correo.com,2026-02-19,Presencial (mostrador),Alimentos,Ensalada César,2,51.65,103.3,en el lugar,True,20.0,Barra,grupal,2026-07-11,completada,2026-07-14,14:30:00,en preparación,tarjeta,pagado,129.14,20.66,149.8,,,VIP,False
2668,2073,146,Iván Ramírez,iván.ramírez146@correo.com,2026-02-19,Presencial (mostrador),Bebidas calientes,Té verde,1,25.84,25.84,en el lugar,True,20.0,Barra,grupal,2026-07-11,completada,2026-07-14,14:30:00,en preparación,tarjeta,pagado,129.14,20.66,149.8,,,VIP,False
2669,2074,192,Raúl Gómez,raúl.gómez192@correo.com,2026-06-04,Presencial (mostrador),Bebidas calientes,Té verde,2,41.81,83.62,en el lugar,False,12.0,Zona de estudio,grupal,,,2026-07-28,11:40:00,entregado,efectivo,pagado,384.12,61.46,445.58,20.0,5.0,Frecuente,False
2670,2074,192,Raúl Gómez,raúl.gómez192@correo.com,2026-06-04,Presencial (mostrador),Bebidas frías,Jugo de naranja,3,22.94,68.82,en el lugar,False,12.0,Zona de estudio,grupal,,,2026-07-28,11:40:00,entregado,efectivo,pagado,384.12,61.46,445.58,20.0,5.0,Frecuente,False
2671,2074,192,Raúl Gómez,raúl.gómez192@correo.com,2026-06-04,Presencial (mostrador),Repostería,Dona glaseada,2,44.95,89.9,en el lugar,False,12.0,Zona de estudio,grupal,,,2026-07-28,11:40:00,entregado,efectivo,pagado,384.12,61.46,445.58,20.0,5.0,Frecuente,False
2672,2074,192,Raúl Gómez,raúl.gómez192@correo.com,2026-06-04,Presencial (mostrador),Alimentos,Bagel con queso crema,2,70.89,141.78,en el lugar,False,12.0,Zona de estudio,grupal,,,2026-07-28,11:40:00,entregado,efectivo,pagado,384.12,61.46,445.58,20.0,5.0,Frecuente,False
2673,2075,18,Yuleni Gómez,yuleni.gómez18@correo.com,2026-02-15,Página web,Repostería,Brownie,3,27.58,82.74,para llevar,False,,,,,,2026-03-19,10:30:00,entregado,pago en línea,pagado,239.22,38.28,277.5,44.0,2.0,VIP,True
2674,2075,18,Yuleni Gómez,yuleni.gómez18@correo.com,2026-02-15,Página web,Repostería,Brownie,2,35.86,71.72,para llevar,False,,,,,,2026-03-19,10:30:00,entregado,pago en línea,pagado,239.22,38.28,277.5,44.0,2.0,VIP,True
2675,2075,18,Yuleni Gómez,yuleni.gómez18@correo.com,2026-02-15,Página web,Alimentos,Bagel con queso crema,1,51.74,51.74,para llevar,False,,,,,,2026-03-19,10:30:00,entregado,pago en línea,pagado,239.22,38.28,277.5,44.0,2.0,VIP,True
2676,2075,18,Yuleni Gómez,yuleni.gómez18@correo.com,2026-02-15,Página web,Café caliente,Capuchino,1,33.02,33.02,para llevar,False,,,,,,2026-03-19,10:30:00,entregado,pago en línea,pagado,239.22,38.28,277.5,44.0,2.0,VIP,True
2677,2076,102,Raúl Vázquez,raúl.vázquez102@correo.com,2025-07-19,Página web,Café frío,Café helado,1,46.31,46.31,para llevar,False,,,,,,2026-06-01,09:00:00,cancelado,transferencia,reembolsado,145.76,23.32,169.08,,,Frecuente,True
2678,2076,102,Raúl Vázquez,raúl.vázquez102@correo.com,2025-07-19,Página web,Bebidas frías,Jugo de naranja,3,33.15,99.45,para llevar,False,,,,,,2026-06-01,09:00:00,cancelado,transferencia,reembolsado,145.76,23.32,169.08,,,Frecuente,True
2679,2077,18,Yuleni Gómez,yuleni.gómez18@correo.com,2026-02-15,Página web,Bebidas frías,Jugo de naranja,1,29.28,29.28,para llevar,False,,,,,,2026-07-19,19:55:00,listo,pago en línea,pagado,250.88,40.14,291.02,23.0,,VIP,True
2680,2077,18,Yuleni Gómez,yuleni.gómez18@correo.com,2026-02-15,Página web,Alimentos,Panini de jamón y queso,1,75.55,75.55,para llevar,False,,,,,,2026-07-19,19:55:00,listo,pago en línea,pagado,250.88,40.14,291.02,23.0,,VIP,True
2681,2077,18,Yuleni Gómez,yuleni.gómez18@correo.com,2026-02-15,Página web,Repostería,Pay de queso,3,25.43,76.29,para llevar,False,,,,,,2026-07-19,19:55:00,listo,pago en línea,pagado,250.88,40.14,291.02,23.0,,VIP,True
2682,2077,18,Yuleni Gómez,yuleni.gómez18@correo.com,2026-02-15,Página web,Café caliente,Americano,2,34.88,69.76,para llevar,False,,,,,,2026-07-19,19:55:00,listo,pago en línea,pagado,250.88,40.14,291.02,23.0,,VIP,True
2683,2078,176,Daniela Vázquez,daniela.vázquez176@correo.com,2026-03-23,Página web,Café caliente,Capuchino,3,36.03,108.09,en el lugar,False,20.0,Terraza,individual,,,2026-04-16,12:15:00,cancelado,pago en línea,pendiente,108.09,17.29,125.38,,,Frecuente,True
2684,2079,184,Renata Castillo,renata.castillo184@correo.com,2025-05-15,Presencial (mesero),Repostería,Dona glaseada,1,47.82,47.82,para llevar,False,,,,,,2026-04-17,18:35:00,entregado,transferencia,pagado,47.82,7.65,55.47,26.0,3.0,VIP,False
2685,2080,140,Óscar Ramírez,óscar.ramírez140@correo.com,2026-04-21,Página web,Repostería,Croissant,2,56.54,113.08,para llevar,False,,,,,,2026-07-23,16:05:00,entregado,pago en línea,pagado,314.16,50.27,364.43,16.0,3.0,Frecuente,True
2686,2080,140,Óscar Ramírez,óscar.ramírez140@correo.com,2026-04-21,Página web,Bebidas frías,Refresco de cola,2,22.65,45.3,para llevar,False,,,,,,2026-07-23,16:05:00,entregado,pago en línea,pagado,314.16,50.27,364.43,16.0,3.0,Frecuente,True
2687,2080,140,Óscar Ramírez,óscar.ramírez140@correo.com,2026-04-21,Página web,Bebidas frías,Jugo de naranja,1,30.8,30.8,para llevar,False,,,,,,2026-07-23,16:05:00,entregado,pago en línea,pagado,314.16,50.27,364.43,16.0,3.0,Frecuente,True
2688,2080,140,Óscar Ramírez,óscar.ramírez140@correo.com,2026-04-21,Página web,Bebidas calientes,Té verde,3,41.66,124.98,para llevar,False,,,,,,2026-07-23,16:05:00,entregado,pago en línea,pagado,314.16,50.27,364.43,16.0,3.0,Frecuente,True
2689,2081,158,Sofía Ortiz,sofía.ortiz158@correo.com,2025-03-17,Presencial (mostrador),Alimentos,Sandwich club,1,76.12,76.12,en el lugar,True,17.0,Salón principal,individual,2026-01-12,cancelada,2026-01-14,07:25:00,entregado,tarjeta,pagado,504.6,80.74,585.34,8.0,4.0,Frecuente,False
2690,2081,158,Sofía Ortiz,sofía.ortiz158@correo.com,2025-03-17,Presencial (mostrador),Repostería,Brownie,3,56.7,170.1,en el lugar,True,17.0,Salón principal,individual,2026-01-12,cancelada,2026-01-14,07:25:00,entregado,tarjeta,pagado,504.6,80.74,585.34,8.0,4.0,Frecuente,False
2691,2081,158,Sofía Ortiz,sofía.ortiz158@correo.com,2025-03-17,Presencial (mostrador),Alimentos,Bagel con queso crema,2,90.77,181.54,en el lugar,True,17.0,Salón principal,individual,2026-01-12,cancelada,2026-01-14,07:25:00,entregado,tarjeta,pagado,504.6,80.74,585.34,8.0,4.0,Frecuente,False
2692,2081,158,Sofía Ortiz,sofía.ortiz158@correo.com,2025-03-17,Presencial (mostrador),Bebidas frías,Jugo de naranja,2,38.42,76.84,en el lugar,True,17.0,Salón principal,individual,2026-01-12,cancelada,2026-01-14,07:25:00,entregado,tarjeta,pagado,504.6,80.74,585.34,8.0,4.0,Frecuente,False
2693,2082,143,Estefanía Sánchez,estefanía.sánchez143@correo.com,2025-03-29,Presencial (mostrador),Café frío,Café helado,1,60.49,60.49,en el lugar,True,20.0,Barra,pareja,2025-05-11,no_show,2025-05-11,14:50:00,entregado,tarjeta,pagado,261.3,41.81,303.11,28.0,4.0,VIP,False
2694,2082,143,Estefanía Sánchez,estefanía.sánchez143@correo.com,2025-03-29,Presencial (mostrador),Café caliente,Capuchino,3,34.69,104.07,en el lugar,True,20.0,Barra,pareja,2025-05-11,no_show,2025-05-11,14:50:00,entregado,tarjeta,pagado,261.3,41.81,303.11,28.0,4.0,VIP,False
2695,2082,143,Estefanía Sánchez,estefanía.sánchez143@correo.com,2025-03-29,Presencial (mostrador),Repostería,Pay de queso,1,34.02,34.02,en el lugar,True,20.0,Barra,pareja,2025-05-11,no_show,2025-05-11,14:50:00,entregado,tarjeta,pagado,261.3,41.81,303.11,28.0,4.0,VIP,False
2696,2082,143,Estefanía Sánchez,estefanía.sánchez143@correo.com,2025-03-29,Presencial (mostrador),Bebidas calientes,Chocolate caliente,2,31.36,62.72,en el lugar,True,20.0,Barra,pareja,2025-05-11,no_show,2025-05-11,14:50:00,entregado,tarjeta,pagado,261.3,41.81,303.11,28.0,4.0,VIP,False
2697,2083,140,Óscar Ramírez,óscar.ramírez140@correo.com,2026-04-21,Página web,Alimentos,Ensalada César,2,48.11,96.22,para llevar,False,,,,,,2026-08-07,13:05:00,entregado,pago en línea,pagado,96.22,15.4,111.62,44.0,5.0,Frecuente,True
2698,2084,40,José Martínez,josé.martínez40@correo.com,2025-03-02,Presencial (mostrador),Café frío,Frappuccino de caramelo,2,36.21,72.42,en el lugar,False,19.0,Terraza,grupal,,,2025-09-01,07:10:00,entregado,tarjeta,pagado,135.28,21.64,156.92,36.0,5.0,Frecuente,False
2699,2084,40,José Martínez,josé.martínez40@correo.com,2025-03-02,Presencial (mostrador),Repostería,Dona glaseada,2,31.43,62.86,en el lugar,False,19.0,Terraza,grupal,,,2025-09-01,07:10:00,entregado,tarjeta,pagado,135.28,21.64,156.92,36.0,5.0,Frecuente,False
2700,2085,153,José Castillo,josé.castillo153@correo.com,2025-05-10,Página web,Café frío,Cold brew,3,44.46,133.38,para llevar,False,,,,,,2025-10-03,15:45:00,entregado,pago en línea,pagado,470.46,75.27,545.73,30.0,3.0,Frecuente,True
2701,2085,153,José Castillo,josé.castillo153@correo.com,2025-05-10,Página web,Café caliente,Espresso,1,46.68,46.68,para llevar,False,,,,,,2025-10-03,15:45:00,entregado,pago en línea,pagado,470.46,75.27,545.73,30.0,3.0,Frecuente,True
2702,2085,153,José Castillo,josé.castillo153@correo.com,2025-05-10,Página web,Alimentos,Panini de jamón y queso,3,61.07,183.21,para llevar,False,,,,,,2025-10-03,15:45:00,entregado,pago en línea,pagado,470.46,75.27,545.73,30.0,3.0,Frecuente,True
2703,2085,153,José Castillo,josé.castillo153@correo.com,2025-05-10,Página web,Bebidas frías,Té helado,3,35.73,107.19,para llevar,False,,,,,,2025-10-03,15:45:00,entregado,pago en línea,pagado,470.46,75.27,545.73,30.0,3.0,Frecuente,True
2704,2086,120,Andrea Reyes,andrea.reyes120@correo.com,2025-06-19,Página web,Café caliente,Café de olla,1,49.98,49.98,en el lugar,False,19.0,Zona de estudio,individual,,,2025-08-03,14:55:00,entregado,pago en línea,pagado,272.7,43.63,316.33,28.0,3.0,Frecuente,True
2705,2086,120,Andrea Reyes,andrea.reyes120@correo.com,2025-06-19,Página web,Bebidas frías,Agua mineral,3,30.18,90.54,en el lugar,False,19.0,Zona de estudio,individual,,,2025-08-03,14:55:00,entregado,pago en línea,pagado,272.7,43.63,316.33,28.0,3.0,Frecuente,True
2706,2086,120,Andrea Reyes,andrea.reyes120@correo.com,2025-06-19,Página web,Repostería,Muffin de arándano,3,44.06,132.18,en el lugar,False,19.0,Zona de estudio,individual,,,2025-08-03,14:55:00,entregado,pago en línea,pagado,272.7,43.63,316.33,28.0,3.0,Frecuente,True
2707,2087,161,Diego Jiménez,diego.jiménez161@correo.com,2026-01-25,Presencial (mostrador),Café caliente,Espresso,1,35.7,35.7,en el lugar,False,8.0,Terraza,pareja,,,2026-05-20,11:20:00,entregado,tarjeta,pagado,314.45,50.31,364.76,19.0,4.0,Frecuente,False
2708,2087,161,Diego Jiménez,diego.jiménez161@correo.com,2026-01-25,Presencial (mostrador),Bebidas frías,Limonada,1,37.85,37.85,en el lugar,False,8.0,Terraza,pareja,,,2026-05-20,11:20:00,entregado,tarjeta,pagado,314.45,50.31,364.76,19.0,4.0,Frecuente,False
2709,2087,161,Diego Jiménez,diego.jiménez161@correo.com,2026-01-25,Presencial (mostrador),Café caliente,Mocaccino,3,36.41,109.23,en el lugar,False,8.0,Terraza,pareja,,,2026-05-20,11:20:00,entregado,tarjeta,pagado,314.45,50.31,364.76,19.0,4.0,Frecuente,False
2710,2087,161,Diego Jiménez,diego.jiménez161@correo.com,2026-01-25,Presencial (mostrador),Repostería,Concha,3,43.89,131.67,en el lugar,False,8.0,Terraza,pareja,,,2026-05-20,11:20:00,entregado,tarjeta,pagado,314.45,50.31,364.76,19.0,4.0,Frecuente,False
2711,2088,188,Fernanda López,fernanda.lópez188@correo.com,2026-05-26,Página web,Café frío,Café helado,3,62.46,187.38,para llevar,False,,,,,,2026-06-05,19:40:00,entregado,pago en línea,pagado,187.38,29.98,217.36,25.0,4.0,Frecuente,True
2712,2089,50,Ricardo Morales,ricardo.morales50@correo.com,2026-05-13,Página web,Café frío,Café helado,3,37.72,113.16,para llevar,False,,,,,,2026-08-01,18:55:00,entregado,pago en línea,pagado,277.44,44.39,321.83,16.0,4.0,VIP,True
2713,2089,50,Ricardo Morales,ricardo.morales50@correo.com,2026-05-13,Página web,Alimentos,Ensalada César,1,79.6,79.6,para llevar,False,,,,,,2026-08-01,18:55:00,entregado,pago en línea,pagado,277.44,44.39,321.83,16.0,4.0,VIP,True
2714,2089,50,Ricardo Morales,ricardo.morales50@correo.com,2026-05-13,Página web,Bebidas calientes,Chocolate caliente,2,42.34,84.68,para llevar,False,,,,,,2026-08-01,18:55:00,entregado,pago en línea,pagado,277.44,44.39,321.83,16.0,4.0,VIP,True
2715,2090,53,Gabriela Ortiz,gabriela.ortiz53@correo.com,2025-06-08,Presencial (mostrador),Alimentos,Panini de jamón y queso,3,47.13,141.39,para llevar,False,,,,,,2025-09-18,07:15:00,entregado,efectivo,pagado,141.39,22.62,164.01,43.0,2.0,Frecuente,False
2716,2091,195,Pablo Reyes,pablo.reyes195@correo.com,2026-04-12,Página web,Café frío,Frappé de café,3,37.76,113.28,en el lugar,False,20.0,Terraza,grupal,,,2026-08-13,07:45:00,listo,pago en línea,pagado,345.15,55.22,400.37,29.0,,VIP,True
2717,2091,195,Pablo Reyes,pablo.reyes195@correo.com,2026-04-12,Página web,Bebidas calientes,Chocolate caliente,2,41.22,82.44,en el lugar,False,20.0,Terraza,grupal,,,2026-08-13,07:45:00,listo,pago en línea,pagado,345.15,55.22,400.37,29.0,,VIP,True
2718,2091,195,Pablo Reyes,pablo.reyes195@correo.com,2026-04-12,Página web,Alimentos,Sandwich club,3,49.81,149.43,en el lugar,False,20.0,Terraza,grupal,,,2026-08-13,07:45:00,listo,pago en línea,pagado,345.15,55.22,400.37,29.0,,VIP,True
2719,2092,182,Raúl De la Cruz,raúl.delacruz182@correo.com,2025-07-12,Página web,Café caliente,Capuchino,2,54.84,109.68,para llevar,False,,,,,,2026-04-25,07:25:00,entregado,pago en línea,pagado,441.2,70.59,511.79,11.0,5.0,Frecuente,True
2720,2092,182,Raúl De la Cruz,raúl.delacruz182@correo.com,2025-07-12,Página web,Bebidas calientes,Chocolate caliente,2,27.93,55.86,para llevar,False,,,,,,2026-04-25,07:25:00,entregado,pago en línea,pagado,441.2,70.59,511.79,11.0,5.0,Frecuente,True
2721,2092,182,Raúl De la Cruz,raúl.delacruz182@correo.com,2025-07-12,Página web,Repostería,Croissant,3,46.02,138.06,para llevar,False,,,,,,2026-04-25,07:25:00,entregado,pago en línea,pagado,441.2,70.59,511.79,11.0,5.0,Frecuente,True
2722,2092,182,Raúl De la Cruz,raúl.delacruz182@correo.com,2025-07-12,Página web,Alimentos,Sandwich club,2,68.8,137.6,para llevar,False,,,,,,2026-04-25,07:25:00,entregado,pago en línea,pagado,441.2,70.59,511.79,11.0,5.0,Frecuente,True
2723,2093,129,Ximena López,ximena.lópez129@correo.com,2026-04-30,Presencial (mesero),Bebidas calientes,Té chai,1,41.46,41.46,en el lugar,False,7.0,Terraza,pareja,,,2026-08-18,15:50:00,listo,tarjeta,pagado,233.93,37.43,271.36,28.0,,Frecuente,False
2724,2093,129,Ximena López,ximena.lópez129@correo.com,2026-04-30,Presencial (mesero),Bebidas frías,Agua mineral,2,34.58,69.16,en el lugar,False,7.0,Terraza,pareja,,,2026-08-18,15:50:00,listo,tarjeta,pagado,233.93,37.43,271.36,28.0,,Frecuente,False
2725,2093,129,Ximena López,ximena.lópez129@correo.com,2026-04-30,Presencial (mesero),Bebidas frías,Agua mineral,1,28.42,28.42,en el lugar,False,7.0,Terraza,pareja,,,2026-08-18,15:50:00,listo,tarjeta,pagado,233.93,37.43,271.36,28.0,,Frecuente,False
2726,2093,129,Ximena López,ximena.lópez129@correo.com,2026-04-30,Presencial (mesero),Alimentos,Panini de jamón y queso,1,94.89,94.89,en el lugar,False,7.0,Terraza,pareja,,,2026-08-18,15:50:00,listo,tarjeta,pagado,233.93,37.43,271.36,28.0,,Frecuente,False
2727,2094,4,Diego Jiménez,diego.jiménez4@correo.com,2025-01-28,Página web,Café caliente,Americano,1,38.1,38.1,para llevar,False,,,,,,2026-02-16,07:25:00,listo,pago en línea,pagado,125.76,20.12,145.88,10.0,,VIP,True
2728,2094,4,Diego Jiménez,diego.jiménez4@correo.com,2025-01-28,Página web,Bebidas frías,Refresco de cola,2,20.12,40.24,para llevar,False,,,,,,2026-02-16,07:25:00,listo,pago en línea,pagado,125.76,20.12,145.88,10.0,,VIP,True
2729,2094,4,Diego Jiménez,diego.jiménez4@correo.com,2025-01-28,Página web,Alimentos,Panini de jamón y queso,1,47.42,47.42,para llevar,False,,,,,,2026-02-16,07:25:00,listo,pago en línea,pagado,125.76,20.12,145.88,10.0,,VIP,True
2730,2095,74,Paola Castillo,paola.castillo74@correo.com,2025-02-06,Página web,Bebidas calientes,Infusión de manzanilla,1,30.32,30.32,para llevar,False,,,,,,2026-03-18,13:15:00,entregado,pago en línea,pagado,30.32,4.85,35.17,45.0,4.0,Frecuente,True
2731,2096,155,Jorge Ortiz,jorge.ortiz155@correo.com,2025-04-16,Presencial (mesero),Café caliente,Café de olla,2,35.08,70.16,en el lugar,False,2.0,Salón principal,grupal,,,2025-06-16,07:15:00,entregado,tarjeta,pagado,186.2,29.79,215.99,31.0,4.0,Frecuente,False
2732,2096,155,Jorge Ortiz,jorge.ortiz155@correo.com,2025-04-16,Presencial (mesero),Café frío,Cold brew,2,58.02,116.04,en el lugar,False,2.0,Salón principal,grupal,,,2025-06-16,07:15:00,entregado,tarjeta,pagado,186.2,29.79,215.99,31.0,4.0,Frecuente,False
2733,2097,181,Sofía Jiménez,sofía.jiménez181@correo.com,2025-01-02,Presencial (mostrador),Café frío,Frappuccino de caramelo,2,45.46,90.92,en el lugar,False,2.0,Terraza,grupal,,,2025-08-26,20:05:00,listo,tarjeta,pagado,90.92,14.55,105.47,26.0,,Frecuente,False
2734,2098,109,Marco Cruz,marco.cruz109@correo.com,2025-09-23,Presencial (mesero),Café caliente,Café de olla,3,28.44,85.32,en el lugar,True,11.0,Zona de estudio,grupal,2026-03-04,completada,2026-03-06,11:20:00,en preparación,efectivo,pagado,85.32,13.65,98.97,,,Frecuente,False
2735,2099,37,Sofía Díaz,sofía.díaz37@correo.com,2026-03-25,Página web,Repostería,Pay de queso,2,59.31,118.62,para llevar,False,,,,,,2026-04-24,18:40:00,entregado,pago en línea,pagado,333.33,53.33,386.66,34.0,5.0,Frecuente,True
2736,2099,37,Sofía Díaz,sofía.díaz37@correo.com,2026-03-25,Página web,Café frío,Cold brew,3,52.91,158.73,para llevar,False,,,,,,2026-04-24,18:40:00,entregado,pago en línea,pagado,333.33,53.33,386.66,34.0,5.0,Frecuente,True
2737,2099,37,Sofía Díaz,sofía.díaz37@correo.com,2026-03-25,Página web,Bebidas calientes,Té verde,2,27.99,55.98,para llevar,False,,,,,,2026-04-24,18:40:00,entregado,pago en línea,pagado,333.33,53.33,386.66,34.0,5.0,Frecuente,True
2738,2100,168,Alejandro Vázquez,alejandro.vázquez168@correo.com,2025-07-22,Presencial (mesero),Bebidas frías,Refresco de cola,2,20.61,41.22,para llevar,False,,,,,,2026-02-01,07:15:00,listo,efectivo,pagado,121.5,19.44,140.94,20.0,,VIP,False
2739,2100,168,Alejandro Vázquez,alejandro.vázquez168@correo.com,2025-07-22,Presencial (mesero),Café caliente,Capuchino,1,40.12,40.12,para llevar,False,,,,,,2026-02-01,07:15:00,listo,efectivo,pagado,121.5,19.44,140.94,20.0,,VIP,False
2740,2100,168,Alejandro Vázquez,alejandro.vázquez168@correo.com,2025-07-22,Presencial (mesero),Bebidas calientes,Chocolate caliente,1,40.16,40.16,para llevar,False,,,,,,2026-02-01,07:15:00,listo,efectivo,pagado,121.5,19.44,140.94,20.0,,VIP,False
2741,2101,146,Iván Ramírez,iván.ramírez146@correo.com,2026-02-19,Página web,Café caliente,Latte,3,34.22,102.66,para llevar,False,,,,,,2026-05-20,19:05:00,entregado,transferencia,pagado,102.66,16.43,119.09,13.0,4.0,VIP,True
2742,2102,36,Karla Sánchez,karla.sánchez36@correo.com,2026-07-07,Página web,Café frío,Cold brew,2,42.67,85.34,para llevar,False,,,,,,2026-08-03,14:05:00,entregado,pago en línea,pagado,241.4,38.62,280.02,24.0,5.0,Frecuente,True
2743,2102,36,Karla Sánchez,karla.sánchez36@correo.com,2026-07-07,Página web,Café caliente,Americano,1,34.62,34.62,para llevar,False,,,,,,2026-08-03,14:05:00,entregado,pago en línea,pagado,241.4,38.62,280.02,24.0,5.0,Frecuente,True
2744,2102,36,Karla Sánchez,karla.sánchez36@correo.com,2026-07-07,Página web,Repostería,Muffin de arándano,3,40.48,121.44,para llevar,False,,,,,,2026-08-03,14:05:00,entregado,pago en línea,pagado,241.4,38.62,280.02,24.0,5.0,Frecuente,True
2745,2103,28,José Torres,josé.torres28@correo.com,2026-05-28,Página web,Repostería,Dona glaseada,3,41.11,123.33,para llevar,False,,,,,,2026-07-13,10:05:00,en preparación,transferencia,pagado,123.33,19.73,143.06,,,VIP,True
2746,2104,52,José Reyes,josé.reyes52@correo.com,2025-09-29,Presencial (mesero),Repostería,Pay de queso,2,55.98,111.96,en el lugar,False,14.0,Zona de estudio,grupal,,,2025-11-08,19:50:00,entregado,efectivo,pagado,346.98,55.52,402.5,37.0,5.0,VIP,False
2747,2104,52,José Reyes,josé.reyes52@correo.com,2025-09-29,Presencial (mesero),Bebidas frías,Limonada,2,23.9,47.8,en el lugar,False,14.0,Zona de estudio,grupal,,,2025-11-08,19:50:00,entregado,efectivo,pagado,346.98,55.52,402.5,37.0,5.0,VIP,False
2748,2104,52,José Reyes,josé.reyes52@correo.com,2025-09-29,Presencial (mesero),Repostería,Dona glaseada,3,46.25,138.75,en el lugar,False,14.0,Zona de estudio,grupal,,,2025-11-08,19:50:00,entregado,efectivo,pagado,346.98,55.52,402.5,37.0,5.0,VIP,False
2749,2104,52,José Reyes,josé.reyes52@correo.com,2025-09-29,Presencial (mesero),Repostería,Dona glaseada,1,48.47,48.47,en el lugar,False,14.0,Zona de estudio,grupal,,,2025-11-08,19:50:00,entregado,efectivo,pagado,346.98,55.52,402.5,37.0,5.0,VIP,False
2750,2105,183,Regina Cruz,regina.cruz183@correo.com,2025-02-22,Presencial (mesero),Bebidas frías,Limonada,3,23.28,69.84,en el lugar,False,16.0,Terraza,grupal,,,2025-04-13,19:10:00,entregado,efectivo,pagado,69.84,11.17,81.01,39.0,5.0,Frecuente,False
2751,2106,16,Ximena Pérez,ximena.pérez16@correo.com,2026-04-19,Presencial (mesero),Café frío,Cold brew,2,41.31,82.62,para llevar,False,,,,,,2026-05-19,10:15:00,listo,transferencia,pagado,521.62,83.46,605.08,19.0,,Frecuente,False
2752,2106,16,Ximena Pérez,ximena.pérez16@correo.com,2026-04-19,Presencial (mesero),Alimentos,Ensalada César,2,57.95,115.9,para llevar,False,,,,,,2026-05-19,10:15:00,listo,transferencia,pagado,521.62,83.46,605.08,19.0,,Frecuente,False
2753,2106,16,Ximena Pérez,ximena.pérez16@correo.com,2026-04-19,Presencial (mesero),Café frío,Cold brew,3,44.66,133.98,para llevar,False,,,,,,2026-05-19,10:15:00,listo,transferencia,pagado,521.62,83.46,605.08,19.0,,Frecuente,False
2754,2106,16,Ximena Pérez,ximena.pérez16@correo.com,2026-04-19,Presencial (mesero),Café frío,Frappuccino de caramelo,3,63.04,189.12,para llevar,False,,,,,,2026-05-19,10:15:00,listo,transferencia,pagado,521.62,83.46,605.08,19.0,,Frecuente,False
2755,2107,218,Diego Romero,diego.romero218@correo.com,2025-12-27,Página web,Bebidas calientes,Chocolate caliente,1,25.93,25.93,para llevar,False,,,,,,2026-03-03,09:35:00,en preparación,pago en línea,pagado,154.78,24.76,179.54,,,Frecuente,True
2756,2107,218,Diego Romero,diego.romero218@correo.com,2025-12-27,Página web,Café frío,Cold brew,1,35.65,35.65,para llevar,False,,,,,,2026-03-03,09:35:00,en preparación,pago en línea,pagado,154.78,24.76,179.54,,,Frecuente,True
2757,2107,218,Diego Romero,diego.romero218@correo.com,2025-12-27,Página web,Café caliente,Capuchino,2,46.6,93.2,para llevar,False,,,,,,2026-03-03,09:35:00,en preparación,pago en línea,pagado,154.78,24.76,179.54,,,Frecuente,True
2758,2108,218,Diego Romero,diego.romero218@correo.com,2025-12-27,Presencial (mostrador),Repostería,Pay de queso,3,48.09,144.27,para llevar,False,,,,,,2026-06-02,10:15:00,entregado,efectivo,pagado,174.78,27.96,202.74,38.0,3.0,Frecuente,False
2759,2108,218,Diego Romero,diego.romero218@correo.com,2025-12-27,Presencial (mostrador),Bebidas frías,Jugo de naranja,1,30.51,30.51,para llevar,False,,,,,,2026-06-02,10:15:00,entregado,efectivo,pagado,174.78,27.96,202.74,38.0,3.0,Frecuente,False
2760,2109,175,Daniela Ortiz,daniela.ortiz175@correo.com,2026-06-16,Presencial (mostrador),Alimentos,Sandwich club,3,90.74,272.22,para llevar,False,,,,,,2026-07-28,20:25:00,entregado,tarjeta,pagado,472.68,75.63,548.31,20.0,4.0,VIP,False
2761,2109,175,Daniela Ortiz,daniela.ortiz175@correo.com,2026-06-16,Presencial (mostrador),Alimentos,Ensalada César,3,66.82,200.46,para llevar,False,,,,,,2026-07-28,20:25:00,entregado,tarjeta,pagado,472.68,75.63,548.31,20.0,4.0,VIP,False
2762,2110,245,Daniela García,daniela.garcía245@correo.com,2025-01-27,Página web,Café frío,Frappuccino de caramelo,1,48.48,48.48,en el lugar,True,10.0,Salón principal,individual,2026-08-13,completada,2026-08-14,10:05:00,listo,transferencia,pagado,158.86,25.42,184.28,40.0,,Frecuente,True
2763,2110,245,Daniela García,daniela.garcía245@correo.com,2025-01-27,Página web,Alimentos,Bagel con queso crema,2,55.19,110.38,en el lugar,True,10.0,Salón principal,individual,2026-08-13,completada,2026-08-14,10:05:00,listo,transferencia,pagado,158.86,25.42,184.28,40.0,,Frecuente,True
2764,2111,123,Daniela De la Cruz,daniela.delacruz123@correo.com,2025-09-24,Presencial (mesero),Bebidas frías,Agua mineral,1,23.39,23.39,en el lugar,True,15.0,Terraza,individual,2025-10-09,completada,2025-10-11,13:30:00,entregado,efectivo,pagado,192.48,30.8,223.28,27.0,3.0,Recurrente,False
2765,2111,123,Daniela De la Cruz,daniela.delacruz123@correo.com,2025-09-24,Presencial (mesero),Bebidas frías,Agua mineral,3,22.71,68.13,en el lugar,True,15.0,Terraza,individual,2025-10-09,completada,2025-10-11,13:30:00,entregado,efectivo,pagado,192.48,30.8,223.28,27.0,3.0,Recurrente,False
2766,2111,123,Daniela De la Cruz,daniela.delacruz123@correo.com,2025-09-24,Presencial (mesero),Repostería,Concha,2,50.48,100.96,en el lugar,True,15.0,Terraza,individual,2025-10-09,completada,2025-10-11,13:30:00,entregado,efectivo,pagado,192.48,30.8,223.28,27.0,3.0,Recurrente,False
2767,2112,171,Lucía Flores,lucía.flores171@correo.com,2026-02-17,Página web,Repostería,Brownie,1,57.41,57.41,en el lugar,False,16.0,Zona de estudio,grupal,,,2026-03-02,09:35:00,entregado,pago en línea,pagado,103.1,16.5,119.6,20.0,4.0,VIP,True
2768,2112,171,Lucía Flores,lucía.flores171@correo.com,2026-02-17,Página web,Alimentos,Bagel con queso crema,1,45.69,45.69,en el lugar,False,16.0,Zona de estudio,grupal,,,2026-03-02,09:35:00,entregado,pago en línea,pagado,103.1,16.5,119.6,20.0,4.0,VIP,True
2769,2113,34,Pablo López,pablo.lópez34@correo.com,2025-05-12,Presencial (mesero),Repostería,Muffin de arándano,3,45.83,137.49,en el lugar,False,13.0,Zona de estudio,pareja,,,2026-06-28,15:50:00,listo,tarjeta,pagado,390.02,62.4,452.42,40.0,,Frecuente,False
2770,2113,34,Pablo López,pablo.lópez34@correo.com,2025-05-12,Presencial (mesero),Bebidas calientes,Chocolate caliente,1,27.09,27.09,en el lugar,False,13.0,Zona de estudio,pareja,,,2026-06-28,15:50:00,listo,tarjeta,pagado,390.02,62.4,452.42,40.0,,Frecuente,False
2771,2113,34,Pablo López,pablo.lópez34@correo.com,2025-05-12,Presencial (mesero),Café frío,Frappuccino de caramelo,2,57.46,114.92,en el lugar,False,13.0,Zona de estudio,pareja,,,2026-06-28,15:50:00,listo,tarjeta,pagado,390.02,62.4,452.42,40.0,,Frecuente,False
2772,2113,34,Pablo López,pablo.lópez34@correo.com,2025-05-12,Presencial (mesero),Bebidas frías,Agua mineral,3,36.84,110.52,en el lugar,False,13.0,Zona de estudio,pareja,,,2026-06-28,15:50:00,listo,tarjeta,pagado,390.02,62.4,452.42,40.0,,Frecuente,False
2773,2114,162,Camila Vázquez,camila.vázquez162@correo.com,2026-03-16,Presencial (mostrador),Café frío,Frappuccino de caramelo,1,58.25,58.25,en el lugar,False,1.0,Zona de estudio,grupal,,,2026-07-03,07:45:00,listo,transferencia,pagado,225.71,36.11,261.82,22.0,,Frecuente,False
2774,2114,162,Camila Vázquez,camila.vázquez162@correo.com,2026-03-16,Presencial (mostrador),Alimentos,Ensalada César,3,55.82,167.46,en el lugar,False,1.0,Zona de estudio,grupal,,,2026-07-03,07:45:00,listo,transferencia,pagado,225.71,36.11,261.82,22.0,,Frecuente,False
2775,2115,226,Gabriela Díaz,gabriela.díaz226@correo.com,2025-04-03,Presencial (mesero),Bebidas calientes,Té chai,2,31.59,63.18,para llevar,False,,,,,,2026-08-15,16:20:00,entregado,transferencia,pagado,63.18,10.11,73.29,29.0,4.0,Frecuente,False
2776,2116,239,Renata Sánchez,renata.sánchez239@correo.com,2025-05-06,Página web,Café frío,Cold brew,2,59.5,119.0,para llevar,False,,,,,,2025-08-30,11:00:00,entregado,pago en línea,pagado,157.78,25.24,183.02,18.0,3.0,VIP,True
2777,2116,239,Renata Sánchez,renata.sánchez239@correo.com,2025-05-06,Página web,Bebidas frías,Agua mineral,1,38.78,38.78,para llevar,False,,,,,,2025-08-30,11:00:00,entregado,pago en línea,pagado,157.78,25.24,183.02,18.0,3.0,VIP,True
2778,2117,24,Ricardo Morales,ricardo.morales24@correo.com,2025-03-07,Página web,Repostería,Dona glaseada,2,44.13,88.26,en el lugar,True,17.0,Salón principal,individual,2026-02-18,completada,2026-02-19,13:55:00,entregado,pago en línea,pagado,88.26,14.12,102.38,41.0,5.0,Recurrente,True
2779,2118,176,Daniela Vázquez,daniela.vázquez176@correo.com,2026-03-23,Página web,Alimentos,Sandwich club,2,82.65,165.3,en el lugar,False,9.0,Zona de estudio,pareja,,,2026-04-04,13:55:00,entregado,pago en línea,pagado,425.4,68.06,493.46,8.0,4.0,Frecuente,True
2780,2118,176,Daniela Vázquez,daniela.vázquez176@correo.com,2026-03-23,Página web,Repostería,Brownie,1,39.99,39.99,en el lugar,False,9.0,Zona de estudio,pareja,,,2026-04-04,13:55:00,entregado,pago en línea,pagado,425.4,68.06,493.46,8.0,4.0,Frecuente,True
2781,2118,176,Daniela Vázquez,daniela.vázquez176@correo.com,2026-03-23,Página web,Alimentos,Ensalada César,3,73.37,220.11,en el lugar,False,9.0,Zona de estudio,pareja,,,2026-04-04,13:55:00,entregado,pago en línea,pagado,425.4,68.06,493.46,8.0,4.0,Frecuente,True
2782,2119,155,Jorge Ortiz,jorge.ortiz155@correo.com,2025-04-16,Página web,Bebidas frías,Limonada,2,28.34,56.68,para llevar,False,,,,,,2026-06-28,16:35:00,entregado,pago en línea,pagado,56.68,9.07,65.75,8.0,5.0,Frecuente,True
2783,2120,59,Yuleni Romero,yuleni.romero59@correo.com,2025-03-25,Presencial (mostrador),Repostería,Muffin de arándano,2,42.47,84.94,para llevar,False,,,,,,2025-07-04,13:25:00,entregado,transferencia,pagado,197.82,31.65,229.47,36.0,5.0,Frecuente,False
2784,2120,59,Yuleni Romero,yuleni.romero59@correo.com,2025-03-25,Presencial (mostrador),Bebidas frías,Refresco de cola,1,26.45,26.45,para llevar,False,,,,,,2025-07-04,13:25:00,entregado,transferencia,pagado,197.82,31.65,229.47,36.0,5.0,Frecuente,False
2785,2120,59,Yuleni Romero,yuleni.romero59@correo.com,2025-03-25,Presencial (mostrador),Repostería,Pay de queso,1,37.32,37.32,para llevar,False,,,,,,2025-07-04,13:25:00,entregado,transferencia,pagado,197.82,31.65,229.47,36.0,5.0,Frecuente,False
2786,2120,59,Yuleni Romero,yuleni.romero59@correo.com,2025-03-25,Presencial (mostrador),Café frío,Café helado,1,49.11,49.11,para llevar,False,,,,,,2025-07-04,13:25:00,entregado,transferencia,pagado,197.82,31.65,229.47,36.0,5.0,Frecuente,False
2787,2121,167,Iván Flores,iván.flores167@correo.com,2026-04-10,Presencial (mostrador),Café frío,Café helado,3,60.85,182.55,en el lugar,True,2.0,Zona de estudio,individual,2026-07-02,completada,2026-07-05,15:30:00,entregado,efectivo,pagado,338.37,54.14,392.51,26.0,4.0,Frecuente,False
2788,2121,167,Iván Flores,iván.flores167@correo.com,2026-04-10,Presencial (mostrador),Repostería,Concha,3,51.94,155.82,en el lugar,True,2.0,Zona de estudio,individual,2026-07-02,completada,2026-07-05,15:30:00,entregado,efectivo,pagado,338.37,54.14,392.51,26.0,4.0,Frecuente,False
2789,2122,202,Marco Torres,marco.torres202@correo.com,2025-12-13,Página web,Repostería,Pay de queso,1,55.35,55.35,para llevar,False,,,,,,2025-12-14,09:15:00,entregado,pago en línea,pagado,123.45,19.75,143.2,27.0,5.0,Recurrente,True
2790,2122,202,Marco Torres,marco.torres202@correo.com,2025-12-13,Página web,Bebidas calientes,Té chai,2,34.05,68.1,para llevar,False,,,,,,2025-12-14,09:15:00,entregado,pago en línea,pagado,123.45,19.75,143.2,27.0,5.0,Recurrente,True
2791,2123,36,Karla Sánchez,karla.sánchez36@correo.com,2026-07-07,Página web,Bebidas calientes,Té chai,1,35.81,35.81,para llevar,False,,,,,,2026-07-24,09:15:00,entregado,pago en línea,pagado,191.82,30.69,222.51,45.0,4.0,Frecuente,True
2792,2123,36,Karla Sánchez,karla.sánchez36@correo.com,2026-07-07,Página web,Bebidas calientes,Chocolate caliente,2,25.61,51.22,para llevar,False,,,,,,2026-07-24,09:15:00,entregado,pago en línea,pagado,191.82,30.69,222.51,45.0,4.0,Frecuente,True
2793,2123,36,Karla Sánchez,karla.sánchez36@correo.com,2026-07-07,Página web,Bebidas frías,Agua mineral,3,34.93,104.79,para llevar,False,,,,,,2026-07-24,09:15:00,entregado,pago en línea,pagado,191.82,30.69,222.51,45.0,4.0,Frecuente,True
2794,2124,139,Renata Gómez,renata.gómez139@correo.com,2025-09-09,Presencial (mostrador),Café frío,Café helado,1,45.1,45.1,para llevar,False,,,,,,2026-04-18,17:05:00,entregado,transferencia,pagado,219.97,35.2,255.17,32.0,3.0,Frecuente,False
2795,2124,139,Renata Gómez,renata.gómez139@correo.com,2025-09-09,Presencial (mostrador),Café frío,Café helado,2,38.29,76.58,para llevar,False,,,,,,2026-04-18,17:05:00,entregado,transferencia,pagado,219.97,35.2,255.17,32.0,3.0,Frecuente,False
2796,2124,139,Renata Gómez,renata.gómez139@correo.com,2025-09-09,Presencial (mostrador),Repostería,Pay de queso,1,46.33,46.33,para llevar,False,,,,,,2026-04-18,17:05:00,entregado,transferencia,pagado,219.97,35.2,255.17,32.0,3.0,Frecuente,False
2797,2124,139,Renata Gómez,renata.gómez139@correo.com,2025-09-09,Presencial (mostrador),Bebidas frías,Té helado,2,25.98,51.96,para llevar,False,,,,,,2026-04-18,17:05:00,entregado,transferencia,pagado,219.97,35.2,255.17,32.0,3.0,Frecuente,False
2798,2125,73,Gabriela Morales,gabriela.morales73@correo.com,2026-07-29,Presencial (mesero),Bebidas frías,Agua mineral,3,33.54,100.62,para llevar,False,,,,,,2026-08-13,11:40:00,entregado,transferencia,pagado,154.61,24.74,179.35,35.0,5.0,Frecuente,False
2799,2125,73,Gabriela Morales,gabriela.morales73@correo.com,2026-07-29,Presencial (mesero),Repostería,Brownie,1,53.99,53.99,para llevar,False,,,,,,2026-08-13,11:40:00,entregado,transferencia,pagado,154.61,24.74,179.35,35.0,5.0,Frecuente,False
2800,2126,181,Sofía Jiménez,sofía.jiménez181@correo.com,2025-01-02,Presencial (mesero),Café caliente,Capuchino,2,52.61,105.22,para llevar,False,,,,,,2025-01-03,09:55:00,entregado,efectivo,pagado,185.14,29.62,214.76,9.0,3.0,Frecuente,False
2801,2126,181,Sofía Jiménez,sofía.jiménez181@correo.com,2025-01-02,Presencial (mesero),Bebidas frías,Limonada,3,26.64,79.92,para llevar,False,,,,,,2025-01-03,09:55:00,entregado,efectivo,pagado,185.14,29.62,214.76,9.0,3.0,Frecuente,False
2802,2127,197,Raúl De la Cruz,raúl.delacruz197@correo.com,2025-11-22,Página web,Alimentos,Ensalada César,3,71.63,214.89,para llevar,False,,,,,,2026-07-19,10:20:00,entregado,pago en línea,pagado,585.11,93.62,678.73,40.0,5.0,Frecuente,True
2803,2127,197,Raúl De la Cruz,raúl.delacruz197@correo.com,2025-11-22,Página web,Alimentos,Ensalada César,3,75.48,226.44,para llevar,False,,,,,,2026-07-19,10:20:00,entregado,pago en línea,pagado,585.11,93.62,678.73,40.0,5.0,Frecuente,True
2804,2127,197,Raúl De la Cruz,raúl.delacruz197@correo.com,2025-11-22,Página web,Café caliente,Mocaccino,3,36.34,109.02,para llevar,False,,,,,,2026-07-19,10:20:00,entregado,pago en línea,pagado,585.11,93.62,678.73,40.0,5.0,Frecuente,True
2805,2127,197,Raúl De la Cruz,raúl.delacruz197@correo.com,2025-11-22,Página web,Bebidas frías,Refresco de cola,1,34.76,34.76,para llevar,False,,,,,,2026-07-19,10:20:00,entregado,pago en línea,pagado,585.11,93.62,678.73,40.0,5.0,Frecuente,True
2806,2128,139,Renata Gómez,renata.gómez139@correo.com,2025-09-09,Página web,Café frío,Cold brew,3,54.4,163.2,en el lugar,False,17.0,Barra,grupal,,,2026-06-03,19:55:00,entregado,efectivo,pagado,563.47,90.16,653.63,38.0,4.0,Frecuente,True
2807,2128,139,Renata Gómez,renata.gómez139@correo.com,2025-09-09,Página web,Café frío,Cold brew,3,64.13,192.39,en el lugar,False,17.0,Barra,grupal,,,2026-06-03,19:55:00,entregado,efectivo,pagado,563.47,90.16,653.63,38.0,4.0,Frecuente,True
2808,2128,139,Renata Gómez,renata.gómez139@correo.com,2025-09-09,Página web,Alimentos,Sandwich club,2,81.84,163.68,en el lugar,False,17.0,Barra,grupal,,,2026-06-03,19:55:00,entregado,efectivo,pagado,563.47,90.16,653.63,38.0,4.0,Frecuente,True
2809,2128,139,Renata Gómez,renata.gómez139@correo.com,2025-09-09,Página web,Repostería,Dona glaseada,1,44.2,44.2,en el lugar,False,17.0,Barra,grupal,,,2026-06-03,19:55:00,entregado,efectivo,pagado,563.47,90.16,653.63,38.0,4.0,Frecuente,True
2810,2129,139,Renata Gómez,renata.gómez139@correo.com,2025-09-09,Página web,Repostería,Concha,3,59.36,178.08,en el lugar,True,1.0,Barra,pareja,2026-02-04,cancelada,2026-02-05,15:15:00,entregado,transferencia,pagado,178.08,28.49,206.57,13.0,2.0,Frecuente,True
2811,2130,52,José Reyes,josé.reyes52@correo.com,2025-09-29,Página web,Alimentos,Bagel con queso crema,2,56.78,113.56,en el lugar,False,12.0,Zona de estudio,grupal,,,2026-05-26,15:40:00,entregado,pago en línea,pagado,113.56,18.17,131.73,22.0,4.0,VIP,True
2812,2131,78,Paola Ramírez,paola.ramírez78@correo.com,2025-06-16,Página web,Café caliente,Mocaccino,2,49.94,99.88,en el lugar,False,5.0,Salón principal,individual,,,2026-05-16,14:05:00,entregado,pago en línea,pagado,99.88,15.98,115.86,25.0,5.0,Frecuente,True
2813,2132,82,Diego Sánchez,diego.sánchez82@correo.com,2026-04-17,Página web,Alimentos,Panini de jamón y queso,2,60.7,121.4,en el lugar,True,18.0,Zona de estudio,pareja,2026-08-03,completada,2026-08-06,19:55:00,listo,pago en línea,pagado,444.31,71.09,515.4,45.0,,VIP,True
2814,2132,82,Diego Sánchez,diego.sánchez82@correo.com,2026-04-17,Página web,Café frío,Frappé de café,3,64.66,193.98,en el lugar,True,18.0,Zona de estudio,pareja,2026-08-03,completada,2026-08-06,19:55:00,listo,pago en línea,pagado,444.31,71.09,515.4,45.0,,VIP,True
2815,2132,82,Diego Sánchez,diego.sánchez82@correo.com,2026-04-17,Página web,Bebidas frías,Jugo de naranja,1,32.49,32.49,en el lugar,True,18.0,Zona de estudio,pareja,2026-08-03,completada,2026-08-06,19:55:00,listo,pago en línea,pagado,444.31,71.09,515.4,45.0,,VIP,True
2816,2132,82,Diego Sánchez,diego.sánchez82@correo.com,2026-04-17,Página web,Café caliente,Latte,2,48.22,96.44,en el lugar,True,18.0,Zona de estudio,pareja,2026-08-03,completada,2026-08-06,19:55:00,listo,pago en línea,pagado,444.31,71.09,515.4,45.0,,VIP,True
2817,2133,27,Andrea García,andrea.garcía27@correo.com,2025-10-28,Presencial (mostrador),Alimentos,Bagel con queso crema,1,71.26,71.26,en el lugar,True,17.0,Barra,individual,2025-11-27,cancelada,2025-11-30,12:35:00,entregado,tarjeta,pagado,385.36,61.66,447.02,29.0,4.0,Frecuente,False
2818,2133,27,Andrea García,andrea.garcía27@correo.com,2025-10-28,Presencial (mostrador),Café frío,Frappé de café,1,55.56,55.56,en el lugar,True,17.0,Barra,individual,2025-11-27,cancelada,2025-11-30,12:35:00,entregado,tarjeta,pagado,385.36,61.66,447.02,29.0,4.0,Frecuente,False
2819,2133,27,Andrea García,andrea.garcía27@correo.com,2025-10-28,Presencial (mostrador),Alimentos,Sandwich club,3,52.55,157.65,en el lugar,True,17.0,Barra,individual,2025-11-27,cancelada,2025-11-30,12:35:00,entregado,tarjeta,pagado,385.36,61.66,447.02,29.0,4.0,Frecuente,False
2820,2133,27,Andrea García,andrea.garcía27@correo.com,2025-10-28,Presencial (mostrador),Bebidas frías,Refresco de cola,3,33.63,100.89,en el lugar,True,17.0,Barra,individual,2025-11-27,cancelada,2025-11-30,12:35:00,entregado,tarjeta,pagado,385.36,61.66,447.02,29.0,4.0,Frecuente,False
2821,2134,112,Pablo Martínez,pablo.martínez112@correo.com,2025-05-22,Presencial (mesero),Café caliente,Latte,3,38.48,115.44,en el lugar,True,19.0,Barra,grupal,2026-06-03,completada,2026-06-03,08:40:00,entregado,efectivo,pagado,388.41,62.15,450.56,22.0,4.0,Frecuente,False
2822,2134,112,Pablo Martínez,pablo.martínez112@correo.com,2025-05-22,Presencial (mesero),Bebidas frías,Té helado,3,37.46,112.38,en el lugar,True,19.0,Barra,grupal,2026-06-03,completada,2026-06-03,08:40:00,entregado,efectivo,pagado,388.41,62.15,450.56,22.0,4.0,Frecuente,False
2823,2134,112,Pablo Martínez,pablo.martínez112@correo.com,2025-05-22,Presencial (mesero),Café caliente,Latte,1,43.83,43.83,en el lugar,True,19.0,Barra,grupal,2026-06-03,completada,2026-06-03,08:40:00,entregado,efectivo,pagado,388.41,62.15,450.56,22.0,4.0,Frecuente,False
2824,2134,112,Pablo Martínez,pablo.martínez112@correo.com,2025-05-22,Presencial (mesero),Café frío,Frappuccino de caramelo,2,58.38,116.76,en el lugar,True,19.0,Barra,grupal,2026-06-03,completada,2026-06-03,08:40:00,entregado,efectivo,pagado,388.41,62.15,450.56,22.0,4.0,Frecuente,False
2825,2135,113,Diego Reyes,diego.reyes113@correo.com,2025-06-06,Presencial (mostrador),Alimentos,Panini de jamón y queso,2,88.11,176.22,en el lugar,True,10.0,Barra,individual,2025-09-27,completada,2025-09-28,11:55:00,entregado,tarjeta,pagado,312.41,49.99,362.4,14.0,5.0,Frecuente,False
2826,2135,113,Diego Reyes,diego.reyes113@correo.com,2025-06-06,Presencial (mostrador),Bebidas calientes,Chocolate caliente,1,44.93,44.93,en el lugar,True,10.0,Barra,individual,2025-09-27,completada,2025-09-28,11:55:00,entregado,tarjeta,pagado,312.41,49.99,362.4,14.0,5.0,Frecuente,False
2827,2135,113,Diego Reyes,diego.reyes113@correo.com,2025-06-06,Presencial (mostrador),Café frío,Café helado,2,45.63,91.26,en el lugar,True,10.0,Barra,individual,2025-09-27,completada,2025-09-28,11:55:00,entregado,tarjeta,pagado,312.41,49.99,362.4,14.0,5.0,Frecuente,False
2828,2136,70,Alejandro Jiménez,alejandro.jiménez70@correo.com,2026-05-16,Presencial (mesero),Bebidas calientes,Té verde,1,33.8,33.8,para llevar,False,,,,,,2026-06-06,20:50:00,entregado,tarjeta,pagado,33.8,5.41,39.21,13.0,5.0,Frecuente,False
2829,2137,154,Yuleni De la Cruz,yuleni.delacruz154@correo.com,2026-07-21,Página web,Repostería,Concha,2,35.8,71.6,en el lugar,True,9.0,Zona de estudio,pareja,2026-08-06,completada,2026-08-06,14:45:00,cancelado,pago en línea,pendiente,71.6,11.46,83.06,,,Frecuente,True
2830,2138,71,Carlos Martínez,carlos.martínez71@correo.com,2026-03-10,Página web,Café caliente,Americano,3,38.82,116.46,para llevar,False,,,,,,2026-03-23,17:55:00,entregado,pago en línea,pagado,464.45,74.31,538.76,36.0,3.0,Frecuente,True
2831,2138,71,Carlos Martínez,carlos.martínez71@correo.com,2026-03-10,Página web,Alimentos,Sandwich club,3,61.21,183.63,para llevar,False,,,,,,2026-03-23,17:55:00,entregado,pago en línea,pagado,464.45,74.31,538.76,36.0,3.0,Frecuente,True
2832,2138,71,Carlos Martínez,carlos.martínez71@correo.com,2026-03-10,Página web,Alimentos,Sandwich club,2,82.18,164.36,para llevar,False,,,,,,2026-03-23,17:55:00,entregado,pago en línea,pagado,464.45,74.31,538.76,36.0,3.0,Frecuente,True
2833,2139,38,Ximena Ramírez,ximena.ramírez38@correo.com,2025-03-07,Presencial (mesero),Repostería,Pay de queso,1,42.93,42.93,para llevar,False,,,,,,2026-06-07,15:00:00,entregado,tarjeta,pagado,222.74,35.64,258.38,27.0,3.0,Frecuente,False
2834,2139,38,Ximena Ramírez,ximena.ramírez38@correo.com,2025-03-07,Presencial (mesero),Repostería,Pay de queso,2,59.17,118.34,para llevar,False,,,,,,2026-06-07,15:00:00,entregado,tarjeta,pagado,222.74,35.64,258.38,27.0,3.0,Frecuente,False
2835,2139,38,Ximena Ramírez,ximena.ramírez38@correo.com,2025-03-07,Presencial (mesero),Bebidas frías,Agua mineral,3,20.49,61.47,para llevar,False,,,,,,2026-06-07,15:00:00,entregado,tarjeta,pagado,222.74,35.64,258.38,27.0,3.0,Frecuente,False
2836,2140,33,Luis Martínez,luis.martínez33@correo.com,2026-05-13,Página web,Bebidas frías,Limonada,1,37.37,37.37,para llevar,False,,,,,,2026-05-15,08:30:00,entregado,pago en línea,pagado,354.36,56.7,411.06,21.0,2.0,VIP,True
2837,2140,33,Luis Martínez,luis.martínez33@correo.com,2026-05-13,Página web,Repostería,Brownie,1,58.07,58.07,para llevar,False,,,,,,2026-05-15,08:30:00,entregado,pago en línea,pagado,354.36,56.7,411.06,21.0,2.0,VIP,True
2838,2140,33,Luis Martínez,luis.martínez33@correo.com,2026-05-13,Página web,Repostería,Pay de queso,3,49.72,149.16,para llevar,False,,,,,,2026-05-15,08:30:00,entregado,pago en línea,pagado,354.36,56.7,411.06,21.0,2.0,VIP,True
2839,2140,33,Luis Martínez,luis.martínez33@correo.com,2026-05-13,Página web,Café frío,Cold brew,2,54.88,109.76,para llevar,False,,,,,,2026-05-15,08:30:00,entregado,pago en línea,pagado,354.36,56.7,411.06,21.0,2.0,VIP,True
2840,2141,189,Renata Morales,renata.morales189@correo.com,2026-05-10,Página web,Bebidas calientes,Chocolate caliente,3,44.92,134.76,para llevar,False,,,,,,2026-08-08,07:10:00,entregado,transferencia,pagado,266.33,42.61,308.94,24.0,4.0,Frecuente,True
2841,2141,189,Renata Morales,renata.morales189@correo.com,2026-05-10,Página web,Café frío,Cold brew,2,40.25,80.5,para llevar,False,,,,,,2026-08-08,07:10:00,entregado,transferencia,pagado,266.33,42.61,308.94,24.0,4.0,Frecuente,True
2842,2141,189,Renata Morales,renata.morales189@correo.com,2026-05-10,Página web,Café caliente,Latte,1,51.07,51.07,para llevar,False,,,,,,2026-08-08,07:10:00,entregado,transferencia,pagado,266.33,42.61,308.94,24.0,4.0,Frecuente,True
2843,2142,99,Andrea Martínez,andrea.martínez99@correo.com,2025-08-29,Página web,Alimentos,Panini de jamón y queso,2,80.45,160.9,para llevar,False,,,,,,2026-05-31,10:45:00,en preparación,tarjeta,pagado,499.24,79.88,579.12,,,Frecuente,True
2844,2142,99,Andrea Martínez,andrea.martínez99@correo.com,2025-08-29,Página web,Alimentos,Bagel con queso crema,3,81.36,244.08,para llevar,False,,,,,,2026-05-31,10:45:00,en preparación,tarjeta,pagado,499.24,79.88,579.12,,,Frecuente,True
2845,2142,99,Andrea Martínez,andrea.martínez99@correo.com,2025-08-29,Página web,Repostería,Dona glaseada,2,47.13,94.26,para llevar,False,,,,,,2026-05-31,10:45:00,en preparación,tarjeta,pagado,499.24,79.88,579.12,,,Frecuente,True
2846,2143,204,Regina Castillo,regina.castillo204@correo.com,2025-02-06,Presencial (mostrador),Café frío,Cold brew,3,37.31,111.93,en el lugar,False,4.0,Barra,individual,,,2025-05-01,17:35:00,entregado,tarjeta,pagado,111.93,17.91,129.84,44.0,5.0,Frecuente,False
2847,2144,180,Sergio Torres,sergio.torres180@correo.com,2025-11-28,Presencial (mesero),Bebidas calientes,Infusión de manzanilla,2,32.73,65.46,para llevar,False,,,,,,2026-01-03,17:20:00,listo,tarjeta,pagado,187.24,29.96,217.2,16.0,,Recurrente,False
2848,2144,180,Sergio Torres,sergio.torres180@correo.com,2025-11-28,Presencial (mesero),Café caliente,Mocaccino,2,43.95,87.9,para llevar,False,,,,,,2026-01-03,17:20:00,listo,tarjeta,pagado,187.24,29.96,217.2,16.0,,Recurrente,False
2849,2144,180,Sergio Torres,sergio.torres180@correo.com,2025-11-28,Presencial (mesero),Bebidas frías,Limonada,1,33.88,33.88,para llevar,False,,,,,,2026-01-03,17:20:00,listo,tarjeta,pagado,187.24,29.96,217.2,16.0,,Recurrente,False
2850,2145,59,Yuleni Romero,yuleni.romero59@correo.com,2025-03-25,Presencial (mostrador),Bebidas frías,Jugo de naranja,1,27.69,27.69,en el lugar,True,7.0,Terraza,individual,2025-07-28,pendiente,2025-07-31,15:30:00,entregado,transferencia,pagado,27.69,4.43,32.12,20.0,5.0,Frecuente,False
2851,2146,26,Gabriela Hernández,gabriela.hernández26@correo.com,2025-04-28,Presencial (mostrador),Repostería,Croissant,1,53.4,53.4,en el lugar,True,14.0,Barra,pareja,2025-11-26,completada,2025-11-26,13:35:00,cancelado,transferencia,reembolsado,102.82,16.45,119.27,,,Frecuente,False
2852,2146,26,Gabriela Hernández,gabriela.hernández26@correo.com,2025-04-28,Presencial (mostrador),Café caliente,Americano,1,49.42,49.42,en el lugar,True,14.0,Barra,pareja,2025-11-26,completada,2025-11-26,13:35:00,cancelado,transferencia,reembolsado,102.82,16.45,119.27,,,Frecuente,False
2853,2147,140,Óscar Ramírez,óscar.ramírez140@correo.com,2026-04-21,Página web,Café caliente,Latte,3,51.33,153.99,en el lugar,True,7.0,Barra,pareja,2026-07-16,no_show,2026-07-17,18:15:00,entregado,pago en línea,pagado,153.99,24.64,178.63,17.0,5.0,Frecuente,True
2854,2148,75,Gabriela López,gabriela.lópez75@correo.com,2026-03-17,Página web,Café caliente,Latte,2,36.21,72.42,para llevar,False,,,,,,2026-06-02,11:30:00,entregado,pago en línea,pagado,194.53,31.12,225.65,23.0,4.0,VIP,True
2855,2148,75,Gabriela López,gabriela.lópez75@correo.com,2026-03-17,Página web,Alimentos,Ensalada César,1,66.71,66.71,para llevar,False,,,,,,2026-06-02,11:30:00,entregado,pago en línea,pagado,194.53,31.12,225.65,23.0,4.0,VIP,True
2856,2148,75,Gabriela López,gabriela.lópez75@correo.com,2026-03-17,Página web,Repostería,Croissant,1,55.4,55.4,para llevar,False,,,,,,2026-06-02,11:30:00,entregado,pago en línea,pagado,194.53,31.12,225.65,23.0,4.0,VIP,True
2857,2149,41,Ana De la Cruz,ana.delacruz41@correo.com,2025-12-05,Página web,Bebidas frías,Agua mineral,1,27.12,27.12,para llevar,False,,,,,,2026-08-12,19:10:00,entregado,pago en línea,pagado,270.59,43.29,313.88,19.0,5.0,Frecuente,True
2858,2149,41,Ana De la Cruz,ana.delacruz41@correo.com,2025-12-05,Página web,Café frío,Cold brew,1,49.58,49.58,para llevar,False,,,,,,2026-08-12,19:10:00,entregado,pago en línea,pagado,270.59,43.29,313.88,19.0,5.0,Frecuente,True
2859,2149,41,Ana De la Cruz,ana.delacruz41@correo.com,2025-12-05,Página web,Alimentos,Panini de jamón y queso,1,87.54,87.54,para llevar,False,,,,,,2026-08-12,19:10:00,entregado,pago en línea,pagado,270.59,43.29,313.88,19.0,5.0,Frecuente,True
2860,2149,41,Ana De la Cruz,ana.delacruz41@correo.com,2025-12-05,Página web,Repostería,Concha,3,35.45,106.35,para llevar,False,,,,,,2026-08-12,19:10:00,entregado,pago en línea,pagado,270.59,43.29,313.88,19.0,5.0,Frecuente,True
2861,2150,50,Ricardo Morales,ricardo.morales50@correo.com,2026-05-13,Página web,Café frío,Cold brew,2,51.0,102.0,en el lugar,False,9.0,Zona de estudio,grupal,,,2026-08-16,19:25:00,entregado,pago en línea,pagado,395.5,63.28,458.78,13.0,4.0,VIP,True
2862,2150,50,Ricardo Morales,ricardo.morales50@correo.com,2026-05-13,Página web,Bebidas frías,Limonada,2,31.45,62.9,en el lugar,False,9.0,Zona de estudio,grupal,,,2026-08-16,19:25:00,entregado,pago en línea,pagado,395.5,63.28,458.78,13.0,4.0,VIP,True
2863,2150,50,Ricardo Morales,ricardo.morales50@correo.com,2026-05-13,Página web,Repostería,Pay de queso,2,51.43,102.86,en el lugar,False,9.0,Zona de estudio,grupal,,,2026-08-16,19:25:00,entregado,pago en línea,pagado,395.5,63.28,458.78,13.0,4.0,VIP,True
2864,2150,50,Ricardo Morales,ricardo.morales50@correo.com,2026-05-13,Página web,Café frío,Frappé de café,3,42.58,127.74,en el lugar,False,9.0,Zona de estudio,grupal,,,2026-08-16,19:25:00,entregado,pago en línea,pagado,395.5,63.28,458.78,13.0,4.0,VIP,True
2865,2151,173,Karla Gómez,karla.gómez173@correo.com,2025-09-14,Página web,Café caliente,Americano,2,51.62,103.24,en el lugar,True,3.0,Terraza,pareja,2026-03-21,completada,2026-03-24,17:35:00,entregado,pago en línea,pagado,160.0,25.6,185.6,39.0,5.0,Frecuente,True
2866,2151,173,Karla Gómez,karla.gómez173@correo.com,2025-09-14,Página web,Café caliente,Capuchino,2,28.38,56.76,en el lugar,True,3.0,Terraza,pareja,2026-03-21,completada,2026-03-24,17:35:00,entregado,pago en línea,pagado,160.0,25.6,185.6,39.0,5.0,Frecuente,True
2867,2152,157,Carlos Torres,carlos.torres157@correo.com,2026-05-05,Página web,Café caliente,Espresso,3,47.52,142.56,para llevar,False,,,,,,2026-07-27,13:30:00,entregado,pago en línea,pagado,142.56,22.81,165.37,23.0,4.0,VIP,True
2868,2153,213,Julián Vázquez,julián.vázquez213@correo.com,2025-11-03,Presencial (mostrador),Alimentos,Panini de jamón y queso,1,71.74,71.74,para llevar,False,,,,,,2025-12-16,11:15:00,en preparación,tarjeta,pagado,198.46,31.75,230.21,,,VIP,False
2869,2153,213,Julián Vázquez,julián.vázquez213@correo.com,2025-11-03,Presencial (mostrador),Café frío,Frappé de café,2,63.36,126.72,para llevar,False,,,,,,2025-12-16,11:15:00,en preparación,tarjeta,pagado,198.46,31.75,230.21,,,VIP,False
2870,2154,74,Paola Castillo,paola.castillo74@correo.com,2025-02-06,Presencial (mostrador),Bebidas calientes,Té chai,1,27.86,27.86,en el lugar,True,17.0,Zona de estudio,pareja,2025-04-24,completada,2025-04-26,15:35:00,listo,efectivo,pagado,199.72,31.96,231.68,11.0,,Frecuente,False
2871,2154,74,Paola Castillo,paola.castillo74@correo.com,2025-02-06,Presencial (mostrador),Alimentos,Bagel con queso crema,1,57.22,57.22,en el lugar,True,17.0,Zona de estudio,pareja,2025-04-24,completada,2025-04-26,15:35:00,listo,efectivo,pagado,199.72,31.96,231.68,11.0,,Frecuente,False
2872,2154,74,Paola Castillo,paola.castillo74@correo.com,2025-02-06,Presencial (mostrador),Bebidas calientes,Té chai,2,32.45,64.9,en el lugar,True,17.0,Zona de estudio,pareja,2025-04-24,completada,2025-04-26,15:35:00,listo,efectivo,pagado,199.72,31.96,231.68,11.0,,Frecuente,False
2873,2154,74,Paola Castillo,paola.castillo74@correo.com,2025-02-06,Presencial (mostrador),Repostería,Croissant,1,49.74,49.74,en el lugar,True,17.0,Zona de estudio,pareja,2025-04-24,completada,2025-04-26,15:35:00,listo,efectivo,pagado,199.72,31.96,231.68,11.0,,Frecuente,False
2874,2155,224,Marco Flores,marco.flores224@correo.com,2025-12-13,Página web,Repostería,Dona glaseada,2,28.35,56.7,en el lugar,False,11.0,Terraza,grupal,,,2026-01-29,10:00:00,entregado,pago en línea,pagado,108.62,17.38,126.0,28.0,5.0,VIP,True
2875,2155,224,Marco Flores,marco.flores224@correo.com,2025-12-13,Página web,Repostería,Croissant,2,25.96,51.92,en el lugar,False,11.0,Terraza,grupal,,,2026-01-29,10:00:00,entregado,pago en línea,pagado,108.62,17.38,126.0,28.0,5.0,VIP,True
2876,2156,163,Carlos Romero,carlos.romero163@correo.com,2025-04-12,Presencial (mesero),Café frío,Café helado,3,36.12,108.36,en el lugar,True,13.0,Barra,individual,2025-05-19,cancelada,2025-05-20,11:25:00,entregado,efectivo,pagado,163.78,26.2,189.98,19.0,5.0,Frecuente,False
2877,2156,163,Carlos Romero,carlos.romero163@correo.com,2025-04-12,Presencial (mesero),Repostería,Croissant,1,55.42,55.42,en el lugar,True,13.0,Barra,individual,2025-05-19,cancelada,2025-05-20,11:25:00,entregado,efectivo,pagado,163.78,26.2,189.98,19.0,5.0,Frecuente,False
2878,2157,148,Gabriela Gómez,gabriela.gómez148@correo.com,2025-12-27,Página web,Café caliente,Americano,2,34.91,69.82,para llevar,False,,,,,,2026-01-08,12:30:00,cancelado,pago en línea,pendiente,69.82,11.17,80.99,,,Frecuente,True
2879,2158,89,Hugo García,hugo.garcía89@correo.com,2026-01-30,Página web,Café caliente,Americano,2,32.27,64.54,para llevar,False,,,,,,2026-03-24,10:45:00,entregado,pago en línea,pagado,372.99,59.68,432.67,8.0,5.0,VIP,True
2880,2158,89,Hugo García,hugo.garcía89@correo.com,2026-01-30,Página web,Bebidas calientes,Té verde,2,31.71,63.42,para llevar,False,,,,,,2026-03-24,10:45:00,entregado,pago en línea,pagado,372.99,59.68,432.67,8.0,5.0,VIP,True
2881,2158,89,Hugo García,hugo.garcía89@correo.com,2026-01-30,Página web,Alimentos,Ensalada César,2,61.66,123.32,para llevar,False,,,,,,2026-03-24,10:45:00,entregado,pago en línea,pagado,372.99,59.68,432.67,8.0,5.0,VIP,True
2882,2158,89,Hugo García,hugo.garcía89@correo.com,2026-01-30,Página web,Café frío,Café helado,3,40.57,121.71,para llevar,False,,,,,,2026-03-24,10:45:00,entregado,pago en línea,pagado,372.99,59.68,432.67,8.0,5.0,VIP,True
2883,2159,210,Luis Romero,luis.romero210@correo.com,2026-01-27,Página web,Café frío,Frappuccino de caramelo,3,57.51,172.53,para llevar,False,,,,,,2026-03-12,11:45:00,entregado,pago en línea,pagado,449.61,71.94,521.55,38.0,5.0,Frecuente,True
2884,2159,210,Luis Romero,luis.romero210@correo.com,2026-01-27,Página web,Bebidas calientes,Infusión de manzanilla,3,37.5,112.5,para llevar,False,,,,,,2026-03-12,11:45:00,entregado,pago en línea,pagado,449.61,71.94,521.55,38.0,5.0,Frecuente,True
2885,2159,210,Luis Romero,luis.romero210@correo.com,2026-01-27,Página web,Café frío,Café helado,3,54.86,164.58,para llevar,False,,,,,,2026-03-12,11:45:00,entregado,pago en línea,pagado,449.61,71.94,521.55,38.0,5.0,Frecuente,True
2886,2160,61,Sergio Ramírez,sergio.ramírez61@correo.com,2025-09-29,Presencial (mesero),Repostería,Muffin de arándano,2,44.7,89.4,para llevar,False,,,,,,2026-01-25,12:30:00,entregado,tarjeta,pagado,352.31,56.37,408.68,31.0,5.0,Frecuente,False
2887,2160,61,Sergio Ramírez,sergio.ramírez61@correo.com,2025-09-29,Presencial (mesero),Café caliente,Capuchino,2,41.17,82.34,para llevar,False,,,,,,2026-01-25,12:30:00,entregado,tarjeta,pagado,352.31,56.37,408.68,31.0,5.0,Frecuente,False
2888,2160,61,Sergio Ramírez,sergio.ramírez61@correo.com,2025-09-29,Presencial (mesero),Alimentos,Bagel con queso crema,2,63.49,126.98,para llevar,False,,,,,,2026-01-25,12:30:00,entregado,tarjeta,pagado,352.31,56.37,408.68,31.0,5.0,Frecuente,False
2889,2160,61,Sergio Ramírez,sergio.ramírez61@correo.com,2025-09-29,Presencial (mesero),Café frío,Frappé de café,1,53.59,53.59,para llevar,False,,,,,,2026-01-25,12:30:00,entregado,tarjeta,pagado,352.31,56.37,408.68,31.0,5.0,Frecuente,False
2890,2161,82,Diego Sánchez,diego.sánchez82@correo.com,2026-04-17,Presencial (mesero),Bebidas frías,Jugo de naranja,3,33.97,101.91,en el lugar,True,15.0,Zona de estudio,pareja,2026-05-12,completada,2026-05-15,10:30:00,entregado,tarjeta,pagado,184.56,29.53,214.09,29.0,4.0,VIP,False
2891,2161,82,Diego Sánchez,diego.sánchez82@correo.com,2026-04-17,Presencial (mesero),Bebidas calientes,Infusión de manzanilla,3,27.55,82.65,en el lugar,True,15.0,Zona de estudio,pareja,2026-05-12,completada,2026-05-15,10:30:00,entregado,tarjeta,pagado,184.56,29.53,214.09,29.0,4.0,VIP,False
2892,2162,118,Pablo Romero,pablo.romero118@correo.com,2025-08-14,Página web,Café caliente,Americano,2,45.31,90.62,en el lugar,False,13.0,Barra,grupal,,,2025-12-19,09:20:00,entregado,pago en línea,pagado,411.76,65.88,477.64,44.0,5.0,Frecuente,True
2893,2162,118,Pablo Romero,pablo.romero118@correo.com,2025-08-14,Página web,Bebidas calientes,Infusión de manzanilla,3,44.02,132.06,en el lugar,False,13.0,Barra,grupal,,,2025-12-19,09:20:00,entregado,pago en línea,pagado,411.76,65.88,477.64,44.0,5.0,Frecuente,True
2894,2162,118,Pablo Romero,pablo.romero118@correo.com,2025-08-14,Página web,Bebidas calientes,Chocolate caliente,3,31.48,94.44,en el lugar,False,13.0,Barra,grupal,,,2025-12-19,09:20:00,entregado,pago en línea,pagado,411.76,65.88,477.64,44.0,5.0,Frecuente,True
2895,2162,118,Pablo Romero,pablo.romero118@correo.com,2025-08-14,Página web,Café frío,Café helado,2,47.32,94.64,en el lugar,False,13.0,Barra,grupal,,,2025-12-19,09:20:00,entregado,pago en línea,pagado,411.76,65.88,477.64,44.0,5.0,Frecuente,True
2896,2163,171,Lucía Flores,lucía.flores171@correo.com,2026-02-17,Página web,Café caliente,Latte,3,52.22,156.66,en el lugar,True,16.0,Salón principal,grupal,2026-02-23,completada,2026-02-23,13:05:00,entregado,pago en línea,pagado,156.66,25.07,181.73,37.0,4.0,VIP,True
2897,2164,240,Luis Sánchez,luis.sánchez240@correo.com,2025-01-22,Presencial (mostrador),Bebidas frías,Jugo de naranja,3,28.47,85.41,en el lugar,True,13.0,Terraza,pareja,2025-04-21,cancelada,2025-04-22,07:15:00,listo,efectivo,pagado,215.17,34.43,249.6,16.0,,Frecuente,False
2898,2164,240,Luis Sánchez,luis.sánchez240@correo.com,2025-01-22,Presencial (mostrador),Alimentos,Sandwich club,1,72.8,72.8,en el lugar,True,13.0,Terraza,pareja,2025-04-21,cancelada,2025-04-22,07:15:00,listo,efectivo,pagado,215.17,34.43,249.6,16.0,,Frecuente,False
2899,2164,240,Luis Sánchez,luis.sánchez240@correo.com,2025-01-22,Presencial (mostrador),Café frío,Frappuccino de caramelo,1,56.96,56.96,en el lugar,True,13.0,Terraza,pareja,2025-04-21,cancelada,2025-04-22,07:15:00,listo,efectivo,pagado,215.17,34.43,249.6,16.0,,Frecuente,False
2900,2165,106,Fernanda Cruz,fernanda.cruz106@correo.com,2025-05-17,Presencial (mesero),Alimentos,Ensalada César,1,62.22,62.22,en el lugar,True,15.0,Barra,individual,2025-07-16,completada,2025-07-18,11:30:00,listo,transferencia,pagado,334.8,53.57,388.37,14.0,,Frecuente,False
2901,2165,106,Fernanda Cruz,fernanda.cruz106@correo.com,2025-05-17,Presencial (mesero),Alimentos,Bagel con queso crema,3,90.86,272.58,en el lugar,True,15.0,Barra,individual,2025-07-16,completada,2025-07-18,11:30:00,listo,transferencia,pagado,334.8,53.57,388.37,14.0,,Frecuente,False
2902,2166,48,Ximena Martínez,ximena.martínez48@correo.com,2026-03-30,Presencial (mesero),Bebidas frías,Té helado,3,39.87,119.61,en el lugar,False,10.0,Terraza,individual,,,2026-07-25,09:55:00,entregado,transferencia,pagado,249.64,39.94,289.58,36.0,4.0,Frecuente,False
2903,2166,48,Ximena Martínez,ximena.martínez48@correo.com,2026-03-30,Presencial (mesero),Café caliente,Americano,2,45.33,90.66,en el lugar,False,10.0,Terraza,individual,,,2026-07-25,09:55:00,entregado,transferencia,pagado,249.64,39.94,289.58,36.0,4.0,Frecuente,False
2904,2166,48,Ximena Martínez,ximena.martínez48@correo.com,2026-03-30,Presencial (mesero),Bebidas calientes,Infusión de manzanilla,1,39.37,39.37,en el lugar,False,10.0,Terraza,individual,,,2026-07-25,09:55:00,entregado,transferencia,pagado,249.64,39.94,289.58,36.0,4.0,Frecuente,False
2905,2167,141,Regina Gómez,regina.gómez141@correo.com,2025-07-06,Presencial (mostrador),Café caliente,Latte,1,48.95,48.95,en el lugar,True,8.0,Terraza,individual,2026-06-15,pendiente,2026-06-15,07:30:00,entregado,tarjeta,pagado,48.95,7.83,56.78,25.0,4.0,Frecuente,False
2906,2168,43,Marco Ramírez,marco.ramírez43@correo.com,2026-04-30,Presencial (mostrador),Café frío,Frappuccino de caramelo,1,62.53,62.53,para llevar,False,,,,,,2026-08-01,16:00:00,entregado,tarjeta,pagado,269.21,43.07,312.28,42.0,3.0,VIP,False
2907,2168,43,Marco Ramírez,marco.ramírez43@correo.com,2026-04-30,Presencial (mostrador),Alimentos,Panini de jamón y queso,2,77.84,155.68,para llevar,False,,,,,,2026-08-01,16:00:00,entregado,tarjeta,pagado,269.21,43.07,312.28,42.0,3.0,VIP,False
2908,2168,43,Marco Ramírez,marco.ramírez43@correo.com,2026-04-30,Presencial (mostrador),Café frío,Café helado,1,51.0,51.0,para llevar,False,,,,,,2026-08-01,16:00:00,entregado,tarjeta,pagado,269.21,43.07,312.28,42.0,3.0,VIP,False
2909,2169,54,Iván Sánchez,iván.sánchez54@correo.com,2025-03-01,Página web,Café caliente,Capuchino,1,52.54,52.54,para llevar,False,,,,,,2025-11-27,08:55:00,entregado,pago en línea,pagado,52.54,8.41,60.95,8.0,5.0,VIP,True
2910,2170,29,María Flores,maría.flores29@correo.com,2026-06-04,Presencial (mostrador),Alimentos,Sandwich club,1,65.21,65.21,en el lugar,True,1.0,Terraza,pareja,2026-07-09,no_show,2026-07-10,16:50:00,entregado,transferencia,pagado,385.9,61.74,447.64,27.0,2.0,Frecuente,False
2911,2170,29,María Flores,maría.flores29@correo.com,2026-06-04,Presencial (mostrador),Bebidas frías,Té helado,2,34.96,69.92,en el lugar,True,1.0,Terraza,pareja,2026-07-09,no_show,2026-07-10,16:50:00,entregado,transferencia,pagado,385.9,61.74,447.64,27.0,2.0,Frecuente,False
2912,2170,29,María Flores,maría.flores29@correo.com,2026-06-04,Presencial (mostrador),Café caliente,Café de olla,3,44.26,132.78,en el lugar,True,1.0,Terraza,pareja,2026-07-09,no_show,2026-07-10,16:50:00,entregado,transferencia,pagado,385.9,61.74,447.64,27.0,2.0,Frecuente,False
2913,2170,29,María Flores,maría.flores29@correo.com,2026-06-04,Presencial (mostrador),Café frío,Café helado,3,39.33,117.99,en el lugar,True,1.0,Terraza,pareja,2026-07-09,no_show,2026-07-10,16:50:00,entregado,transferencia,pagado,385.9,61.74,447.64,27.0,2.0,Frecuente,False
2914,2171,160,Ximena García,ximena.garcía160@correo.com,2026-07-26,Presencial (mesero),Bebidas calientes,Infusión de manzanilla,3,36.31,108.93,para llevar,False,,,,,,2026-08-12,11:10:00,entregado,tarjeta,pagado,108.93,17.43,126.36,45.0,5.0,VIP,False
2915,2172,134,Camila Romero,camila.romero134@correo.com,2025-05-04,Presencial (mostrador),Alimentos,Sandwich club,1,55.16,55.16,para llevar,False,,,,,,2025-06-24,10:40:00,listo,efectivo,pagado,55.16,8.83,63.99,14.0,,Frecuente,False
2916,2173,189,Renata Morales,renata.morales189@correo.com,2026-05-10,Presencial (mesero),Repostería,Concha,3,29.17,87.51,en el lugar,False,10.0,Barra,grupal,,,2026-07-23,17:20:00,en preparación,efectivo,pagado,87.51,14.0,101.51,,,Frecuente,False
2917,2174,112,Pablo Martínez,pablo.martínez112@correo.com,2025-05-22,Página web,Alimentos,Panini de jamón y queso,2,87.46,174.92,para llevar,False,,,,,,2026-01-12,20:50:00,entregado,pago en línea,pagado,213.24,34.12,247.36,23.0,4.0,Frecuente,True
2918,2174,112,Pablo Martínez,pablo.martínez112@correo.com,2025-05-22,Página web,Repostería,Pay de queso,1,38.32,38.32,para llevar,False,,,,,,2026-01-12,20:50:00,entregado,pago en línea,pagado,213.24,34.12,247.36,23.0,4.0,Frecuente,True
2919,2175,208,Mariana Morales,mariana.morales208@correo.com,2025-05-30,Página web,Café caliente,Espresso,2,47.17,94.34,en el lugar,True,4.0,Barra,individual,2026-03-07,completada,2026-03-09,19:05:00,entregado,pago en línea,pagado,240.09,38.41,278.5,34.0,5.0,Frecuente,True
2920,2175,208,Mariana Morales,mariana.morales208@correo.com,2025-05-30,Página web,Café caliente,Capuchino,3,33.88,101.64,en el lugar,True,4.0,Barra,individual,2026-03-07,completada,2026-03-09,19:05:00,entregado,pago en línea,pagado,240.09,38.41,278.5,34.0,5.0,Frecuente,True
2921,2175,208,Mariana Morales,mariana.morales208@correo.com,2025-05-30,Página web,Café caliente,Latte,1,44.11,44.11,en el lugar,True,4.0,Barra,individual,2026-03-07,completada,2026-03-09,19:05:00,entregado,pago en línea,pagado,240.09,38.41,278.5,34.0,5.0,Frecuente,True
2922,2176,215,María Ramírez,maría.ramírez215@correo.com,2026-01-26,Página web,Bebidas calientes,Infusión de manzanilla,3,36.67,110.01,en el lugar,True,16.0,Zona de estudio,individual,2026-06-15,completada,2026-06-15,11:25:00,entregado,pago en línea,pagado,110.01,17.6,127.61,25.0,4.0,VIP,True
2923,2177,223,Estefanía Jiménez,estefanía.jiménez223@correo.com,2025-10-07,Página web,Alimentos,Panini de jamón y queso,1,62.39,62.39,en el lugar,False,20.0,Salón principal,individual,,,2026-06-30,15:25:00,entregado,pago en línea,pagado,162.29,25.97,188.26,13.0,4.0,Recurrente,True
2924,2177,223,Estefanía Jiménez,estefanía.jiménez223@correo.com,2025-10-07,Página web,Bebidas calientes,Infusión de manzanilla,1,29.16,29.16,en el lugar,False,20.0,Salón principal,individual,,,2026-06-30,15:25:00,entregado,pago en línea,pagado,162.29,25.97,188.26,13.0,4.0,Recurrente,True
2925,2177,223,Estefanía Jiménez,estefanía.jiménez223@correo.com,2025-10-07,Página web,Repostería,Brownie,2,35.37,70.74,en el lugar,False,20.0,Salón principal,individual,,,2026-06-30,15:25:00,entregado,pago en línea,pagado,162.29,25.97,188.26,13.0,4.0,Recurrente,True
2926,2178,195,Pablo Reyes,pablo.reyes195@correo.com,2026-04-12,Página web,Repostería,Dona glaseada,1,57.23,57.23,en el lugar,True,12.0,Terraza,pareja,2026-08-03,no_show,2026-08-06,09:30:00,entregado,pago en línea,pagado,57.23,9.16,66.39,8.0,3.0,VIP,True
2927,2179,163,Carlos Romero,carlos.romero163@correo.com,2025-04-12,Página web,Café caliente,Espresso,2,54.15,108.3,en el lugar,False,9.0,Terraza,grupal,,,2026-06-05,13:40:00,entregado,pago en línea,pagado,108.3,17.33,125.63,11.0,5.0,Frecuente,True
2928,2180,33,Luis Martínez,luis.martínez33@correo.com,2026-05-13,Página web,Café frío,Cold brew,2,51.57,103.14,en el lugar,True,14.0,Salón principal,individual,2026-08-07,completada,2026-08-07,11:05:00,en preparación,pago en línea,pagado,154.82,24.77,179.59,,,VIP,True
2929,2180,33,Luis Martínez,luis.martínez33@correo.com,2026-05-13,Página web,Café frío,Cold brew,1,51.68,51.68,en el lugar,True,14.0,Salón principal,individual,2026-08-07,completada,2026-08-07,11:05:00,en preparación,pago en línea,pagado,154.82,24.77,179.59,,,VIP,True
2930,2181,167,Iván Flores,iván.flores167@correo.com,2026-04-10,Presencial (mesero),Alimentos,Sandwich club,2,56.41,112.82,en el lugar,True,20.0,Zona de estudio,individual,2026-06-20,completada,2026-06-20,14:25:00,entregado,transferencia,pagado,253.96,40.63,294.59,36.0,2.0,Frecuente,False
2931,2181,167,Iván Flores,iván.flores167@correo.com,2026-04-10,Presencial (mesero),Café caliente,Mocaccino,1,31.12,31.12,en el lugar,True,20.0,Zona de estudio,individual,2026-06-20,completada,2026-06-20,14:25:00,entregado,transferencia,pagado,253.96,40.63,294.59,36.0,2.0,Frecuente,False
2932,2181,167,Iván Flores,iván.flores167@correo.com,2026-04-10,Presencial (mesero),Café frío,Café helado,2,55.01,110.02,en el lugar,True,20.0,Zona de estudio,individual,2026-06-20,completada,2026-06-20,14:25:00,entregado,transferencia,pagado,253.96,40.63,294.59,36.0,2.0,Frecuente,False
2933,2182,222,Daniela Sánchez,daniela.sánchez222@correo.com,2025-05-16,Presencial (mostrador),Café caliente,Mocaccino,2,46.91,93.82,para llevar,False,,,,,,2025-07-29,09:50:00,listo,tarjeta,pagado,258.19,41.31,299.5,9.0,,Frecuente,False
2934,2182,222,Daniela Sánchez,daniela.sánchez222@correo.com,2025-05-16,Presencial (mostrador),Bebidas calientes,Té verde,3,44.13,132.39,para llevar,False,,,,,,2025-07-29,09:50:00,listo,tarjeta,pagado,258.19,41.31,299.5,9.0,,Frecuente,False
2935,2182,222,Daniela Sánchez,daniela.sánchez222@correo.com,2025-05-16,Presencial (mostrador),Bebidas frías,Té helado,1,31.98,31.98,para llevar,False,,,,,,2025-07-29,09:50:00,listo,tarjeta,pagado,258.19,41.31,299.5,9.0,,Frecuente,False
2936,2183,106,Fernanda Cruz,fernanda.cruz106@correo.com,2025-05-17,Presencial (mesero),Bebidas calientes,Té verde,2,29.85,59.7,para llevar,False,,,,,,2025-07-21,15:00:00,entregado,transferencia,pagado,259.48,41.52,301.0,37.0,4.0,Frecuente,False
2937,2183,106,Fernanda Cruz,fernanda.cruz106@correo.com,2025-05-17,Presencial (mesero),Café caliente,Café de olla,2,36.99,73.98,para llevar,False,,,,,,2025-07-21,15:00:00,entregado,transferencia,pagado,259.48,41.52,301.0,37.0,4.0,Frecuente,False
2938,2183,106,Fernanda Cruz,fernanda.cruz106@correo.com,2025-05-17,Presencial (mesero),Café frío,Frappé de café,2,62.9,125.8,para llevar,False,,,,,,2025-07-21,15:00:00,entregado,transferencia,pagado,259.48,41.52,301.0,37.0,4.0,Frecuente,False
2939,2184,212,José Cruz,josé.cruz212@correo.com,2025-10-22,Página web,Café caliente,Latte,3,33.99,101.97,para llevar,False,,,,,,2026-03-18,18:50:00,entregado,pago en línea,pagado,280.02,44.8,324.82,9.0,4.0,VIP,True
2940,2184,212,José Cruz,josé.cruz212@correo.com,2025-10-22,Página web,Repostería,Pay de queso,3,59.35,178.05,para llevar,False,,,,,,2026-03-18,18:50:00,entregado,pago en línea,pagado,280.02,44.8,324.82,9.0,4.0,VIP,True
2941,2185,162,Camila Vázquez,camila.vázquez162@correo.com,2026-03-16,Página web,Repostería,Croissant,3,53.77,161.31,para llevar,False,,,,,,2026-05-13,14:40:00,entregado,pago en línea,pagado,574.13,91.86,665.99,42.0,3.0,Frecuente,True
2942,2185,162,Camila Vázquez,camila.vázquez162@correo.com,2026-03-16,Página web,Alimentos,Sandwich club,3,60.95,182.85,para llevar,False,,,,,,2026-05-13,14:40:00,entregado,pago en línea,pagado,574.13,91.86,665.99,42.0,3.0,Frecuente,True
2943,2185,162,Camila Vázquez,camila.vázquez162@correo.com,2026-03-16,Página web,Repostería,Brownie,2,36.31,72.62,para llevar,False,,,,,,2026-05-13,14:40:00,entregado,pago en línea,pagado,574.13,91.86,665.99,42.0,3.0,Frecuente,True
2944,2185,162,Camila Vázquez,camila.vázquez162@correo.com,2026-03-16,Página web,Repostería,Pay de queso,3,52.45,157.35,para llevar,False,,,,,,2026-05-13,14:40:00,entregado,pago en línea,pagado,574.13,91.86,665.99,42.0,3.0,Frecuente,True
2945,2186,159,Paola López,paola.lópez159@correo.com,2026-07-31,Presencial (mesero),Bebidas calientes,Té verde,1,32.19,32.19,para llevar,False,,,,,,2026-08-08,09:45:00,entregado,tarjeta,pagado,32.19,5.15,37.34,42.0,4.0,VIP,False
2946,2187,65,Mariana Flores,mariana.flores65@correo.com,2025-06-11,Página web,Alimentos,Ensalada César,1,63.56,63.56,para llevar,False,,,,,,2026-01-16,07:30:00,entregado,pago en línea,pagado,141.1,22.58,163.68,22.0,5.0,Nuevo,True
2947,2187,65,Mariana Flores,mariana.flores65@correo.com,2025-06-11,Página web,Café caliente,Espresso,2,38.77,77.54,para llevar,False,,,,,,2026-01-16,07:30:00,entregado,pago en línea,pagado,141.1,22.58,163.68,22.0,5.0,Nuevo,True
2948,2188,233,Ximena Castillo,ximena.castillo233@correo.com,2025-05-19,Página web,Alimentos,Panini de jamón y queso,2,75.8,151.6,en el lugar,False,5.0,Zona de estudio,individual,,,2025-12-19,17:40:00,entregado,pago en línea,pagado,239.34,38.29,277.63,39.0,3.0,Frecuente,True
2949,2188,233,Ximena Castillo,ximena.castillo233@correo.com,2025-05-19,Página web,Café frío,Frappuccino de caramelo,2,43.87,87.74,en el lugar,False,5.0,Zona de estudio,individual,,,2025-12-19,17:40:00,entregado,pago en línea,pagado,239.34,38.29,277.63,39.0,3.0,Frecuente,True
2950,2189,79,Raúl Hernández,raúl.hernández79@correo.com,2025-07-03,Presencial (mostrador),Café caliente,Latte,2,47.15,94.3,en el lugar,True,5.0,Zona de estudio,individual,2025-10-02,completada,2025-10-03,12:00:00,entregado,efectivo,pagado,302.91,48.47,351.38,29.0,5.0,VIP,False
2951,2189,79,Raúl Hernández,raúl.hernández79@correo.com,2025-07-03,Presencial (mostrador),Repostería,Concha,3,50.21,150.63,en el lugar,True,5.0,Zona de estudio,individual,2025-10-02,completada,2025-10-03,12:00:00,entregado,efectivo,pagado,302.91,48.47,351.38,29.0,5.0,VIP,False
2952,2189,79,Raúl Hernández,raúl.hernández79@correo.com,2025-07-03,Presencial (mostrador),Repostería,Croissant,1,57.98,57.98,en el lugar,True,5.0,Zona de estudio,individual,2025-10-02,completada,2025-10-03,12:00:00,entregado,efectivo,pagado,302.91,48.47,351.38,29.0,5.0,VIP,False
2953,2190,225,Ana López,ana.lópez225@correo.com,2025-08-20,Presencial (mesero),Café caliente,Americano,1,54.91,54.91,en el lugar,True,6.0,Barra,grupal,2026-01-25,completada,2026-01-28,14:20:00,entregado,tarjeta,pagado,270.66,43.31,313.97,16.0,4.0,Frecuente,False
2954,2190,225,Ana López,ana.lópez225@correo.com,2025-08-20,Presencial (mesero),Café frío,Cold brew,1,54.71,54.71,en el lugar,True,6.0,Barra,grupal,2026-01-25,completada,2026-01-28,14:20:00,entregado,tarjeta,pagado,270.66,43.31,313.97,16.0,4.0,Frecuente,False
2955,2190,225,Ana López,ana.lópez225@correo.com,2025-08-20,Presencial (mesero),Bebidas frías,Agua mineral,2,33.51,67.02,en el lugar,True,6.0,Barra,grupal,2026-01-25,completada,2026-01-28,14:20:00,entregado,tarjeta,pagado,270.66,43.31,313.97,16.0,4.0,Frecuente,False
2956,2190,225,Ana López,ana.lópez225@correo.com,2025-08-20,Presencial (mesero),Repostería,Muffin de arándano,3,31.34,94.02,en el lugar,True,6.0,Barra,grupal,2026-01-25,completada,2026-01-28,14:20:00,entregado,tarjeta,pagado,270.66,43.31,313.97,16.0,4.0,Frecuente,False
2957,2191,6,José Pérez,josé.pérez6@correo.com,2026-03-09,Página web,Café frío,Frappé de café,2,48.28,96.56,para llevar,False,,,,,,2026-07-21,13:15:00,listo,pago en línea,pagado,294.73,47.16,341.89,30.0,,VIP,True
2958,2191,6,José Pérez,josé.pérez6@correo.com,2026-03-09,Página web,Café caliente,Latte,3,35.98,107.94,para llevar,False,,,,,,2026-07-21,13:15:00,listo,pago en línea,pagado,294.73,47.16,341.89,30.0,,VIP,True
2959,2191,6,José Pérez,josé.pérez6@correo.com,2026-03-09,Página web,Café frío,Cold brew,1,59.88,59.88,para llevar,False,,,,,,2026-07-21,13:15:00,listo,pago en línea,pagado,294.73,47.16,341.89,30.0,,VIP,True
2960,2191,6,José Pérez,josé.pérez6@correo.com,2026-03-09,Página web,Café caliente,Capuchino,1,30.35,30.35,para llevar,False,,,,,,2026-07-21,13:15:00,listo,pago en línea,pagado,294.73,47.16,341.89,30.0,,VIP,True
2961,2192,32,Camila Ramírez,camila.ramírez32@correo.com,2025-03-01,Presencial (mesero),Café frío,Cold brew,2,59.58,119.16,para llevar,False,,,,,,2025-11-02,16:10:00,entregado,efectivo,pagado,252.74,40.44,293.18,14.0,5.0,VIP,False
2962,2192,32,Camila Ramírez,camila.ramírez32@correo.com,2025-03-01,Presencial (mesero),Café caliente,Americano,1,31.27,31.27,para llevar,False,,,,,,2025-11-02,16:10:00,entregado,efectivo,pagado,252.74,40.44,293.18,14.0,5.0,VIP,False
2963,2192,32,Camila Ramírez,camila.ramírez32@correo.com,2025-03-01,Presencial (mesero),Café frío,Cold brew,1,50.0,50.0,para llevar,False,,,,,,2025-11-02,16:10:00,entregado,efectivo,pagado,252.74,40.44,293.18,14.0,5.0,VIP,False
2964,2192,32,Camila Ramírez,camila.ramírez32@correo.com,2025-03-01,Presencial (mesero),Repostería,Brownie,1,52.31,52.31,para llevar,False,,,,,,2025-11-02,16:10:00,entregado,efectivo,pagado,252.74,40.44,293.18,14.0,5.0,VIP,False
2965,2193,235,Paola Morales,paola.morales235@correo.com,2025-04-12,Página web,Alimentos,Panini de jamón y queso,1,49.24,49.24,para llevar,False,,,,,,2026-03-21,16:00:00,entregado,pago en línea,pagado,78.81,12.61,91.42,29.0,4.0,Nuevo,True
2966,2193,235,Paola Morales,paola.morales235@correo.com,2025-04-12,Página web,Café caliente,Espresso,1,29.57,29.57,para llevar,False,,,,,,2026-03-21,16:00:00,entregado,pago en línea,pagado,78.81,12.61,91.42,29.0,4.0,Nuevo,True
2967,2194,153,José Castillo,josé.castillo153@correo.com,2025-05-10,Página web,Bebidas frías,Jugo de naranja,1,36.24,36.24,en el lugar,True,9.0,Barra,individual,2025-12-14,completada,2025-12-16,08:30:00,entregado,pago en línea,pagado,437.52,70.0,507.52,42.0,4.0,Frecuente,True
2968,2194,153,José Castillo,josé.castillo153@correo.com,2025-05-10,Página web,Café frío,Cold brew,2,35.01,70.02,en el lugar,True,9.0,Barra,individual,2025-12-14,completada,2025-12-16,08:30:00,entregado,pago en línea,pagado,437.52,70.0,507.52,42.0,4.0,Frecuente,True
2969,2194,153,José Castillo,josé.castillo153@correo.com,2025-05-10,Página web,Repostería,Dona glaseada,3,53.13,159.39,en el lugar,True,9.0,Barra,individual,2025-12-14,completada,2025-12-16,08:30:00,entregado,pago en línea,pagado,437.52,70.0,507.52,42.0,4.0,Frecuente,True
2970,2194,153,José Castillo,josé.castillo153@correo.com,2025-05-10,Página web,Café frío,Cold brew,3,57.29,171.87,en el lugar,True,9.0,Barra,individual,2025-12-14,completada,2025-12-16,08:30:00,entregado,pago en línea,pagado,437.52,70.0,507.52,42.0,4.0,Frecuente,True
2971,2195,232,Camila Ortiz,camila.ortiz232@correo.com,2025-04-29,Página web,Café caliente,Mocaccino,2,31.19,62.38,para llevar,False,,,,,,2026-05-27,08:20:00,listo,pago en línea,pagado,330.24,52.84,383.08,29.0,,Frecuente,True
2972,2195,232,Camila Ortiz,camila.ortiz232@correo.com,2025-04-29,Página web,Repostería,Muffin de arándano,2,31.85,63.7,para llevar,False,,,,,,2026-05-27,08:20:00,listo,pago en línea,pagado,330.24,52.84,383.08,29.0,,Frecuente,True
2973,2195,232,Camila Ortiz,camila.ortiz232@correo.com,2025-04-29,Página web,Bebidas frías,Té helado,3,38.4,115.2,para llevar,False,,,,,,2026-05-27,08:20:00,listo,pago en línea,pagado,330.24,52.84,383.08,29.0,,Frecuente,True
2974,2195,232,Camila Ortiz,camila.ortiz232@correo.com,2025-04-29,Página web,Bebidas calientes,Infusión de manzanilla,2,44.48,88.96,para llevar,False,,,,,,2026-05-27,08:20:00,listo,pago en línea,pagado,330.24,52.84,383.08,29.0,,Frecuente,True
2975,2196,240,Luis Sánchez,luis.sánchez240@correo.com,2025-01-22,Presencial (mesero),Bebidas calientes,Té verde,1,34.54,34.54,en el lugar,False,3.0,Salón principal,individual,,,2025-03-22,12:10:00,listo,efectivo,pagado,34.54,5.53,40.07,34.0,,Frecuente,False
2976,2197,226,Gabriela Díaz,gabriela.díaz226@correo.com,2025-04-03,Presencial (mostrador),Alimentos,Panini de jamón y queso,3,76.3,228.9,para llevar,False,,,,,,2026-03-08,08:55:00,entregado,transferencia,pagado,228.9,36.62,265.52,9.0,2.0,Frecuente,False
2977,2198,91,Ana Gómez,ana.gómez91@correo.com,2025-11-18,Página web,Café caliente,Café de olla,2,37.6,75.2,para llevar,False,,,,,,2026-06-03,17:35:00,entregado,pago en línea,pagado,279.07,44.65,323.72,27.0,3.0,Frecuente,True
2978,2198,91,Ana Gómez,ana.gómez91@correo.com,2025-11-18,Página web,Café frío,Frappé de café,1,61.07,61.07,para llevar,False,,,,,,2026-06-03,17:35:00,entregado,pago en línea,pagado,279.07,44.65,323.72,27.0,3.0,Frecuente,True
2979,2198,91,Ana Gómez,ana.gómez91@correo.com,2025-11-18,Página web,Alimentos,Ensalada César,1,77.36,77.36,para llevar,False,,,,,,2026-06-03,17:35:00,entregado,pago en línea,pagado,279.07,44.65,323.72,27.0,3.0,Frecuente,True
2980,2198,91,Ana Gómez,ana.gómez91@correo.com,2025-11-18,Página web,Repostería,Pay de queso,2,32.72,65.44,para llevar,False,,,,,,2026-06-03,17:35:00,entregado,pago en línea,pagado,279.07,44.65,323.72,27.0,3.0,Frecuente,True
2981,2199,30,Ricardo Castillo,ricardo.castillo30@correo.com,2026-06-28,Página web,Repostería,Pay de queso,1,37.06,37.06,en el lugar,True,11.0,Salón principal,grupal,2026-07-09,no_show,2026-07-10,07:00:00,listo,pago en línea,pagado,69.66,11.15,80.81,38.0,,Frecuente,True
2982,2199,30,Ricardo Castillo,ricardo.castillo30@correo.com,2026-06-28,Página web,Bebidas calientes,Infusión de manzanilla,1,32.6,32.6,en el lugar,True,11.0,Salón principal,grupal,2026-07-09,no_show,2026-07-10,07:00:00,listo,pago en línea,pagado,69.66,11.15,80.81,38.0,,Frecuente,True
2983,2200,190,Gabriela López,gabriela.lópez190@correo.com,2026-01-28,Página web,Alimentos,Ensalada César,2,73.51,147.02,para llevar,False,,,,,,2026-08-09,15:55:00,entregado,pago en línea,pagado,465.65,74.5,540.15,26.0,5.0,Frecuente,True
2984,2200,190,Gabriela López,gabriela.lópez190@correo.com,2026-01-28,Página web,Repostería,Croissant,2,57.18,114.36,para llevar,False,,,,,,2026-08-09,15:55:00,entregado,pago en línea,pagado,465.65,74.5,540.15,26.0,5.0,Frecuente,True
2985,2200,190,Gabriela López,gabriela.lópez190@correo.com,2026-01-28,Página web,Café frío,Frappé de café,1,37.83,37.83,para llevar,False,,,,,,2026-08-09,15:55:00,entregado,pago en línea,pagado,465.65,74.5,540.15,26.0,5.0,Frecuente,True
2986,2200,190,Gabriela López,gabriela.lópez190@correo.com,2026-01-28,Página web,Repostería,Dona glaseada,3,55.48,166.44,para llevar,False,,,,,,2026-08-09,15:55:00,entregado,pago en línea,pagado,465.65,74.5,540.15,26.0,5.0,Frecuente,True
2987,2201,30,Ricardo Castillo,ricardo.castillo30@correo.com,2026-06-28,Presencial (mesero),Repostería,Croissant,2,58.68,117.36,en el lugar,False,12.0,Terraza,individual,,,2026-07-09,13:35:00,entregado,tarjeta,pagado,385.35,61.66,447.01,24.0,1.0,Frecuente,False
2988,2201,30,Ricardo Castillo,ricardo.castillo30@correo.com,2026-06-28,Presencial (mesero),Café frío,Frappuccino de caramelo,3,63.51,190.53,en el lugar,False,12.0,Terraza,individual,,,2026-07-09,13:35:00,entregado,tarjeta,pagado,385.35,61.66,447.01,24.0,1.0,Frecuente,False
2989,2201,30,Ricardo Castillo,ricardo.castillo30@correo.com,2026-06-28,Presencial (mesero),Repostería,Dona glaseada,2,38.73,77.46,en el lugar,False,12.0,Terraza,individual,,,2026-07-09,13:35:00,entregado,tarjeta,pagado,385.35,61.66,447.01,24.0,1.0,Frecuente,False
2990,2202,54,Iván Sánchez,iván.sánchez54@correo.com,2025-03-01,Página web,Bebidas calientes,Té verde,2,41.61,83.22,para llevar,False,,,,,,2026-05-26,15:20:00,entregado,pago en línea,pagado,235.33,37.65,272.98,34.0,1.0,VIP,True
2991,2202,54,Iván Sánchez,iván.sánchez54@correo.com,2025-03-01,Página web,Café caliente,Capuchino,3,38.98,116.94,para llevar,False,,,,,,2026-05-26,15:20:00,entregado,pago en línea,pagado,235.33,37.65,272.98,34.0,1.0,VIP,True
2992,2202,54,Iván Sánchez,iván.sánchez54@correo.com,2025-03-01,Página web,Café frío,Café helado,1,35.17,35.17,para llevar,False,,,,,,2026-05-26,15:20:00,entregado,pago en línea,pagado,235.33,37.65,272.98,34.0,1.0,VIP,True
2993,2203,199,Yuleni López,yuleni.lópez199@correo.com,2026-05-30,Presencial (mesero),Bebidas calientes,Té verde,1,39.04,39.04,en el lugar,True,2.0,Barra,individual,2026-07-07,no_show,2026-07-10,13:40:00,listo,efectivo,pagado,102.42,16.39,118.81,25.0,,VIP,False
2994,2203,199,Yuleni López,yuleni.lópez199@correo.com,2026-05-30,Presencial (mesero),Bebidas frías,Refresco de cola,2,31.69,63.38,en el lugar,True,2.0,Barra,individual,2026-07-07,no_show,2026-07-10,13:40:00,listo,efectivo,pagado,102.42,16.39,118.81,25.0,,VIP,False
2995,2204,88,Karla Díaz,karla.díaz88@correo.com,2025-11-18,Presencial (mostrador),Café caliente,Americano,2,31.98,63.96,para llevar,False,,,,,,2026-01-27,08:10:00,en preparación,transferencia,pagado,365.56,58.49,424.05,,,Frecuente,False
2996,2204,88,Karla Díaz,karla.díaz88@correo.com,2025-11-18,Presencial (mostrador),Café frío,Café helado,2,61.79,123.58,para llevar,False,,,,,,2026-01-27,08:10:00,en preparación,transferencia,pagado,365.56,58.49,424.05,,,Frecuente,False
2997,2204,88,Karla Díaz,karla.díaz88@correo.com,2025-11-18,Presencial (mostrador),Alimentos,Sandwich club,3,59.34,178.02,para llevar,False,,,,,,2026-01-27,08:10:00,en preparación,transferencia,pagado,365.56,58.49,424.05,,,Frecuente,False
2998,2205,147,Mariana Ortiz,mariana.ortiz147@correo.com,2026-07-21,Página web,Alimentos,Bagel con queso crema,3,83.71,251.13,en el lugar,True,2.0,Barra,individual,2026-08-07,completada,2026-08-08,14:10:00,entregado,pago en línea,pagado,539.76,86.36,626.12,33.0,5.0,Frecuente,True
2999,2205,147,Mariana Ortiz,mariana.ortiz147@correo.com,2026-07-21,Página web,Café frío,Frappuccino de caramelo,3,54.35,163.05,en el lugar,True,2.0,Barra,individual,2026-08-07,completada,2026-08-08,14:10:00,entregado,pago en línea,pagado,539.76,86.36,626.12,33.0,5.0,Frecuente,True
3000,2205,147,Mariana Ortiz,mariana.ortiz147@correo.com,2026-07-21,Página web,Café frío,Frappé de café,2,62.79,125.58,en el lugar,True,2.0,Barra,individual,2026-08-07,completada,2026-08-08,14:10:00,entregado,pago en línea,pagado,539.76,86.36,626.12,33.0,5.0,Frecuente,True
3001,2206,191,Hugo López,hugo.lópez191@correo.com,2025-03-13,Página web,Bebidas frías,Refresco de cola,1,24.01,24.01,para llevar,False,,,,,,2026-07-25,13:55:00,entregado,pago en línea,pagado,78.7,12.59,91.29,11.0,3.0,Frecuente,True
3002,2206,191,Hugo López,hugo.lópez191@correo.com,2025-03-13,Página web,Café caliente,Espresso,1,54.69,54.69,para llevar,False,,,,,,2026-07-25,13:55:00,entregado,pago en línea,pagado,78.7,12.59,91.29,11.0,3.0,Frecuente,True
3003,2207,96,Iván Sánchez,iván.sánchez96@correo.com,2026-03-17,Presencial (mesero),Café frío,Cold brew,3,47.69,143.07,para llevar,False,,,,,,2026-07-27,11:40:00,listo,transferencia,pagado,189.22,30.28,219.5,42.0,,Frecuente,False
3004,2207,96,Iván Sánchez,iván.sánchez96@correo.com,2026-03-17,Presencial (mesero),Alimentos,Panini de jamón y queso,1,46.15,46.15,para llevar,False,,,,,,2026-07-27,11:40:00,listo,transferencia,pagado,189.22,30.28,219.5,42.0,,Frecuente,False
3005,2208,15,Renata Martínez,renata.martínez15@correo.com,2025-06-25,Presencial (mostrador),Alimentos,Bagel con queso crema,1,46.2,46.2,en el lugar,False,13.0,Terraza,pareja,,,2026-04-30,13:35:00,entregado,tarjeta,pagado,135.54,21.69,157.23,13.0,4.0,VIP,False
3006,2208,15,Renata Martínez,renata.martínez15@correo.com,2025-06-25,Presencial (mostrador),Repostería,Pay de queso,1,34.8,34.8,en el lugar,False,13.0,Terraza,pareja,,,2026-04-30,13:35:00,entregado,tarjeta,pagado,135.54,21.69,157.23,13.0,4.0,VIP,False
3007,2208,15,Renata Martínez,renata.martínez15@correo.com,2025-06-25,Presencial (mostrador),Bebidas calientes,Té chai,2,27.27,54.54,en el lugar,False,13.0,Terraza,pareja,,,2026-04-30,13:35:00,entregado,tarjeta,pagado,135.54,21.69,157.23,13.0,4.0,VIP,False
3008,2209,162,Camila Vázquez,camila.vázquez162@correo.com,2026-03-16,Página web,Alimentos,Ensalada César,3,84.35,253.05,en el lugar,False,1.0,Terraza,individual,,,2026-08-07,10:25:00,en preparación,pago en línea,pagado,253.05,40.49,293.54,,,Frecuente,True
3009,2210,77,María Díaz,maría.díaz77@correo.com,2026-07-28,Página web,Café caliente,Capuchino,1,38.95,38.95,en el lugar,True,17.0,Terraza,pareja,2026-08-17,completada,2026-08-19,18:55:00,entregado,pago en línea,pagado,81.99,13.12,95.11,14.0,5.0,VIP,True
3010,2210,77,María Díaz,maría.díaz77@correo.com,2026-07-28,Página web,Bebidas frías,Agua mineral,2,21.52,43.04,en el lugar,True,17.0,Terraza,pareja,2026-08-17,completada,2026-08-19,18:55:00,entregado,pago en línea,pagado,81.99,13.12,95.11,14.0,5.0,VIP,True
3011,2211,17,Gabriela Ramírez,gabriela.ramírez17@correo.com,2025-11-29,Página web,Café caliente,Café de olla,2,45.26,90.52,para llevar,False,,,,,,2026-04-18,15:50:00,entregado,pago en línea,pagado,174.4,27.9,202.3,15.0,5.0,Frecuente,True
3012,2211,17,Gabriela Ramírez,gabriela.ramírez17@correo.com,2025-11-29,Página web,Café caliente,Latte,2,41.94,83.88,para llevar,False,,,,,,2026-04-18,15:50:00,entregado,pago en línea,pagado,174.4,27.9,202.3,15.0,5.0,Frecuente,True
3013,2212,213,Julián Vázquez,julián.vázquez213@correo.com,2025-11-03,Página web,Bebidas calientes,Té chai,2,33.1,66.2,para llevar,False,,,,,,2026-07-10,20:35:00,cancelado,pago en línea,pendiente,298.22,47.72,345.94,,,VIP,True
3014,2212,213,Julián Vázquez,julián.vázquez213@correo.com,2025-11-03,Página web,Bebidas frías,Jugo de naranja,3,33.88,101.64,para llevar,False,,,,,,2026-07-10,20:35:00,cancelado,pago en línea,pendiente,298.22,47.72,345.94,,,VIP,True
3015,2212,213,Julián Vázquez,julián.vázquez213@correo.com,2025-11-03,Página web,Bebidas calientes,Chocolate caliente,2,34.67,69.34,para llevar,False,,,,,,2026-07-10,20:35:00,cancelado,pago en línea,pendiente,298.22,47.72,345.94,,,VIP,True
3016,2212,213,Julián Vázquez,julián.vázquez213@correo.com,2025-11-03,Página web,Café caliente,Latte,2,30.52,61.04,para llevar,False,,,,,,2026-07-10,20:35:00,cancelado,pago en línea,pendiente,298.22,47.72,345.94,,,VIP,True
3017,2213,4,Diego Jiménez,diego.jiménez4@correo.com,2025-01-28,Página web,Bebidas calientes,Chocolate caliente,3,28.2,84.6,en el lugar,False,13.0,Barra,pareja,,,2026-07-11,13:05:00,entregado,pago en línea,pagado,187.56,30.01,217.57,29.0,3.0,VIP,True
3018,2213,4,Diego Jiménez,diego.jiménez4@correo.com,2025-01-28,Página web,Café caliente,Latte,2,51.48,102.96,en el lugar,False,13.0,Barra,pareja,,,2026-07-11,13:05:00,entregado,pago en línea,pagado,187.56,30.01,217.57,29.0,3.0,VIP,True
3019,2214,220,Camila Cruz,camila.cruz220@correo.com,2025-02-04,Página web,Repostería,Pay de queso,1,49.7,49.7,para llevar,False,,,,,,2026-08-07,10:25:00,entregado,pago en línea,pagado,274.08,43.85,317.93,37.0,5.0,Frecuente,True
3020,2214,220,Camila Cruz,camila.cruz220@correo.com,2025-02-04,Página web,Bebidas frías,Agua mineral,2,24.94,49.88,para llevar,False,,,,,,2026-08-07,10:25:00,entregado,pago en línea,pagado,274.08,43.85,317.93,37.0,5.0,Frecuente,True
3021,2214,220,Camila Cruz,camila.cruz220@correo.com,2025-02-04,Página web,Café frío,Cold brew,2,52.36,104.72,para llevar,False,,,,,,2026-08-07,10:25:00,entregado,pago en línea,pagado,274.08,43.85,317.93,37.0,5.0,Frecuente,True
3022,2214,220,Camila Cruz,camila.cruz220@correo.com,2025-02-04,Página web,Bebidas frías,Jugo de naranja,3,23.26,69.78,para llevar,False,,,,,,2026-08-07,10:25:00,entregado,pago en línea,pagado,274.08,43.85,317.93,37.0,5.0,Frecuente,True
3023,2215,57,Hugo Martínez,hugo.martínez57@correo.com,2025-07-10,Página web,Alimentos,Panini de jamón y queso,3,72.4,217.2,para llevar,False,,,,,,2026-08-11,18:35:00,entregado,pago en línea,pagado,296.93,47.51,344.44,37.0,5.0,VIP,True
3024,2215,57,Hugo Martínez,hugo.martínez57@correo.com,2025-07-10,Página web,Bebidas frías,Limonada,2,20.09,40.18,para llevar,False,,,,,,2026-08-11,18:35:00,entregado,pago en línea,pagado,296.93,47.51,344.44,37.0,5.0,VIP,True
3025,2215,57,Hugo Martínez,hugo.martínez57@correo.com,2025-07-10,Página web,Café frío,Frappé de café,1,39.55,39.55,para llevar,False,,,,,,2026-08-11,18:35:00,entregado,pago en línea,pagado,296.93,47.51,344.44,37.0,5.0,VIP,True
3026,2216,225,Ana López,ana.lópez225@correo.com,2025-08-20,Presencial (mostrador),Café frío,Café helado,3,38.77,116.31,en el lugar,False,9.0,Zona de estudio,individual,,,2025-11-19,14:30:00,entregado,transferencia,pagado,116.31,18.61,134.92,27.0,5.0,Frecuente,False
3027,2217,72,Andrea López,andrea.lópez72@correo.com,2025-09-26,Página web,Café frío,Cold brew,1,63.5,63.5,en el lugar,False,1.0,Barra,individual,,,2026-05-02,08:15:00,en preparación,pago en línea,pagado,394.73,63.16,457.89,,,VIP,True
3028,2217,72,Andrea López,andrea.lópez72@correo.com,2025-09-26,Página web,Alimentos,Panini de jamón y queso,3,67.79,203.37,en el lugar,False,1.0,Barra,individual,,,2026-05-02,08:15:00,en preparación,pago en línea,pagado,394.73,63.16,457.89,,,VIP,True
3029,2217,72,Andrea López,andrea.lópez72@correo.com,2025-09-26,Página web,Bebidas calientes,Té chai,3,27.42,82.26,en el lugar,False,1.0,Barra,individual,,,2026-05-02,08:15:00,en preparación,pago en línea,pagado,394.73,63.16,457.89,,,VIP,True
3030,2217,72,Andrea López,andrea.lópez72@correo.com,2025-09-26,Página web,Bebidas frías,Agua mineral,2,22.8,45.6,en el lugar,False,1.0,Barra,individual,,,2026-05-02,08:15:00,en preparación,pago en línea,pagado,394.73,63.16,457.89,,,VIP,True
3031,2218,55,Sergio De la Cruz,sergio.delacruz55@correo.com,2025-02-21,Página web,Repostería,Dona glaseada,3,35.16,105.48,en el lugar,True,3.0,Salón principal,individual,2026-07-22,cancelada,2026-07-22,13:15:00,listo,pago en línea,pagado,196.4,31.42,227.82,36.0,,Frecuente,True
3032,2218,55,Sergio De la Cruz,sergio.delacruz55@correo.com,2025-02-21,Página web,Café frío,Frappé de café,2,45.46,90.92,en el lugar,True,3.0,Salón principal,individual,2026-07-22,cancelada,2026-07-22,13:15:00,listo,pago en línea,pagado,196.4,31.42,227.82,36.0,,Frecuente,True
3033,2219,15,Renata Martínez,renata.martínez15@correo.com,2025-06-25,Presencial (mesero),Repostería,Pay de queso,2,39.09,78.18,en el lugar,False,4.0,Barra,individual,,,2026-02-20,08:45:00,entregado,transferencia,pagado,336.67,53.87,390.54,17.0,4.0,VIP,False
3034,2219,15,Renata Martínez,renata.martínez15@correo.com,2025-06-25,Presencial (mesero),Alimentos,Panini de jamón y queso,1,59.8,59.8,en el lugar,False,4.0,Barra,individual,,,2026-02-20,08:45:00,entregado,transferencia,pagado,336.67,53.87,390.54,17.0,4.0,VIP,False
3035,2219,15,Renata Martínez,renata.martínez15@correo.com,2025-06-25,Presencial (mesero),Bebidas frías,Jugo de naranja,1,34.47,34.47,en el lugar,False,4.0,Barra,individual,,,2026-02-20,08:45:00,entregado,transferencia,pagado,336.67,53.87,390.54,17.0,4.0,VIP,False
3036,2219,15,Renata Martínez,renata.martínez15@correo.com,2025-06-25,Presencial (mesero),Alimentos,Bagel con queso crema,3,54.74,164.22,en el lugar,False,4.0,Barra,individual,,,2026-02-20,08:45:00,entregado,transferencia,pagado,336.67,53.87,390.54,17.0,4.0,VIP,False
3037,2220,209,Estefanía Morales,estefanía.morales209@correo.com,2026-08-03,Presencial (mesero),Repostería,Croissant,3,59.44,178.32,en el lugar,True,12.0,Salón principal,pareja,2026-08-07,pendiente,2026-08-08,20:20:00,entregado,efectivo,pagado,178.32,28.53,206.85,9.0,5.0,Frecuente,False
3038,2221,52,José Reyes,josé.reyes52@correo.com,2025-09-29,Página web,Bebidas calientes,Té chai,1,26.65,26.65,para llevar,False,,,,,,2026-04-02,18:20:00,entregado,pago en línea,pagado,243.14,38.9,282.04,43.0,5.0,VIP,True
3039,2221,52,José Reyes,josé.reyes52@correo.com,2025-09-29,Página web,Repostería,Concha,3,51.08,153.24,para llevar,False,,,,,,2026-04-02,18:20:00,entregado,pago en línea,pagado,243.14,38.9,282.04,43.0,5.0,VIP,True
3040,2221,52,José Reyes,josé.reyes52@correo.com,2025-09-29,Página web,Café caliente,Espresso,1,29.87,29.87,para llevar,False,,,,,,2026-04-02,18:20:00,entregado,pago en línea,pagado,243.14,38.9,282.04,43.0,5.0,VIP,True
3041,2221,52,José Reyes,josé.reyes52@correo.com,2025-09-29,Página web,Bebidas calientes,Chocolate caliente,1,33.38,33.38,para llevar,False,,,,,,2026-04-02,18:20:00,entregado,pago en línea,pagado,243.14,38.9,282.04,43.0,5.0,VIP,True
3042,2222,144,Raúl Ortiz,raúl.ortiz144@correo.com,2026-07-23,Página web,Repostería,Brownie,2,42.51,85.02,en el lugar,False,20.0,Barra,grupal,,,2026-08-10,18:15:00,en preparación,pago en línea,pagado,300.4,48.06,348.46,,,Frecuente,True
3043,2222,144,Raúl Ortiz,raúl.ortiz144@correo.com,2026-07-23,Página web,Café frío,Café helado,3,49.76,149.28,en el lugar,False,20.0,Barra,grupal,,,2026-08-10,18:15:00,en preparación,pago en línea,pagado,300.4,48.06,348.46,,,Frecuente,True
3044,2222,144,Raúl Ortiz,raúl.ortiz144@correo.com,2026-07-23,Página web,Café caliente,Café de olla,2,33.05,66.1,en el lugar,False,20.0,Barra,grupal,,,2026-08-10,18:15:00,en preparación,pago en línea,pagado,300.4,48.06,348.46,,,Frecuente,True
3045,2223,34,Pablo López,pablo.lópez34@correo.com,2025-05-12,Presencial (mesero),Repostería,Dona glaseada,1,54.11,54.11,para llevar,False,,,,,,2026-01-08,16:05:00,cancelado,transferencia,reembolsado,351.65,56.26,407.91,,,Frecuente,False
3046,2223,34,Pablo López,pablo.lópez34@correo.com,2025-05-12,Presencial (mesero),Café frío,Frappé de café,3,61.3,183.9,para llevar,False,,,,,,2026-01-08,16:05:00,cancelado,transferencia,reembolsado,351.65,56.26,407.91,,,Frecuente,False
3047,2223,34,Pablo López,pablo.lópez34@correo.com,2025-05-12,Presencial (mesero),Café caliente,Latte,1,46.7,46.7,para llevar,False,,,,,,2026-01-08,16:05:00,cancelado,transferencia,reembolsado,351.65,56.26,407.91,,,Frecuente,False
3048,2223,34,Pablo López,pablo.lópez34@correo.com,2025-05-12,Presencial (mesero),Bebidas calientes,Infusión de manzanilla,2,33.47,66.94,para llevar,False,,,,,,2026-01-08,16:05:00,cancelado,transferencia,reembolsado,351.65,56.26,407.91,,,Frecuente,False
3049,2224,174,Michelle Torres,michelle.torres174@correo.com,2026-08-14,Página web,Café caliente,Café de olla,3,38.56,115.68,en el lugar,False,16.0,Salón principal,pareja,,,2026-08-17,15:25:00,entregado,pago en línea,pagado,188.1,30.1,218.2,28.0,3.0,Frecuente,True
3050,2224,174,Michelle Torres,michelle.torres174@correo.com,2026-08-14,Página web,Café caliente,Espresso,2,36.21,72.42,en el lugar,False,16.0,Salón principal,pareja,,,2026-08-17,15:25:00,entregado,pago en línea,pagado,188.1,30.1,218.2,28.0,3.0,Frecuente,True
3051,2225,49,Pablo Hernández,pablo.hernández49@correo.com,2025-04-06,Presencial (mesero),Café caliente,Latte,1,53.77,53.77,para llevar,False,,,,,,2025-05-20,16:00:00,entregado,efectivo,pagado,474.56,75.93,550.49,20.0,3.0,VIP,False
3052,2225,49,Pablo Hernández,pablo.hernández49@correo.com,2025-04-06,Presencial (mesero),Café frío,Frappé de café,2,61.37,122.74,para llevar,False,,,,,,2025-05-20,16:00:00,entregado,efectivo,pagado,474.56,75.93,550.49,20.0,3.0,VIP,False
3053,2225,49,Pablo Hernández,pablo.hernández49@correo.com,2025-04-06,Presencial (mesero),Bebidas calientes,Chocolate caliente,3,44.77,134.31,para llevar,False,,,,,,2025-05-20,16:00:00,entregado,efectivo,pagado,474.56,75.93,550.49,20.0,3.0,VIP,False
3054,2225,49,Pablo Hernández,pablo.hernández49@correo.com,2025-04-06,Presencial (mesero),Repostería,Pay de queso,3,54.58,163.74,para llevar,False,,,,,,2025-05-20,16:00:00,entregado,efectivo,pagado,474.56,75.93,550.49,20.0,3.0,VIP,False
3055,2226,81,María Reyes,maría.reyes81@correo.com,2025-02-09,Presencial (mostrador),Café caliente,Café de olla,2,39.97,79.94,para llevar,False,,,,,,2025-02-22,08:00:00,entregado,transferencia,pagado,164.24,26.28,190.52,19.0,2.0,Frecuente,False
3056,2226,81,María Reyes,maría.reyes81@correo.com,2025-02-09,Presencial (mostrador),Café caliente,Mocaccino,3,28.1,84.3,para llevar,False,,,,,,2025-02-22,08:00:00,entregado,transferencia,pagado,164.24,26.28,190.52,19.0,2.0,Frecuente,False
3057,2227,152,Emilio Flores,emilio.flores152@correo.com,2025-08-21,Página web,Bebidas calientes,Infusión de manzanilla,2,33.34,66.68,en el lugar,True,18.0,Salón principal,grupal,2026-05-17,completada,2026-05-17,17:15:00,entregado,transferencia,pagado,115.48,18.48,133.96,9.0,4.0,Frecuente,True
3058,2227,152,Emilio Flores,emilio.flores152@correo.com,2025-08-21,Página web,Café caliente,Americano,1,48.8,48.8,en el lugar,True,18.0,Salón principal,grupal,2026-05-17,completada,2026-05-17,17:15:00,entregado,transferencia,pagado,115.48,18.48,133.96,9.0,4.0,Frecuente,True
3059,2228,250,Diego Romero,diego.romero250@correo.com,2025-02-14,Página web,Bebidas frías,Agua mineral,1,35.6,35.6,para llevar,False,,,,,,2026-07-23,19:05:00,entregado,pago en línea,pagado,128.59,20.57,149.16,30.0,5.0,VIP,True
3060,2228,250,Diego Romero,diego.romero250@correo.com,2025-02-14,Página web,Bebidas calientes,Té verde,1,40.38,40.38,para llevar,False,,,,,,2026-07-23,19:05:00,entregado,pago en línea,pagado,128.59,20.57,149.16,30.0,5.0,VIP,True
3061,2228,250,Diego Romero,diego.romero250@correo.com,2025-02-14,Página web,Café caliente,Capuchino,1,52.61,52.61,para llevar,False,,,,,,2026-07-23,19:05:00,entregado,pago en línea,pagado,128.59,20.57,149.16,30.0,5.0,VIP,True
3062,2229,140,Óscar Ramírez,óscar.ramírez140@correo.com,2026-04-21,Página web,Café caliente,Café de olla,3,43.78,131.34,en el lugar,True,20.0,Barra,pareja,2026-07-16,completada,2026-07-17,15:15:00,entregado,pago en línea,pagado,204.0,32.64,236.64,38.0,4.0,Frecuente,True
3063,2229,140,Óscar Ramírez,óscar.ramírez140@correo.com,2026-04-21,Página web,Café caliente,Mocaccino,2,36.33,72.66,en el lugar,True,20.0,Barra,pareja,2026-07-16,completada,2026-07-17,15:15:00,entregado,pago en línea,pagado,204.0,32.64,236.64,38.0,4.0,Frecuente,True
3064,2230,61,Sergio Ramírez,sergio.ramírez61@correo.com,2025-09-29,Presencial (mostrador),Alimentos,Bagel con queso crema,3,66.62,199.86,en el lugar,True,16.0,Barra,pareja,2026-04-25,completada,2026-04-25,18:25:00,entregado,efectivo,pagado,261.33,41.81,303.14,18.0,5.0,Frecuente,False
3065,2230,61,Sergio Ramírez,sergio.ramírez61@correo.com,2025-09-29,Presencial (mostrador),Bebidas frías,Agua mineral,3,20.49,61.47,en el lugar,True,16.0,Barra,pareja,2026-04-25,completada,2026-04-25,18:25:00,entregado,efectivo,pagado,261.33,41.81,303.14,18.0,5.0,Frecuente,False
3066,2231,169,Diego López,diego.lópez169@correo.com,2025-09-30,Página web,Bebidas frías,Limonada,2,28.95,57.9,para llevar,False,,,,,,2026-05-23,13:10:00,entregado,pago en línea,pagado,57.9,9.26,67.16,33.0,5.0,VIP,True
3067,2232,238,María Díaz,maría.díaz238@correo.com,2026-07-12,Página web,Bebidas frías,Jugo de naranja,2,22.12,44.24,en el lugar,False,18.0,Terraza,pareja,,,2026-08-01,09:10:00,entregado,pago en línea,pagado,289.83,46.37,336.2,9.0,5.0,Frecuente,True
3068,2232,238,María Díaz,maría.díaz238@correo.com,2026-07-12,Página web,Repostería,Muffin de arándano,3,46.79,140.37,en el lugar,False,18.0,Terraza,pareja,,,2026-08-01,09:10:00,entregado,pago en línea,pagado,289.83,46.37,336.2,9.0,5.0,Frecuente,True
3069,2232,238,María Díaz,maría.díaz238@correo.com,2026-07-12,Página web,Alimentos,Panini de jamón y queso,2,52.61,105.22,en el lugar,False,18.0,Terraza,pareja,,,2026-08-01,09:10:00,entregado,pago en línea,pagado,289.83,46.37,336.2,9.0,5.0,Frecuente,True
3070,2233,127,Diego Martínez,diego.martínez127@correo.com,2025-02-11,Presencial (mesero),Alimentos,Bagel con queso crema,2,73.58,147.16,en el lugar,True,3.0,Zona de estudio,individual,2025-08-19,completada,2025-08-22,15:25:00,en preparación,tarjeta,pagado,339.28,54.28,393.56,,,Frecuente,False
3071,2233,127,Diego Martínez,diego.martínez127@correo.com,2025-02-11,Presencial (mesero),Café frío,Café helado,1,61.02,61.02,en el lugar,True,3.0,Zona de estudio,individual,2025-08-19,completada,2025-08-22,15:25:00,en preparación,tarjeta,pagado,339.28,54.28,393.56,,,Frecuente,False
3072,2233,127,Diego Martínez,diego.martínez127@correo.com,2025-02-11,Presencial (mesero),Repostería,Concha,3,43.7,131.1,en el lugar,True,3.0,Zona de estudio,individual,2025-08-19,completada,2025-08-22,15:25:00,en preparación,tarjeta,pagado,339.28,54.28,393.56,,,Frecuente,False
3073,2234,248,Estefanía García,estefanía.garcía248@correo.com,2025-03-07,Presencial (mostrador),Café caliente,Mocaccino,2,44.29,88.58,para llevar,False,,,,,,2025-07-01,20:20:00,en preparación,tarjeta,pagado,88.58,14.17,102.75,,,Frecuente,False
3074,2235,227,José Torres,josé.torres227@correo.com,2026-07-04,Página web,Bebidas frías,Limonada,2,20.36,40.72,en el lugar,True,16.0,Zona de estudio,grupal,2026-07-18,pendiente,2026-07-21,16:55:00,entregado,pago en línea,pagado,195.76,31.32,227.08,40.0,5.0,VIP,True
3075,2235,227,José Torres,josé.torres227@correo.com,2026-07-04,Página web,Café caliente,Mocaccino,3,51.68,155.04,en el lugar,True,16.0,Zona de estudio,grupal,2026-07-18,pendiente,2026-07-21,16:55:00,entregado,pago en línea,pagado,195.76,31.32,227.08,40.0,5.0,VIP,True
3076,2236,11,Mariana Vázquez,mariana.vázquez11@correo.com,2025-07-16,Página web,Café frío,Cold brew,2,39.86,79.72,para llevar,False,,,,,,2026-02-01,20:50:00,entregado,tarjeta,pagado,176.0,28.16,204.16,39.0,5.0,Frecuente,True
3077,2236,11,Mariana Vázquez,mariana.vázquez11@correo.com,2025-07-16,Página web,Café frío,Frappuccino de caramelo,1,53.14,53.14,para llevar,False,,,,,,2026-02-01,20:50:00,entregado,tarjeta,pagado,176.0,28.16,204.16,39.0,5.0,Frecuente,True
3078,2236,11,Mariana Vázquez,mariana.vázquez11@correo.com,2025-07-16,Página web,Café caliente,Mocaccino,1,43.14,43.14,para llevar,False,,,,,,2026-02-01,20:50:00,entregado,tarjeta,pagado,176.0,28.16,204.16,39.0,5.0,Frecuente,True
3079,2237,13,María Reyes,maría.reyes13@correo.com,2025-10-12,Presencial (mesero),Repostería,Croissant,2,41.44,82.88,en el lugar,False,14.0,Salón principal,pareja,,,2026-01-20,07:10:00,listo,transferencia,pagado,365.86,58.54,424.4,31.0,,Frecuente,False
3080,2237,13,María Reyes,maría.reyes13@correo.com,2025-10-12,Presencial (mesero),Bebidas calientes,Té verde,2,44.88,89.76,en el lugar,False,14.0,Salón principal,pareja,,,2026-01-20,07:10:00,listo,transferencia,pagado,365.86,58.54,424.4,31.0,,Frecuente,False
3081,2237,13,María Reyes,maría.reyes13@correo.com,2025-10-12,Presencial (mesero),Bebidas calientes,Té verde,2,34.9,69.8,en el lugar,False,14.0,Salón principal,pareja,,,2026-01-20,07:10:00,listo,transferencia,pagado,365.86,58.54,424.4,31.0,,Frecuente,False
3082,2237,13,María Reyes,maría.reyes13@correo.com,2025-10-12,Presencial (mesero),Bebidas calientes,Té chai,3,41.14,123.42,en el lugar,False,14.0,Salón principal,pareja,,,2026-01-20,07:10:00,listo,transferencia,pagado,365.86,58.54,424.4,31.0,,Frecuente,False
3083,2238,1,Fernanda Hernández,fernanda.hernández1@correo.com,2025-10-09,Página web,Café frío,Café helado,3,44.91,134.73,en el lugar,False,16.0,Salón principal,pareja,,,2026-05-05,17:35:00,entregado,pago en línea,pagado,361.11,57.78,418.89,25.0,4.0,Recurrente,True
3084,2238,1,Fernanda Hernández,fernanda.hernández1@correo.com,2025-10-09,Página web,Café caliente,Capuchino,1,38.28,38.28,en el lugar,False,16.0,Salón principal,pareja,,,2026-05-05,17:35:00,entregado,pago en línea,pagado,361.11,57.78,418.89,25.0,4.0,Recurrente,True
3085,2238,1,Fernanda Hernández,fernanda.hernández1@correo.com,2025-10-09,Página web,Alimentos,Panini de jamón y queso,3,62.7,188.1,en el lugar,False,16.0,Salón principal,pareja,,,2026-05-05,17:35:00,entregado,pago en línea,pagado,361.11,57.78,418.89,25.0,4.0,Recurrente,True
3086,2239,145,Regina Cruz,regina.cruz145@correo.com,2025-01-18,Página web,Café frío,Frappuccino de caramelo,2,64.36,128.72,en el lugar,False,12.0,Barra,grupal,,,2026-06-20,10:20:00,entregado,pago en línea,pagado,536.89,85.9,622.79,18.0,5.0,Frecuente,True
3087,2239,145,Regina Cruz,regina.cruz145@correo.com,2025-01-18,Página web,Repostería,Brownie,1,35.96,35.96,en el lugar,False,12.0,Barra,grupal,,,2026-06-20,10:20:00,entregado,pago en línea,pagado,536.89,85.9,622.79,18.0,5.0,Frecuente,True
3088,2239,145,Regina Cruz,regina.cruz145@correo.com,2025-01-18,Página web,Café frío,Frappé de café,3,60.82,182.46,en el lugar,False,12.0,Barra,grupal,,,2026-06-20,10:20:00,entregado,pago en línea,pagado,536.89,85.9,622.79,18.0,5.0,Frecuente,True
3089,2239,145,Regina Cruz,regina.cruz145@correo.com,2025-01-18,Página web,Alimentos,Panini de jamón y queso,3,63.25,189.75,en el lugar,False,12.0,Barra,grupal,,,2026-06-20,10:20:00,entregado,pago en línea,pagado,536.89,85.9,622.79,18.0,5.0,Frecuente,True
3090,2240,176,Daniela Vázquez,daniela.vázquez176@correo.com,2026-03-23,Página web,Bebidas frías,Té helado,1,27.12,27.12,en el lugar,False,10.0,Salón principal,grupal,,,2026-07-05,19:45:00,entregado,pago en línea,pagado,176.11,28.18,204.29,33.0,4.0,Frecuente,True
3091,2240,176,Daniela Vázquez,daniela.vázquez176@correo.com,2026-03-23,Página web,Bebidas calientes,Té verde,3,31.38,94.14,en el lugar,False,10.0,Salón principal,grupal,,,2026-07-05,19:45:00,entregado,pago en línea,pagado,176.11,28.18,204.29,33.0,4.0,Frecuente,True
3092,2240,176,Daniela Vázquez,daniela.vázquez176@correo.com,2026-03-23,Página web,Café caliente,Capuchino,1,54.85,54.85,en el lugar,False,10.0,Salón principal,grupal,,,2026-07-05,19:45:00,entregado,pago en línea,pagado,176.11,28.18,204.29,33.0,4.0,Frecuente,True
3093,2241,135,Julián Castillo,julián.castillo135@correo.com,2026-03-15,Presencial (mostrador),Bebidas frías,Té helado,2,33.94,67.88,para llevar,False,,,,,,2026-07-11,09:55:00,entregado,efectivo,pagado,158.61,25.38,183.99,45.0,3.0,VIP,False
3094,2241,135,Julián Castillo,julián.castillo135@correo.com,2026-03-15,Presencial (mostrador),Alimentos,Bagel con queso crema,1,90.73,90.73,para llevar,False,,,,,,2026-07-11,09:55:00,entregado,efectivo,pagado,158.61,25.38,183.99,45.0,3.0,VIP,False
3095,2242,4,Diego Jiménez,diego.jiménez4@correo.com,2025-01-28,Presencial (mesero),Café frío,Frappé de café,1,36.9,36.9,para llevar,False,,,,,,2025-12-16,11:50:00,entregado,transferencia,pagado,36.9,5.9,42.8,30.0,5.0,VIP,False
3096,2243,229,Diego Ortiz,diego.ortiz229@correo.com,2025-01-26,Presencial (mesero),Repostería,Croissant,1,37.02,37.02,en el lugar,False,10.0,Zona de estudio,individual,,,2025-05-18,12:00:00,entregado,transferencia,pagado,37.02,5.92,42.94,37.0,5.0,Frecuente,False
3097,2244,31,Regina Hernández,regina.hernández31@correo.com,2025-04-25,Presencial (mostrador),Café caliente,Americano,2,34.45,68.9,en el lugar,False,16.0,Zona de estudio,individual,,,2026-02-24,11:50:00,entregado,transferencia,pagado,68.9,11.02,79.92,25.0,4.0,Frecuente,False
3098,2245,144,Raúl Ortiz,raúl.ortiz144@correo.com,2026-07-23,Página web,Café caliente,Mocaccino,2,29.38,58.76,en el lugar,False,5.0,Barra,grupal,,,2026-08-19,09:30:00,entregado,pago en línea,pagado,182.5,29.2,211.7,35.0,4.0,Frecuente,True
3099,2245,144,Raúl Ortiz,raúl.ortiz144@correo.com,2026-07-23,Página web,Repostería,Pay de queso,1,32.82,32.82,en el lugar,False,5.0,Barra,grupal,,,2026-08-19,09:30:00,entregado,pago en línea,pagado,182.5,29.2,211.7,35.0,4.0,Frecuente,True
3100,2245,144,Raúl Ortiz,raúl.ortiz144@correo.com,2026-07-23,Página web,Café frío,Café helado,2,45.46,90.92,en el lugar,False,5.0,Barra,grupal,,,2026-08-19,09:30:00,entregado,pago en línea,pagado,182.5,29.2,211.7,35.0,4.0,Frecuente,True
3101,2246,239,Renata Sánchez,renata.sánchez239@correo.com,2025-05-06,Presencial (mesero),Repostería,Muffin de arándano,3,51.45,154.35,en el lugar,False,11.0,Terraza,individual,,,2025-05-26,19:45:00,entregado,tarjeta,pagado,347.71,55.63,403.34,23.0,4.0,VIP,False
3102,2246,239,Renata Sánchez,renata.sánchez239@correo.com,2025-05-06,Presencial (mesero),Café frío,Frappuccino de caramelo,1,55.96,55.96,en el lugar,False,11.0,Terraza,individual,,,2025-05-26,19:45:00,entregado,tarjeta,pagado,347.71,55.63,403.34,23.0,4.0,VIP,False
3103,2246,239,Renata Sánchez,renata.sánchez239@correo.com,2025-05-06,Presencial (mesero),Alimentos,Bagel con queso crema,2,68.7,137.4,en el lugar,False,11.0,Terraza,individual,,,2025-05-26,19:45:00,entregado,tarjeta,pagado,347.71,55.63,403.34,23.0,4.0,VIP,False
3104,2247,237,Valeria Cruz,valeria.cruz237@correo.com,2026-04-01,Página web,Repostería,Concha,1,31.08,31.08,en el lugar,False,11.0,Barra,pareja,,,2026-07-23,11:30:00,cancelado,pago en línea,pendiente,366.63,58.66,425.29,,,Frecuente,True
3105,2247,237,Valeria Cruz,valeria.cruz237@correo.com,2026-04-01,Página web,Alimentos,Sandwich club,3,70.68,212.04,en el lugar,False,11.0,Barra,pareja,,,2026-07-23,11:30:00,cancelado,pago en línea,pendiente,366.63,58.66,425.29,,,Frecuente,True
3106,2247,237,Valeria Cruz,valeria.cruz237@correo.com,2026-04-01,Página web,Bebidas frías,Té helado,3,30.22,90.66,en el lugar,False,11.0,Barra,pareja,,,2026-07-23,11:30:00,cancelado,pago en línea,pendiente,366.63,58.66,425.29,,,Frecuente,True
3107,2247,237,Valeria Cruz,valeria.cruz237@correo.com,2026-04-01,Página web,Bebidas calientes,Infusión de manzanilla,1,32.85,32.85,en el lugar,False,11.0,Barra,pareja,,,2026-07-23,11:30:00,cancelado,pago en línea,pendiente,366.63,58.66,425.29,,,Frecuente,True
3108,2248,34,Pablo López,pablo.lópez34@correo.com,2025-05-12,Página web,Bebidas calientes,Té verde,3,39.42,118.26,en el lugar,True,8.0,Zona de estudio,individual,2025-12-12,completada,2025-12-15,16:15:00,en preparación,pago en línea,pagado,118.26,18.92,137.18,,,Frecuente,True
3109,2249,79,Raúl Hernández,raúl.hernández79@correo.com,2025-07-03,Presencial (mesero),Repostería,Brownie,1,37.05,37.05,en el lugar,True,8.0,Terraza,individual,2026-04-04,completada,2026-04-05,09:10:00,entregado,transferencia,pagado,37.05,5.93,42.98,17.0,4.0,VIP,False
3110,2250,40,José Martínez,josé.martínez40@correo.com,2025-03-02,Presencial (mesero),Bebidas frías,Limonada,1,35.71,35.71,para llevar,False,,,,,,2025-04-29,09:25:00,entregado,efectivo,pagado,120.49,19.28,139.77,31.0,5.0,Frecuente,False
3111,2250,40,José Martínez,josé.martínez40@correo.com,2025-03-02,Presencial (mesero),Café frío,Frappé de café,2,42.39,84.78,para llevar,False,,,,,,2025-04-29,09:25:00,entregado,efectivo,pagado,120.49,19.28,139.77,31.0,5.0,Frecuente,False
3112,2251,77,María Díaz,maría.díaz77@correo.com,2026-07-28,Página web,Bebidas frías,Limonada,1,32.94,32.94,en el lugar,True,11.0,Zona de estudio,grupal,2026-08-11,completada,2026-08-11,13:35:00,entregado,pago en línea,pagado,32.94,5.27,38.21,31.0,5.0,VIP,True
3113,2252,184,Renata Castillo,renata.castillo184@correo.com,2025-05-15,Presencial (mesero),Repostería,Concha,3,39.28,117.84,en el lugar,False,19.0,Barra,pareja,,,2025-09-07,19:05:00,entregado,transferencia,pagado,117.84,18.85,136.69,37.0,4.0,VIP,False
3114,2253,47,Óscar López,óscar.lópez47@correo.com,2026-03-09,Presencial (mesero),Bebidas calientes,Té chai,3,39.87,119.61,en el lugar,False,15.0,Salón principal,individual,,,2026-08-10,09:30:00,entregado,tarjeta,pagado,149.18,23.87,173.05,45.0,5.0,VIP,False
3115,2253,47,Óscar López,óscar.lópez47@correo.com,2026-03-09,Presencial (mesero),Bebidas calientes,Infusión de manzanilla,1,29.57,29.57,en el lugar,False,15.0,Salón principal,individual,,,2026-08-10,09:30:00,entregado,tarjeta,pagado,149.18,23.87,173.05,45.0,5.0,VIP,False
3116,2254,120,Andrea Reyes,andrea.reyes120@correo.com,2025-06-19,Página web,Alimentos,Panini de jamón y queso,3,50.7,152.1,para llevar,False,,,,,,2026-03-27,10:30:00,entregado,pago en línea,pagado,523.38,83.74,607.12,20.0,5.0,Frecuente,True
3117,2254,120,Andrea Reyes,andrea.reyes120@correo.com,2025-06-19,Página web,Café caliente,Capuchino,3,31.7,95.1,para llevar,False,,,,,,2026-03-27,10:30:00,entregado,pago en línea,pagado,523.38,83.74,607.12,20.0,5.0,Frecuente,True
3118,2254,120,Andrea Reyes,andrea.reyes120@correo.com,2025-06-19,Página web,Bebidas frías,Refresco de cola,3,29.75,89.25,para llevar,False,,,,,,2026-03-27,10:30:00,entregado,pago en línea,pagado,523.38,83.74,607.12,20.0,5.0,Frecuente,True
3119,2254,120,Andrea Reyes,andrea.reyes120@correo.com,2025-06-19,Página web,Alimentos,Ensalada César,3,62.31,186.93,para llevar,False,,,,,,2026-03-27,10:30:00,entregado,pago en línea,pagado,523.38,83.74,607.12,20.0,5.0,Frecuente,True
3120,2255,156,Iván Ortiz,iván.ortiz156@correo.com,2026-05-06,Página web,Bebidas frías,Refresco de cola,2,31.1,62.2,para llevar,False,,,,,,2026-05-13,11:20:00,cancelado,pago en línea,reembolsado,206.53,33.04,239.57,,,VIP,True
3121,2255,156,Iván Ortiz,iván.ortiz156@correo.com,2026-05-06,Página web,Café caliente,Americano,3,48.11,144.33,para llevar,False,,,,,,2026-05-13,11:20:00,cancelado,pago en línea,reembolsado,206.53,33.04,239.57,,,VIP,True
3122,2256,68,Alejandro García,alejandro.garcía68@correo.com,2025-04-20,Presencial (mostrador),Repostería,Pay de queso,1,48.97,48.97,en el lugar,True,13.0,Terraza,individual,2025-10-14,completada,2025-10-14,07:10:00,entregado,transferencia,pagado,228.61,36.58,265.19,17.0,4.0,Frecuente,False
3123,2256,68,Alejandro García,alejandro.garcía68@correo.com,2025-04-20,Presencial (mostrador),Alimentos,Ensalada César,3,59.88,179.64,en el lugar,True,13.0,Terraza,individual,2025-10-14,completada,2025-10-14,07:10:00,entregado,transferencia,pagado,228.61,36.58,265.19,17.0,4.0,Frecuente,False
3124,2257,5,Pablo Morales,pablo.morales5@correo.com,2025-08-14,Presencial (mostrador),Alimentos,Bagel con queso crema,2,48.58,97.16,para llevar,False,,,,,,2025-12-14,19:30:00,entregado,efectivo,pagado,164.22,26.28,190.5,42.0,5.0,Frecuente,False
3125,2257,5,Pablo Morales,pablo.morales5@correo.com,2025-08-14,Presencial (mostrador),Repostería,Concha,2,33.53,67.06,para llevar,False,,,,,,2025-12-14,19:30:00,entregado,efectivo,pagado,164.22,26.28,190.5,42.0,5.0,Frecuente,False
3126,2258,194,Óscar Castillo,óscar.castillo194@correo.com,2026-05-11,Página web,Café frío,Frappé de café,1,58.13,58.13,para llevar,False,,,,,,2026-06-19,09:10:00,entregado,pago en línea,pagado,174.23,27.88,202.11,15.0,5.0,Frecuente,True
3127,2258,194,Óscar Castillo,óscar.castillo194@correo.com,2026-05-11,Página web,Bebidas calientes,Chocolate caliente,3,38.7,116.1,para llevar,False,,,,,,2026-06-19,09:10:00,entregado,pago en línea,pagado,174.23,27.88,202.11,15.0,5.0,Frecuente,True
3128,2259,60,Estefanía Gómez,estefanía.gómez60@correo.com,2025-09-25,Página web,Bebidas calientes,Infusión de manzanilla,3,44.81,134.43,para llevar,False,,,,,,2026-08-17,13:15:00,entregado,pago en línea,pagado,134.43,21.51,155.94,8.0,5.0,Frecuente,True
3129,2260,110,Renata Jiménez,renata.jiménez110@correo.com,2026-05-12,Página web,Café caliente,Espresso,1,37.55,37.55,para llevar,False,,,,,,2026-07-10,18:40:00,entregado,pago en línea,pagado,37.55,6.01,43.56,14.0,5.0,Frecuente,True
3130,2261,105,Lucía De la Cruz,lucía.delacruz105@correo.com,2026-07-25,Presencial (mesero),Café caliente,Mocaccino,2,46.12,92.24,para llevar,False,,,,,,2026-08-18,07:35:00,entregado,tarjeta,pagado,149.51,23.92,173.43,45.0,3.0,Frecuente,False
3131,2261,105,Lucía De la Cruz,lucía.delacruz105@correo.com,2026-07-25,Presencial (mesero),Bebidas frías,Agua mineral,1,22.08,22.08,para llevar,False,,,,,,2026-08-18,07:35:00,entregado,tarjeta,pagado,149.51,23.92,173.43,45.0,3.0,Frecuente,False
3132,2261,105,Lucía De la Cruz,lucía.delacruz105@correo.com,2026-07-25,Presencial (mesero),Café frío,Frappuccino de caramelo,1,35.19,35.19,para llevar,False,,,,,,2026-08-18,07:35:00,entregado,tarjeta,pagado,149.51,23.92,173.43,45.0,3.0,Frecuente,False
3133,2262,125,Raúl Torres,raúl.torres125@correo.com,2025-03-25,Presencial (mesero),Bebidas frías,Refresco de cola,2,22.84,45.68,para llevar,False,,,,,,2025-06-15,16:20:00,entregado,tarjeta,pagado,415.31,66.45,481.76,40.0,3.0,Frecuente,False
3134,2262,125,Raúl Torres,raúl.torres125@correo.com,2025-03-25,Presencial (mesero),Alimentos,Ensalada César,2,61.92,123.84,para llevar,False,,,,,,2025-06-15,16:20:00,entregado,tarjeta,pagado,415.31,66.45,481.76,40.0,3.0,Frecuente,False
3135,2262,125,Raúl Torres,raúl.torres125@correo.com,2025-03-25,Presencial (mesero),Café caliente,Café de olla,3,33.02,99.06,para llevar,False,,,,,,2025-06-15,16:20:00,entregado,tarjeta,pagado,415.31,66.45,481.76,40.0,3.0,Frecuente,False
3136,2262,125,Raúl Torres,raúl.torres125@correo.com,2025-03-25,Presencial (mesero),Alimentos,Panini de jamón y queso,3,48.91,146.73,para llevar,False,,,,,,2025-06-15,16:20:00,entregado,tarjeta,pagado,415.31,66.45,481.76,40.0,3.0,Frecuente,False
3137,2263,51,Sofía De la Cruz,sofía.delacruz51@correo.com,2025-06-18,Presencial (mesero),Bebidas calientes,Infusión de manzanilla,1,40.3,40.3,para llevar,False,,,,,,2026-03-01,13:10:00,entregado,efectivo,pagado,184.7,29.55,214.25,21.0,5.0,Frecuente,False
3138,2263,51,Sofía De la Cruz,sofía.delacruz51@correo.com,2025-06-18,Presencial (mesero),Alimentos,Panini de jamón y queso,2,72.2,144.4,para llevar,False,,,,,,2026-03-01,13:10:00,entregado,efectivo,pagado,184.7,29.55,214.25,21.0,5.0,Frecuente,False
3139,2264,37,Sofía Díaz,sofía.díaz37@correo.com,2026-03-25,Página web,Bebidas calientes,Infusión de manzanilla,1,44.23,44.23,en el lugar,True,10.0,Terraza,individual,2026-07-19,completada,2026-07-20,08:15:00,entregado,pago en línea,pagado,271.62,43.46,315.08,15.0,5.0,Frecuente,True
3140,2264,37,Sofía Díaz,sofía.díaz37@correo.com,2026-03-25,Página web,Repostería,Muffin de arándano,3,52.56,157.68,en el lugar,True,10.0,Terraza,individual,2026-07-19,completada,2026-07-20,08:15:00,entregado,pago en línea,pagado,271.62,43.46,315.08,15.0,5.0,Frecuente,True
3141,2264,37,Sofía Díaz,sofía.díaz37@correo.com,2026-03-25,Página web,Alimentos,Bagel con queso crema,1,69.71,69.71,en el lugar,True,10.0,Terraza,individual,2026-07-19,completada,2026-07-20,08:15:00,entregado,pago en línea,pagado,271.62,43.46,315.08,15.0,5.0,Frecuente,True
3142,2265,112,Pablo Martínez,pablo.martínez112@correo.com,2025-05-22,Presencial (mostrador),Repostería,Croissant,1,35.34,35.34,para llevar,False,,,,,,2025-06-27,19:35:00,entregado,transferencia,pagado,35.34,5.65,40.99,33.0,5.0,Frecuente,False
3143,2266,18,Yuleni Gómez,yuleni.gómez18@correo.com,2026-02-15,Página web,Café frío,Frappuccino de caramelo,1,51.54,51.54,en el lugar,True,1.0,Zona de estudio,pareja,2026-06-29,completada,2026-07-01,18:30:00,cancelado,pago en línea,reembolsado,51.54,8.25,59.79,,,VIP,True
3144,2267,67,Gabriela Flores,gabriela.flores67@correo.com,2025-04-17,Presencial (mostrador),Alimentos,Bagel con queso crema,1,79.5,79.5,para llevar,False,,,,,,2025-04-18,07:20:00,entregado,transferencia,pagado,210.21,33.63,243.84,15.0,2.0,Frecuente,False
3145,2267,67,Gabriela Flores,gabriela.flores67@correo.com,2025-04-17,Presencial (mostrador),Café caliente,Capuchino,3,43.57,130.71,para llevar,False,,,,,,2025-04-18,07:20:00,entregado,transferencia,pagado,210.21,33.63,243.84,15.0,2.0,Frecuente,False
3146,2268,82,Diego Sánchez,diego.sánchez82@correo.com,2026-04-17,Página web,Café caliente,Capuchino,3,29.35,88.05,para llevar,False,,,,,,2026-07-10,17:10:00,entregado,pago en línea,pagado,88.05,14.09,102.14,17.0,2.0,VIP,True
3147,2269,79,Raúl Hernández,raúl.hernández79@correo.com,2025-07-03,Página web,Bebidas frías,Limonada,3,20.41,61.23,para llevar,False,,,,,,2026-04-25,08:05:00,entregado,pago en línea,pagado,61.23,9.8,71.03,45.0,5.0,VIP,True
3148,2270,21,Gabriela Castillo,gabriela.castillo21@correo.com,2025-09-27,Presencial (mesero),Bebidas frías,Refresco de cola,1,37.89,37.89,para llevar,False,,,,,,2026-04-20,17:00:00,entregado,transferencia,pagado,119.49,19.12,138.61,25.0,5.0,Frecuente,False
3149,2270,21,Gabriela Castillo,gabriela.castillo21@correo.com,2025-09-27,Presencial (mesero),Bebidas frías,Jugo de naranja,1,28.98,28.98,para llevar,False,,,,,,2026-04-20,17:00:00,entregado,transferencia,pagado,119.49,19.12,138.61,25.0,5.0,Frecuente,False
3150,2270,21,Gabriela Castillo,gabriela.castillo21@correo.com,2025-09-27,Presencial (mesero),Bebidas frías,Té helado,2,26.31,52.62,para llevar,False,,,,,,2026-04-20,17:00:00,entregado,transferencia,pagado,119.49,19.12,138.61,25.0,5.0,Frecuente,False
3151,2271,134,Camila Romero,camila.romero134@correo.com,2025-05-04,Presencial (mesero),Alimentos,Bagel con queso crema,2,49.74,99.48,en el lugar,True,4.0,Terraza,individual,2026-02-04,completada,2026-02-07,20:30:00,entregado,transferencia,pagado,401.24,64.2,465.44,34.0,3.0,Frecuente,False
3152,2271,134,Camila Romero,camila.romero134@correo.com,2025-05-04,Presencial (mesero),Alimentos,Bagel con queso crema,2,86.45,172.9,en el lugar,True,4.0,Terraza,individual,2026-02-04,completada,2026-02-07,20:30:00,entregado,transferencia,pagado,401.24,64.2,465.44,34.0,3.0,Frecuente,False
3153,2271,134,Camila Romero,camila.romero134@correo.com,2025-05-04,Presencial (mesero),Café frío,Frappuccino de caramelo,2,64.43,128.86,en el lugar,True,4.0,Terraza,individual,2026-02-04,completada,2026-02-07,20:30:00,entregado,transferencia,pagado,401.24,64.2,465.44,34.0,3.0,Frecuente,False
3154,2272,236,Raúl Torres,raúl.torres236@correo.com,2025-02-03,Presencial (mostrador),Café caliente,Café de olla,1,50.66,50.66,para llevar,False,,,,,,2025-05-19,13:45:00,entregado,transferencia,pagado,50.66,8.11,58.77,45.0,4.0,VIP,False
3155,2273,131,Fernanda Pérez,fernanda.pérez131@correo.com,2025-11-15,Presencial (mesero),Alimentos,Sandwich club,2,66.3,132.6,para llevar,False,,,,,,2025-12-12,13:40:00,entregado,efectivo,pagado,132.6,21.22,153.82,18.0,5.0,Frecuente,False
3156,2274,201,Paola Morales,paola.morales201@correo.com,2025-06-08,Presencial (mesero),Café caliente,Capuchino,1,46.61,46.61,en el lugar,True,4.0,Salón principal,individual,2025-08-02,completada,2025-08-05,13:15:00,entregado,tarjeta,pagado,46.61,7.46,54.07,18.0,5.0,Frecuente,False
3157,2275,83,Diego Ramírez,diego.ramírez83@correo.com,2025-01-25,Página web,Café frío,Frappuccino de caramelo,3,60.52,181.56,en el lugar,False,11.0,Barra,individual,,,2026-01-25,18:20:00,entregado,transferencia,pagado,181.56,29.05,210.61,17.0,5.0,Frecuente,True
3158,2276,7,Valeria Gómez,valeria.gómez7@correo.com,2025-04-15,Presencial (mostrador),Alimentos,Bagel con queso crema,2,90.23,180.46,en el lugar,True,20.0,Salón principal,pareja,2025-06-28,completada,2025-06-28,12:25:00,listo,tarjeta,pagado,474.99,76.0,550.99,24.0,,Frecuente,False
3159,2276,7,Valeria Gómez,valeria.gómez7@correo.com,2025-04-15,Presencial (mostrador),Café caliente,Mocaccino,1,54.77,54.77,en el lugar,True,20.0,Salón principal,pareja,2025-06-28,completada,2025-06-28,12:25:00,listo,tarjeta,pagado,474.99,76.0,550.99,24.0,,Frecuente,False
3160,2276,7,Valeria Gómez,valeria.gómez7@correo.com,2025-04-15,Presencial (mostrador),Bebidas calientes,Chocolate caliente,3,33.12,99.36,en el lugar,True,20.0,Salón principal,pareja,2025-06-28,completada,2025-06-28,12:25:00,listo,tarjeta,pagado,474.99,76.0,550.99,24.0,,Frecuente,False
3161,2276,7,Valeria Gómez,valeria.gómez7@correo.com,2025-04-15,Presencial (mostrador),Café caliente,Espresso,3,46.8,140.4,en el lugar,True,20.0,Salón principal,pareja,2025-06-28,completada,2025-06-28,12:25:00,listo,tarjeta,pagado,474.99,76.0,550.99,24.0,,Frecuente,False
3162,2277,103,Ximena López,ximena.lópez103@correo.com,2025-01-06,Presencial (mesero),Bebidas frías,Limonada,2,20.17,40.34,en el lugar,False,11.0,Salón principal,individual,,,2026-01-07,11:05:00,entregado,efectivo,pagado,40.34,6.45,46.79,41.0,4.0,Frecuente,False
3163,2278,215,María Ramírez,maría.ramírez215@correo.com,2026-01-26,Presencial (mostrador),Café frío,Café helado,3,62.44,187.32,en el lugar,False,14.0,Zona de estudio,pareja,,,2026-07-14,18:25:00,en preparación,transferencia,pagado,419.22,67.08,486.3,,,VIP,False
3164,2278,215,María Ramírez,maría.ramírez215@correo.com,2026-01-26,Presencial (mostrador),Café caliente,Café de olla,1,54.6,54.6,en el lugar,False,14.0,Zona de estudio,pareja,,,2026-07-14,18:25:00,en preparación,transferencia,pagado,419.22,67.08,486.3,,,VIP,False
3165,2278,215,María Ramírez,maría.ramírez215@correo.com,2026-01-26,Presencial (mostrador),Bebidas frías,Jugo de naranja,2,37.32,74.64,en el lugar,False,14.0,Zona de estudio,pareja,,,2026-07-14,18:25:00,en preparación,transferencia,pagado,419.22,67.08,486.3,,,VIP,False
3166,2278,215,María Ramírez,maría.ramírez215@correo.com,2026-01-26,Presencial (mostrador),Bebidas calientes,Té chai,3,34.22,102.66,en el lugar,False,14.0,Zona de estudio,pareja,,,2026-07-14,18:25:00,en preparación,transferencia,pagado,419.22,67.08,486.3,,,VIP,False
3167,2279,243,Diego Gómez,diego.gómez243@correo.com,2025-06-01,Página web,Café frío,Frappuccino de caramelo,2,48.58,97.16,para llevar,False,,,,,,2026-06-25,08:30:00,en preparación,pago en línea,pagado,318.44,50.95,369.39,,,Frecuente,True
3168,2279,243,Diego Gómez,diego.gómez243@correo.com,2025-06-01,Página web,Alimentos,Bagel con queso crema,1,51.05,51.05,para llevar,False,,,,,,2026-06-25,08:30:00,en preparación,pago en línea,pagado,318.44,50.95,369.39,,,Frecuente,True
3169,2279,243,Diego Gómez,diego.gómez243@correo.com,2025-06-01,Página web,Bebidas calientes,Chocolate caliente,3,39.13,117.39,para llevar,False,,,,,,2026-06-25,08:30:00,en preparación,pago en línea,pagado,318.44,50.95,369.39,,,Frecuente,True
3170,2279,243,Diego Gómez,diego.gómez243@correo.com,2025-06-01,Página web,Café caliente,Mocaccino,1,52.84,52.84,para llevar,False,,,,,,2026-06-25,08:30:00,en preparación,pago en línea,pagado,318.44,50.95,369.39,,,Frecuente,True
3171,2280,139,Renata Gómez,renata.gómez139@correo.com,2025-09-09,Presencial (mostrador),Café caliente,Latte,2,46.19,92.38,para llevar,False,,,,,,2026-08-05,09:55:00,entregado,transferencia,pagado,206.4,33.02,239.42,8.0,5.0,Frecuente,False
3172,2280,139,Renata Gómez,renata.gómez139@correo.com,2025-09-09,Presencial (mostrador),Café frío,Cold brew,2,57.01,114.02,para llevar,False,,,,,,2026-08-05,09:55:00,entregado,transferencia,pagado,206.4,33.02,239.42,8.0,5.0,Frecuente,False
3173,2281,209,Estefanía Morales,estefanía.morales209@correo.com,2026-08-03,Página web,Café frío,Frappé de café,2,39.72,79.44,para llevar,False,,,,,,2026-08-06,15:05:00,entregado,pago en línea,pagado,284.88,45.58,330.46,13.0,5.0,Frecuente,True
3174,2281,209,Estefanía Morales,estefanía.morales209@correo.com,2026-08-03,Página web,Repostería,Croissant,2,53.3,106.6,para llevar,False,,,,,,2026-08-06,15:05:00,entregado,pago en línea,pagado,284.88,45.58,330.46,13.0,5.0,Frecuente,True
3175,2281,209,Estefanía Morales,estefanía.morales209@correo.com,2026-08-03,Página web,Repostería,Concha,2,49.42,98.84,para llevar,False,,,,,,2026-08-06,15:05:00,entregado,pago en línea,pagado,284.88,45.58,330.46,13.0,5.0,Frecuente,True
3176,2282,28,José Torres,josé.torres28@correo.com,2026-05-28,Página web,Repostería,Pay de queso,3,37.3,111.9,en el lugar,False,14.0,Zona de estudio,individual,,,2026-06-12,17:55:00,entregado,pago en línea,pagado,111.9,17.9,129.8,12.0,4.0,VIP,True
3177,2283,231,Fernanda López,fernanda.lópez231@correo.com,2025-02-16,Página web,Bebidas calientes,Té chai,1,25.54,25.54,en el lugar,True,11.0,Terraza,grupal,2025-09-01,completada,2025-09-01,14:00:00,listo,pago en línea,pagado,25.54,4.09,29.63,28.0,,Frecuente,True
3178,2284,226,Gabriela Díaz,gabriela.díaz226@correo.com,2025-04-03,Página web,Alimentos,Panini de jamón y queso,3,75.0,225.0,en el lugar,False,6.0,Terraza,grupal,,,2025-10-16,12:45:00,cancelado,pago en línea,reembolsado,535.56,85.69,621.25,,,Frecuente,True
3179,2284,226,Gabriela Díaz,gabriela.díaz226@correo.com,2025-04-03,Página web,Café frío,Café helado,3,42.01,126.03,en el lugar,False,6.0,Terraza,grupal,,,2025-10-16,12:45:00,cancelado,pago en línea,reembolsado,535.56,85.69,621.25,,,Frecuente,True
3180,2284,226,Gabriela Díaz,gabriela.díaz226@correo.com,2025-04-03,Página web,Bebidas frías,Refresco de cola,1,21.87,21.87,en el lugar,False,6.0,Terraza,grupal,,,2025-10-16,12:45:00,cancelado,pago en línea,reembolsado,535.56,85.69,621.25,,,Frecuente,True
3181,2284,226,Gabriela Díaz,gabriela.díaz226@correo.com,2025-04-03,Página web,Repostería,Concha,3,54.22,162.66,en el lugar,False,6.0,Terraza,grupal,,,2025-10-16,12:45:00,cancelado,pago en línea,reembolsado,535.56,85.69,621.25,,,Frecuente,True
3182,2285,105,Lucía De la Cruz,lucía.delacruz105@correo.com,2026-07-25,Presencial (mostrador),Repostería,Pay de queso,3,31.7,95.1,en el lugar,True,9.0,Salón principal,pareja,2026-08-15,completada,2026-08-15,07:45:00,entregado,transferencia,pagado,138.21,22.11,160.32,24.0,2.0,Frecuente,False
3183,2285,105,Lucía De la Cruz,lucía.delacruz105@correo.com,2026-07-25,Presencial (mostrador),Repostería,Dona glaseada,1,43.11,43.11,en el lugar,True,9.0,Salón principal,pareja,2026-08-15,completada,2026-08-15,07:45:00,entregado,transferencia,pagado,138.21,22.11,160.32,24.0,2.0,Frecuente,False
3184,2286,2,María Castillo,maría.castillo2@correo.com,2025-03-31,Página web,Repostería,Croissant,2,34.95,69.9,en el lugar,False,14.0,Zona de estudio,grupal,,,2025-07-15,14:25:00,entregado,pago en línea,pagado,164.75,26.36,191.11,29.0,5.0,Recurrente,True
3185,2286,2,María Castillo,maría.castillo2@correo.com,2025-03-31,Página web,Bebidas calientes,Chocolate caliente,1,32.67,32.67,en el lugar,False,14.0,Zona de estudio,grupal,,,2025-07-15,14:25:00,entregado,pago en línea,pagado,164.75,26.36,191.11,29.0,5.0,Recurrente,True
3186,2286,2,María Castillo,maría.castillo2@correo.com,2025-03-31,Página web,Bebidas frías,Limonada,2,31.09,62.18,en el lugar,False,14.0,Zona de estudio,grupal,,,2025-07-15,14:25:00,entregado,pago en línea,pagado,164.75,26.36,191.11,29.0,5.0,Recurrente,True
3187,2287,40,José Martínez,josé.martínez40@correo.com,2025-03-02,Presencial (mostrador),Café frío,Frappuccino de caramelo,3,59.2,177.6,en el lugar,False,17.0,Zona de estudio,grupal,,,2025-03-24,16:25:00,entregado,tarjeta,pagado,177.6,28.42,206.02,35.0,3.0,Frecuente,False
3188,2288,129,Ximena López,ximena.lópez129@correo.com,2026-04-30,Página web,Repostería,Pay de queso,3,29.36,88.08,para llevar,False,,,,,,2026-06-05,12:15:00,en preparación,pago en línea,pagado,88.08,14.09,102.17,,,Frecuente,True
3189,2289,250,Diego Romero,diego.romero250@correo.com,2025-02-14,Página web,Repostería,Dona glaseada,3,50.54,151.62,en el lugar,False,9.0,Salón principal,grupal,,,2026-08-03,10:00:00,entregado,pago en línea,pagado,352.41,56.39,408.8,37.0,4.0,VIP,True
3190,2289,250,Diego Romero,diego.romero250@correo.com,2025-02-14,Página web,Bebidas calientes,Infusión de manzanilla,3,38.34,115.02,en el lugar,False,9.0,Salón principal,grupal,,,2026-08-03,10:00:00,entregado,pago en línea,pagado,352.41,56.39,408.8,37.0,4.0,VIP,True
3191,2289,250,Diego Romero,diego.romero250@correo.com,2025-02-14,Página web,Bebidas frías,Refresco de cola,3,28.59,85.77,en el lugar,False,9.0,Salón principal,grupal,,,2026-08-03,10:00:00,entregado,pago en línea,pagado,352.41,56.39,408.8,37.0,4.0,VIP,True
3192,2290,225,Ana López,ana.lópez225@correo.com,2025-08-20,Página web,Café caliente,Espresso,2,28.71,57.42,en el lugar,False,1.0,Barra,grupal,,,2025-08-28,13:55:00,entregado,pago en línea,pagado,429.25,68.68,497.93,29.0,5.0,Frecuente,True
3193,2290,225,Ana López,ana.lópez225@correo.com,2025-08-20,Página web,Café frío,Café helado,2,58.88,117.76,en el lugar,False,1.0,Barra,grupal,,,2025-08-28,13:55:00,entregado,pago en línea,pagado,429.25,68.68,497.93,29.0,5.0,Frecuente,True
3194,2290,225,Ana López,ana.lópez225@correo.com,2025-08-20,Página web,Bebidas calientes,Infusión de manzanilla,3,27.05,81.15,en el lugar,False,1.0,Barra,grupal,,,2025-08-28,13:55:00,entregado,pago en línea,pagado,429.25,68.68,497.93,29.0,5.0,Frecuente,True
3195,2290,225,Ana López,ana.lópez225@correo.com,2025-08-20,Página web,Alimentos,Panini de jamón y queso,2,86.46,172.92,en el lugar,False,1.0,Barra,grupal,,,2025-08-28,13:55:00,entregado,pago en línea,pagado,429.25,68.68,497.93,29.0,5.0,Frecuente,True
3196,2291,245,Daniela García,daniela.garcía245@correo.com,2025-01-27,Presencial (mostrador),Café frío,Café helado,2,55.83,111.66,en el lugar,False,13.0,Barra,grupal,,,2025-04-15,15:55:00,entregado,transferencia,pagado,279.87,44.78,324.65,9.0,4.0,Frecuente,False
3197,2291,245,Daniela García,daniela.garcía245@correo.com,2025-01-27,Presencial (mostrador),Repostería,Brownie,3,56.07,168.21,en el lugar,False,13.0,Barra,grupal,,,2025-04-15,15:55:00,entregado,transferencia,pagado,279.87,44.78,324.65,9.0,4.0,Frecuente,False
3198,2292,243,Diego Gómez,diego.gómez243@correo.com,2025-06-01,Presencial (mostrador),Café frío,Frappuccino de caramelo,1,37.16,37.16,en el lugar,True,19.0,Salón principal,pareja,2025-10-19,completada,2025-10-21,12:00:00,entregado,transferencia,pagado,200.21,32.03,232.24,23.0,5.0,Frecuente,False
3199,2292,243,Diego Gómez,diego.gómez243@correo.com,2025-06-01,Presencial (mostrador),Bebidas calientes,Chocolate caliente,1,42.99,42.99,en el lugar,True,19.0,Salón principal,pareja,2025-10-19,completada,2025-10-21,12:00:00,entregado,transferencia,pagado,200.21,32.03,232.24,23.0,5.0,Frecuente,False
3200,2292,243,Diego Gómez,diego.gómez243@correo.com,2025-06-01,Presencial (mostrador),Alimentos,Sandwich club,2,60.03,120.06,en el lugar,True,19.0,Salón principal,pareja,2025-10-19,completada,2025-10-21,12:00:00,entregado,transferencia,pagado,200.21,32.03,232.24,23.0,5.0,Frecuente,False
3201,2293,164,Valeria Torres,valeria.torres164@correo.com,2025-03-25,Presencial (mesero),Bebidas frías,Té helado,1,32.58,32.58,para llevar,False,,,,,,2026-02-19,20:55:00,entregado,tarjeta,pagado,273.53,43.76,317.29,40.0,5.0,Frecuente,False
3202,2293,164,Valeria Torres,valeria.torres164@correo.com,2025-03-25,Presencial (mesero),Café frío,Café helado,3,52.19,156.57,para llevar,False,,,,,,2026-02-19,20:55:00,entregado,tarjeta,pagado,273.53,43.76,317.29,40.0,5.0,Frecuente,False
3203,2293,164,Valeria Torres,valeria.torres164@correo.com,2025-03-25,Presencial (mesero),Bebidas calientes,Infusión de manzanilla,2,42.19,84.38,para llevar,False,,,,,,2026-02-19,20:55:00,entregado,tarjeta,pagado,273.53,43.76,317.29,40.0,5.0,Frecuente,False
3204,2294,75,Gabriela López,gabriela.lópez75@correo.com,2026-03-17,Presencial (mostrador),Bebidas frías,Jugo de naranja,2,27.55,55.1,para llevar,False,,,,,,2026-06-14,10:00:00,listo,efectivo,pagado,288.47,46.16,334.63,37.0,,VIP,False
3205,2294,75,Gabriela López,gabriela.lópez75@correo.com,2026-03-17,Presencial (mostrador),Repostería,Concha,1,58.84,58.84,para llevar,False,,,,,,2026-06-14,10:00:00,listo,efectivo,pagado,288.47,46.16,334.63,37.0,,VIP,False
3206,2294,75,Gabriela López,gabriela.lópez75@correo.com,2026-03-17,Presencial (mostrador),Bebidas frías,Limonada,3,20.03,60.09,para llevar,False,,,,,,2026-06-14,10:00:00,listo,efectivo,pagado,288.47,46.16,334.63,37.0,,VIP,False
3207,2294,75,Gabriela López,gabriela.lópez75@correo.com,2026-03-17,Presencial (mostrador),Repostería,Dona glaseada,2,57.22,114.44,para llevar,False,,,,,,2026-06-14,10:00:00,listo,efectivo,pagado,288.47,46.16,334.63,37.0,,VIP,False
3208,2295,34,Pablo López,pablo.lópez34@correo.com,2025-05-12,Presencial (mesero),Café frío,Frappé de café,3,63.36,190.08,para llevar,False,,,,,,2025-11-07,15:30:00,entregado,tarjeta,pagado,452.4,72.38,524.78,22.0,4.0,Frecuente,False
3209,2295,34,Pablo López,pablo.lópez34@correo.com,2025-05-12,Presencial (mesero),Bebidas calientes,Infusión de manzanilla,2,29.31,58.62,para llevar,False,,,,,,2025-11-07,15:30:00,entregado,tarjeta,pagado,452.4,72.38,524.78,22.0,4.0,Frecuente,False
3210,2295,34,Pablo López,pablo.lópez34@correo.com,2025-05-12,Presencial (mesero),Repostería,Dona glaseada,3,34.84,104.52,para llevar,False,,,,,,2025-11-07,15:30:00,entregado,tarjeta,pagado,452.4,72.38,524.78,22.0,4.0,Frecuente,False
3211,2295,34,Pablo López,pablo.lópez34@correo.com,2025-05-12,Presencial (mesero),Bebidas calientes,Té verde,3,33.06,99.18,para llevar,False,,,,,,2025-11-07,15:30:00,entregado,tarjeta,pagado,452.4,72.38,524.78,22.0,4.0,Frecuente,False
3212,2296,34,Pablo López,pablo.lópez34@correo.com,2025-05-12,Presencial (mesero),Café caliente,Latte,2,47.28,94.56,para llevar,False,,,,,,2025-07-04,15:05:00,entregado,tarjeta,pagado,340.98,54.56,395.54,16.0,4.0,Frecuente,False
3213,2296,34,Pablo López,pablo.lópez34@correo.com,2025-05-12,Presencial (mesero),Bebidas calientes,Té chai,2,33.97,67.94,para llevar,False,,,,,,2025-07-04,15:05:00,entregado,tarjeta,pagado,340.98,54.56,395.54,16.0,4.0,Frecuente,False
3214,2296,34,Pablo López,pablo.lópez34@correo.com,2025-05-12,Presencial (mesero),Café frío,Frappé de café,2,61.58,123.16,para llevar,False,,,,,,2025-07-04,15:05:00,entregado,tarjeta,pagado,340.98,54.56,395.54,16.0,4.0,Frecuente,False
3215,2296,34,Pablo López,pablo.lópez34@correo.com,2025-05-12,Presencial (mesero),Repostería,Muffin de arándano,1,55.32,55.32,para llevar,False,,,,,,2025-07-04,15:05:00,entregado,tarjeta,pagado,340.98,54.56,395.54,16.0,4.0,Frecuente,False
3216,2297,130,Valeria Cruz,valeria.cruz130@correo.com,2025-09-20,Página web,Alimentos,Ensalada César,1,84.18,84.18,para llevar,False,,,,,,2026-04-06,10:30:00,entregado,pago en línea,pagado,304.51,48.72,353.23,37.0,5.0,Frecuente,True
3217,2297,130,Valeria Cruz,valeria.cruz130@correo.com,2025-09-20,Página web,Repostería,Brownie,3,34.54,103.62,para llevar,False,,,,,,2026-04-06,10:30:00,entregado,pago en línea,pagado,304.51,48.72,353.23,37.0,5.0,Frecuente,True
3218,2297,130,Valeria Cruz,valeria.cruz130@correo.com,2025-09-20,Página web,Repostería,Dona glaseada,2,33.38,66.76,para llevar,False,,,,,,2026-04-06,10:30:00,entregado,pago en línea,pagado,304.51,48.72,353.23,37.0,5.0,Frecuente,True
3219,2297,130,Valeria Cruz,valeria.cruz130@correo.com,2025-09-20,Página web,Repostería,Brownie,1,49.95,49.95,para llevar,False,,,,,,2026-04-06,10:30:00,entregado,pago en línea,pagado,304.51,48.72,353.23,37.0,5.0,Frecuente,True
3220,2298,92,Camila Jiménez,camila.jiménez92@correo.com,2025-11-13,Presencial (mesero),Alimentos,Panini de jamón y queso,1,68.36,68.36,en el lugar,True,15.0,Barra,grupal,2026-03-19,completada,2026-03-22,20:00:00,entregado,efectivo,pagado,68.36,10.94,79.3,36.0,5.0,Frecuente,False
3221,2299,234,Lucía Díaz,lucía.díaz234@correo.com,2026-07-08,Página web,Café caliente,Café de olla,3,43.89,131.67,para llevar,False,,,,,,2026-07-30,10:20:00,entregado,pago en línea,pagado,226.43,36.23,262.66,34.0,4.0,Frecuente,True
3222,2299,234,Lucía Díaz,lucía.díaz234@correo.com,2026-07-08,Página web,Café caliente,Mocaccino,2,47.38,94.76,para llevar,False,,,,,,2026-07-30,10:20:00,entregado,pago en línea,pagado,226.43,36.23,262.66,34.0,4.0,Frecuente,True
3223,2300,192,Raúl Gómez,raúl.gómez192@correo.com,2026-06-04,Presencial (mostrador),Repostería,Croissant,1,43.39,43.39,para llevar,False,,,,,,2026-07-21,13:25:00,listo,transferencia,pagado,202.3,32.37,234.67,16.0,,Frecuente,False
3224,2300,192,Raúl Gómez,raúl.gómez192@correo.com,2026-06-04,Presencial (mostrador),Repostería,Dona glaseada,1,48.0,48.0,para llevar,False,,,,,,2026-07-21,13:25:00,listo,transferencia,pagado,202.3,32.37,234.67,16.0,,Frecuente,False
3225,2300,192,Raúl Gómez,raúl.gómez192@correo.com,2026-06-04,Presencial (mostrador),Repostería,Croissant,3,36.97,110.91,para llevar,False,,,,,,2026-07-21,13:25:00,listo,transferencia,pagado,202.3,32.37,234.67,16.0,,Frecuente,False
3226,2301,173,Karla Gómez,karla.gómez173@correo.com,2025-09-14,Presencial (mostrador),Café caliente,Espresso,2,47.86,95.72,en el lugar,False,1.0,Terraza,pareja,,,2026-04-12,13:00:00,entregado,transferencia,pagado,95.72,15.32,111.04,31.0,4.0,Frecuente,False
3227,2302,229,Diego Ortiz,diego.ortiz229@correo.com,2025-01-26,Presencial (mostrador),Bebidas frías,Limonada,2,34.98,69.96,en el lugar,False,19.0,Barra,pareja,,,2026-04-02,08:05:00,cancelado,efectivo,pendiente,295.56,47.29,342.85,,,Frecuente,False
3228,2302,229,Diego Ortiz,diego.ortiz229@correo.com,2025-01-26,Presencial (mostrador),Alimentos,Ensalada César,2,65.09,130.18,en el lugar,False,19.0,Barra,pareja,,,2026-04-02,08:05:00,cancelado,efectivo,pendiente,295.56,47.29,342.85,,,Frecuente,False
3229,2302,229,Diego Ortiz,diego.ortiz229@correo.com,2025-01-26,Presencial (mostrador),Café caliente,Capuchino,2,47.71,95.42,en el lugar,False,19.0,Barra,pareja,,,2026-04-02,08:05:00,cancelado,efectivo,pendiente,295.56,47.29,342.85,,,Frecuente,False
3230,2303,47,Óscar López,óscar.lópez47@correo.com,2026-03-09,Presencial (mostrador),Bebidas calientes,Infusión de manzanilla,1,39.66,39.66,para llevar,False,,,,,,2026-04-01,15:50:00,entregado,efectivo,pagado,436.16,69.79,505.95,31.0,4.0,VIP,False
3231,2303,47,Óscar López,óscar.lópez47@correo.com,2026-03-09,Presencial (mostrador),Alimentos,Panini de jamón y queso,3,78.56,235.68,para llevar,False,,,,,,2026-04-01,15:50:00,entregado,efectivo,pagado,436.16,69.79,505.95,31.0,4.0,VIP,False
3232,2303,47,Óscar López,óscar.lópez47@correo.com,2026-03-09,Presencial (mostrador),Alimentos,Bagel con queso crema,2,80.41,160.82,para llevar,False,,,,,,2026-04-01,15:50:00,entregado,efectivo,pagado,436.16,69.79,505.95,31.0,4.0,VIP,False
3233,2304,27,Andrea García,andrea.garcía27@correo.com,2025-10-28,Página web,Bebidas calientes,Chocolate caliente,3,38.83,116.49,para llevar,False,,,,,,2026-05-22,12:45:00,entregado,pago en línea,pagado,149.36,23.9,173.26,26.0,4.0,Frecuente,True
3234,2304,27,Andrea García,andrea.garcía27@correo.com,2025-10-28,Página web,Café caliente,Mocaccino,1,32.87,32.87,para llevar,False,,,,,,2026-05-22,12:45:00,entregado,pago en línea,pagado,149.36,23.9,173.26,26.0,4.0,Frecuente,True
3235,2305,172,Regina Cruz,regina.cruz172@correo.com,2025-03-24,Presencial (mesero),Café caliente,Americano,1,51.64,51.64,en el lugar,False,14.0,Salón principal,individual,,,2025-04-10,12:20:00,entregado,efectivo,pagado,186.44,29.83,216.27,13.0,4.0,Frecuente,False
3236,2305,172,Regina Cruz,regina.cruz172@correo.com,2025-03-24,Presencial (mesero),Bebidas frías,Refresco de cola,1,27.52,27.52,en el lugar,False,14.0,Salón principal,individual,,,2025-04-10,12:20:00,entregado,efectivo,pagado,186.44,29.83,216.27,13.0,4.0,Frecuente,False
3237,2305,172,Regina Cruz,regina.cruz172@correo.com,2025-03-24,Presencial (mesero),Repostería,Pay de queso,3,35.76,107.28,en el lugar,False,14.0,Salón principal,individual,,,2025-04-10,12:20:00,entregado,efectivo,pagado,186.44,29.83,216.27,13.0,4.0,Frecuente,False
3238,2306,172,Regina Cruz,regina.cruz172@correo.com,2025-03-24,Presencial (mostrador),Café frío,Frappé de café,1,40.64,40.64,para llevar,False,,,,,,2025-12-08,14:55:00,entregado,tarjeta,pagado,169.15,27.06,196.21,38.0,3.0,Frecuente,False
3239,2306,172,Regina Cruz,regina.cruz172@correo.com,2025-03-24,Presencial (mostrador),Bebidas frías,Agua mineral,3,25.64,76.92,para llevar,False,,,,,,2025-12-08,14:55:00,entregado,tarjeta,pagado,169.15,27.06,196.21,38.0,3.0,Frecuente,False
3240,2306,172,Regina Cruz,regina.cruz172@correo.com,2025-03-24,Presencial (mostrador),Café caliente,Mocaccino,1,51.59,51.59,para llevar,False,,,,,,2025-12-08,14:55:00,entregado,tarjeta,pagado,169.15,27.06,196.21,38.0,3.0,Frecuente,False
3241,2307,135,Julián Castillo,julián.castillo135@correo.com,2026-03-15,Presencial (mesero),Repostería,Concha,2,32.13,64.26,en el lugar,False,14.0,Barra,pareja,,,2026-05-11,20:25:00,en preparación,tarjeta,pagado,303.45,48.55,352.0,,,VIP,False
3242,2307,135,Julián Castillo,julián.castillo135@correo.com,2026-03-15,Presencial (mesero),Café frío,Café helado,2,37.29,74.58,en el lugar,False,14.0,Barra,pareja,,,2026-05-11,20:25:00,en preparación,tarjeta,pagado,303.45,48.55,352.0,,,VIP,False
3243,2307,135,Julián Castillo,julián.castillo135@correo.com,2026-03-15,Presencial (mesero),Bebidas calientes,Chocolate caliente,2,25.17,50.34,en el lugar,False,14.0,Barra,pareja,,,2026-05-11,20:25:00,en preparación,tarjeta,pagado,303.45,48.55,352.0,,,VIP,False
3244,2307,135,Julián Castillo,julián.castillo135@correo.com,2026-03-15,Presencial (mesero),Repostería,Brownie,3,38.09,114.27,en el lugar,False,14.0,Barra,pareja,,,2026-05-11,20:25:00,en preparación,tarjeta,pagado,303.45,48.55,352.0,,,VIP,False
3245,2308,58,Ximena Reyes,ximena.reyes58@correo.com,2025-05-03,Página web,Repostería,Brownie,3,53.24,159.72,en el lugar,False,18.0,Zona de estudio,grupal,,,2026-06-24,08:25:00,entregado,pago en línea,pagado,330.6,52.9,383.5,41.0,5.0,Nuevo,True
3246,2308,58,Ximena Reyes,ximena.reyes58@correo.com,2025-05-03,Página web,Café caliente,Café de olla,2,42.11,84.22,en el lugar,False,18.0,Zona de estudio,grupal,,,2026-06-24,08:25:00,entregado,pago en línea,pagado,330.6,52.9,383.5,41.0,5.0,Nuevo,True
3247,2308,58,Ximena Reyes,ximena.reyes58@correo.com,2025-05-03,Página web,Bebidas calientes,Té chai,2,43.33,86.66,en el lugar,False,18.0,Zona de estudio,grupal,,,2026-06-24,08:25:00,entregado,pago en línea,pagado,330.6,52.9,383.5,41.0,5.0,Nuevo,True
3248,2309,122,Michelle Martínez,michelle.martínez122@correo.com,2026-03-15,Página web,Bebidas calientes,Té chai,3,44.86,134.58,en el lugar,True,7.0,Terraza,grupal,2026-04-11,completada,2026-04-12,13:35:00,listo,pago en línea,pagado,134.58,21.53,156.11,12.0,,Frecuente,True
3249,2310,212,José Cruz,josé.cruz212@correo.com,2025-10-22,Página web,Café frío,Frappé de café,3,55.67,167.01,para llevar,False,,,,,,2026-03-03,20:30:00,entregado,pago en línea,pagado,268.44,42.95,311.39,28.0,5.0,VIP,True
3250,2310,212,José Cruz,josé.cruz212@correo.com,2025-10-22,Página web,Repostería,Brownie,1,41.22,41.22,para llevar,False,,,,,,2026-03-03,20:30:00,entregado,pago en línea,pagado,268.44,42.95,311.39,28.0,5.0,VIP,True
3251,2310,212,José Cruz,josé.cruz212@correo.com,2025-10-22,Página web,Café frío,Frappé de café,1,60.21,60.21,para llevar,False,,,,,,2026-03-03,20:30:00,entregado,pago en línea,pagado,268.44,42.95,311.39,28.0,5.0,VIP,True
3252,2311,91,Ana Gómez,ana.gómez91@correo.com,2025-11-18,Página web,Café caliente,Espresso,2,36.66,73.32,en el lugar,True,13.0,Terraza,individual,2026-02-04,completada,2026-02-05,14:15:00,en preparación,pago en línea,pagado,132.5,21.2,153.7,,,Frecuente,True
3253,2311,91,Ana Gómez,ana.gómez91@correo.com,2025-11-18,Página web,Café caliente,Americano,2,29.59,59.18,en el lugar,True,13.0,Terraza,individual,2026-02-04,completada,2026-02-05,14:15:00,en preparación,pago en línea,pagado,132.5,21.2,153.7,,,Frecuente,True
3254,2312,177,Marco Díaz,marco.díaz177@correo.com,2026-02-23,Página web,Café frío,Café helado,3,44.77,134.31,en el lugar,True,2.0,Barra,pareja,2026-02-23,completada,2026-02-25,14:35:00,entregado,pago en línea,pagado,443.4,70.94,514.34,34.0,5.0,Recurrente,True
3255,2312,177,Marco Díaz,marco.díaz177@correo.com,2026-02-23,Página web,Repostería,Concha,3,52.41,157.23,en el lugar,True,2.0,Barra,pareja,2026-02-23,completada,2026-02-25,14:35:00,entregado,pago en línea,pagado,443.4,70.94,514.34,34.0,5.0,Recurrente,True
3256,2312,177,Marco Díaz,marco.díaz177@correo.com,2026-02-23,Página web,Bebidas calientes,Chocolate caliente,2,36.95,73.9,en el lugar,True,2.0,Barra,pareja,2026-02-23,completada,2026-02-25,14:35:00,entregado,pago en línea,pagado,443.4,70.94,514.34,34.0,5.0,Recurrente,True
3257,2312,177,Marco Díaz,marco.díaz177@correo.com,2026-02-23,Página web,Café caliente,Americano,2,38.98,77.96,en el lugar,True,2.0,Barra,pareja,2026-02-23,completada,2026-02-25,14:35:00,entregado,pago en línea,pagado,443.4,70.94,514.34,34.0,5.0,Recurrente,True
3258,2313,100,Emilio López,emilio.lópez100@correo.com,2025-01-26,Presencial (mesero),Bebidas calientes,Infusión de manzanilla,1,38.8,38.8,en el lugar,False,1.0,Barra,individual,,,2025-12-06,17:05:00,en preparación,transferencia,pagado,235.58,37.69,273.27,,,Recurrente,False
3259,2313,100,Emilio López,emilio.lópez100@correo.com,2025-01-26,Presencial (mesero),Café caliente,Espresso,2,29.59,59.18,en el lugar,False,1.0,Barra,individual,,,2025-12-06,17:05:00,en preparación,transferencia,pagado,235.58,37.69,273.27,,,Recurrente,False
3260,2313,100,Emilio López,emilio.lópez100@correo.com,2025-01-26,Presencial (mesero),Bebidas calientes,Chocolate caliente,3,28.2,84.6,en el lugar,False,1.0,Barra,individual,,,2025-12-06,17:05:00,en preparación,transferencia,pagado,235.58,37.69,273.27,,,Recurrente,False
3261,2313,100,Emilio López,emilio.lópez100@correo.com,2025-01-26,Presencial (mesero),Repostería,Croissant,1,53.0,53.0,en el lugar,False,1.0,Barra,individual,,,2025-12-06,17:05:00,en preparación,transferencia,pagado,235.58,37.69,273.27,,,Recurrente,False
3262,2314,99,Andrea Martínez,andrea.martínez99@correo.com,2025-08-29,Presencial (mesero),Bebidas calientes,Infusión de manzanilla,2,28.41,56.82,para llevar,False,,,,,,2026-03-30,20:40:00,entregado,tarjeta,pagado,341.97,54.72,396.69,13.0,3.0,Frecuente,False
3263,2314,99,Andrea Martínez,andrea.martínez99@correo.com,2025-08-29,Presencial (mesero),Alimentos,Panini de jamón y queso,2,92.73,185.46,para llevar,False,,,,,,2026-03-30,20:40:00,entregado,tarjeta,pagado,341.97,54.72,396.69,13.0,3.0,Frecuente,False
3264,2314,99,Andrea Martínez,andrea.martínez99@correo.com,2025-08-29,Presencial (mesero),Café caliente,Café de olla,3,33.23,99.69,para llevar,False,,,,,,2026-03-30,20:40:00,entregado,tarjeta,pagado,341.97,54.72,396.69,13.0,3.0,Frecuente,False
3265,2315,246,José Díaz,josé.díaz246@correo.com,2025-09-01,Presencial (mostrador),Alimentos,Bagel con queso crema,1,83.0,83.0,para llevar,False,,,,,,2025-09-02,07:25:00,listo,transferencia,pagado,264.05,42.25,306.3,37.0,,Frecuente,False
3266,2315,246,José Díaz,josé.díaz246@correo.com,2025-09-01,Presencial (mostrador),Bebidas frías,Refresco de cola,3,20.98,62.94,para llevar,False,,,,,,2025-09-02,07:25:00,listo,transferencia,pagado,264.05,42.25,306.3,37.0,,Frecuente,False
3267,2315,246,José Díaz,josé.díaz246@correo.com,2025-09-01,Presencial (mostrador),Café frío,Cold brew,3,39.37,118.11,para llevar,False,,,,,,2025-09-02,07:25:00,listo,transferencia,pagado,264.05,42.25,306.3,37.0,,Frecuente,False
3268,2316,177,Marco Díaz,marco.díaz177@correo.com,2026-02-23,Página web,Repostería,Dona glaseada,3,59.85,179.55,en el lugar,True,7.0,Barra,individual,2026-05-01,completada,2026-05-02,15:25:00,entregado,pago en línea,pagado,179.55,28.73,208.28,17.0,5.0,Recurrente,True
3269,2317,145,Regina Cruz,regina.cruz145@correo.com,2025-01-18,Presencial (mostrador),Repostería,Concha,2,39.65,79.3,para llevar,False,,,,,,2026-06-30,13:00:00,entregado,efectivo,pagado,191.34,30.61,221.95,33.0,2.0,Frecuente,False
3270,2317,145,Regina Cruz,regina.cruz145@correo.com,2025-01-18,Presencial (mostrador),Repostería,Muffin de arándano,2,56.02,112.04,para llevar,False,,,,,,2026-06-30,13:00:00,entregado,efectivo,pagado,191.34,30.61,221.95,33.0,2.0,Frecuente,False
3271,2318,27,Andrea García,andrea.garcía27@correo.com,2025-10-28,Página web,Alimentos,Panini de jamón y queso,2,93.15,186.3,para llevar,False,,,,,,2026-04-20,07:55:00,entregado,pago en línea,pagado,315.11,50.42,365.53,43.0,5.0,Frecuente,True
3272,2318,27,Andrea García,andrea.garcía27@correo.com,2025-10-28,Página web,Repostería,Croissant,2,26.23,52.46,para llevar,False,,,,,,2026-04-20,07:55:00,entregado,pago en línea,pagado,315.11,50.42,365.53,43.0,5.0,Frecuente,True
3273,2318,27,Andrea García,andrea.garcía27@correo.com,2025-10-28,Página web,Alimentos,Ensalada César,1,76.35,76.35,para llevar,False,,,,,,2026-04-20,07:55:00,entregado,pago en línea,pagado,315.11,50.42,365.53,43.0,5.0,Frecuente,True
3274,2319,164,Valeria Torres,valeria.torres164@correo.com,2025-03-25,Presencial (mesero),Bebidas calientes,Chocolate caliente,3,26.48,79.44,para llevar,False,,,,,,2026-08-10,15:40:00,en preparación,tarjeta,pagado,435.75,69.72,505.47,,,Frecuente,False
3275,2319,164,Valeria Torres,valeria.torres164@correo.com,2025-03-25,Presencial (mesero),Alimentos,Sandwich club,1,65.83,65.83,para llevar,False,,,,,,2026-08-10,15:40:00,en preparación,tarjeta,pagado,435.75,69.72,505.47,,,Frecuente,False
3276,2319,164,Valeria Torres,valeria.torres164@correo.com,2025-03-25,Presencial (mesero),Café frío,Cold brew,3,60.3,180.9,para llevar,False,,,,,,2026-08-10,15:40:00,en preparación,tarjeta,pagado,435.75,69.72,505.47,,,Frecuente,False
3277,2319,164,Valeria Torres,valeria.torres164@correo.com,2025-03-25,Presencial (mesero),Café caliente,Espresso,2,54.79,109.58,para llevar,False,,,,,,2026-08-10,15:40:00,en preparación,tarjeta,pagado,435.75,69.72,505.47,,,Frecuente,False
3278,2320,85,Renata Díaz,renata.díaz85@correo.com,2026-06-06,Presencial (mostrador),Café frío,Frappé de café,1,41.22,41.22,para llevar,False,,,,,,2026-06-07,11:35:00,listo,efectivo,pagado,41.22,6.6,47.82,24.0,,VIP,False
3279,2321,220,Camila Cruz,camila.cruz220@correo.com,2025-02-04,Presencial (mostrador),Repostería,Pay de queso,3,53.31,159.93,en el lugar,False,19.0,Zona de estudio,pareja,,,2026-07-22,16:25:00,entregado,transferencia,pagado,159.93,25.59,185.52,31.0,5.0,Frecuente,False
3280,2322,122,Michelle Martínez,michelle.martínez122@correo.com,2026-03-15,Página web,Alimentos,Bagel con queso crema,3,76.98,230.94,para llevar,False,,,,,,2026-05-13,11:35:00,entregado,pago en línea,pagado,561.35,89.82,651.17,34.0,4.0,Frecuente,True
3281,2322,122,Michelle Martínez,michelle.martínez122@correo.com,2026-03-15,Página web,Bebidas frías,Agua mineral,2,34.57,69.14,para llevar,False,,,,,,2026-05-13,11:35:00,entregado,pago en línea,pagado,561.35,89.82,651.17,34.0,4.0,Frecuente,True
3282,2322,122,Michelle Martínez,michelle.martínez122@correo.com,2026-03-15,Página web,Café frío,Frappuccino de caramelo,3,49.8,149.4,para llevar,False,,,,,,2026-05-13,11:35:00,entregado,pago en línea,pagado,561.35,89.82,651.17,34.0,4.0,Frecuente,True
3283,2322,122,Michelle Martínez,michelle.martínez122@correo.com,2026-03-15,Página web,Bebidas frías,Agua mineral,3,37.29,111.87,para llevar,False,,,,,,2026-05-13,11:35:00,entregado,pago en línea,pagado,561.35,89.82,651.17,34.0,4.0,Frecuente,True
3284,2323,151,Marco Torres,marco.torres151@correo.com,2026-06-22,Página web,Café frío,Cold brew,1,56.51,56.51,en el lugar,False,6.0,Zona de estudio,grupal,,,2026-08-14,19:25:00,en preparación,pago en línea,pagado,98.74,15.8,114.54,,,Frecuente,True
3285,2323,151,Marco Torres,marco.torres151@correo.com,2026-06-22,Página web,Café caliente,Espresso,1,42.23,42.23,en el lugar,False,6.0,Zona de estudio,grupal,,,2026-08-14,19:25:00,en preparación,pago en línea,pagado,98.74,15.8,114.54,,,Frecuente,True
3286,2324,34,Pablo López,pablo.lópez34@correo.com,2025-05-12,Presencial (mostrador),Bebidas frías,Refresco de cola,3,25.57,76.71,en el lugar,True,18.0,Zona de estudio,grupal,2025-11-16,completada,2025-11-19,10:00:00,entregado,tarjeta,pagado,76.71,12.27,88.98,25.0,5.0,Frecuente,False
3287,2325,88,Karla Díaz,karla.díaz88@correo.com,2025-11-18,Presencial (mesero),Bebidas calientes,Chocolate caliente,1,26.62,26.62,para llevar,False,,,,,,2026-04-10,16:25:00,entregado,efectivo,pagado,407.17,65.15,472.32,25.0,4.0,Frecuente,False
3288,2325,88,Karla Díaz,karla.díaz88@correo.com,2025-11-18,Presencial (mesero),Alimentos,Ensalada César,3,89.86,269.58,para llevar,False,,,,,,2026-04-10,16:25:00,entregado,efectivo,pagado,407.17,65.15,472.32,25.0,4.0,Frecuente,False
3289,2325,88,Karla Díaz,karla.díaz88@correo.com,2025-11-18,Presencial (mesero),Bebidas calientes,Té verde,3,36.99,110.97,para llevar,False,,,,,,2026-04-10,16:25:00,entregado,efectivo,pagado,407.17,65.15,472.32,25.0,4.0,Frecuente,False
3290,2326,19,Sergio Sánchez,sergio.sánchez19@correo.com,2026-05-27,Presencial (mesero),Bebidas frías,Refresco de cola,3,33.68,101.04,para llevar,False,,,,,,2026-08-03,18:35:00,entregado,transferencia,pagado,337.17,53.95,391.12,29.0,5.0,Frecuente,False
3291,2326,19,Sergio Sánchez,sergio.sánchez19@correo.com,2026-05-27,Presencial (mesero),Café frío,Frappuccino de caramelo,3,48.31,144.93,para llevar,False,,,,,,2026-08-03,18:35:00,entregado,transferencia,pagado,337.17,53.95,391.12,29.0,5.0,Frecuente,False
3292,2326,19,Sergio Sánchez,sergio.sánchez19@correo.com,2026-05-27,Presencial (mesero),Café caliente,Mocaccino,2,45.6,91.2,para llevar,False,,,,,,2026-08-03,18:35:00,entregado,transferencia,pagado,337.17,53.95,391.12,29.0,5.0,Frecuente,False
3293,2327,145,Regina Cruz,regina.cruz145@correo.com,2025-01-18,Presencial (mostrador),Café frío,Frappé de café,2,62.41,124.82,en el lugar,True,12.0,Barra,pareja,2025-09-04,completada,2025-09-04,11:45:00,entregado,transferencia,pagado,281.32,45.01,326.33,28.0,3.0,Frecuente,False
3294,2327,145,Regina Cruz,regina.cruz145@correo.com,2025-01-18,Presencial (mostrador),Café caliente,Café de olla,1,53.8,53.8,en el lugar,True,12.0,Barra,pareja,2025-09-04,completada,2025-09-04,11:45:00,entregado,transferencia,pagado,281.32,45.01,326.33,28.0,3.0,Frecuente,False
3295,2327,145,Regina Cruz,regina.cruz145@correo.com,2025-01-18,Presencial (mostrador),Repostería,Dona glaseada,1,42.65,42.65,en el lugar,True,12.0,Barra,pareja,2025-09-04,completada,2025-09-04,11:45:00,entregado,transferencia,pagado,281.32,45.01,326.33,28.0,3.0,Frecuente,False
3296,2327,145,Regina Cruz,regina.cruz145@correo.com,2025-01-18,Presencial (mostrador),Café frío,Frappé de café,1,60.05,60.05,en el lugar,True,12.0,Barra,pareja,2025-09-04,completada,2025-09-04,11:45:00,entregado,transferencia,pagado,281.32,45.01,326.33,28.0,3.0,Frecuente,False
3297,2328,222,Daniela Sánchez,daniela.sánchez222@correo.com,2025-05-16,Presencial (mostrador),Bebidas frías,Limonada,3,26.11,78.33,para llevar,False,,,,,,2026-03-06,14:50:00,entregado,efectivo,pagado,294.29,47.09,341.38,11.0,4.0,Frecuente,False
3298,2328,222,Daniela Sánchez,daniela.sánchez222@correo.com,2025-05-16,Presencial (mostrador),Bebidas calientes,Chocolate caliente,2,34.59,69.18,para llevar,False,,,,,,2026-03-06,14:50:00,entregado,efectivo,pagado,294.29,47.09,341.38,11.0,4.0,Frecuente,False
3299,2328,222,Daniela Sánchez,daniela.sánchez222@correo.com,2025-05-16,Presencial (mostrador),Alimentos,Sandwich club,2,73.39,146.78,para llevar,False,,,,,,2026-03-06,14:50:00,entregado,efectivo,pagado,294.29,47.09,341.38,11.0,4.0,Frecuente,False
3300,2329,47,Óscar López,óscar.lópez47@correo.com,2026-03-09,Presencial (mesero),Bebidas calientes,Chocolate caliente,2,32.49,64.98,en el lugar,True,7.0,Salón principal,pareja,2026-03-30,completada,2026-03-30,19:50:00,en preparación,efectivo,pagado,181.3,29.01,210.31,,,VIP,False
3301,2329,47,Óscar López,óscar.lópez47@correo.com,2026-03-09,Presencial (mesero),Bebidas frías,Refresco de cola,1,28.0,28.0,en el lugar,True,7.0,Salón principal,pareja,2026-03-30,completada,2026-03-30,19:50:00,en preparación,efectivo,pagado,181.3,29.01,210.31,,,VIP,False
3302,2329,47,Óscar López,óscar.lópez47@correo.com,2026-03-09,Presencial (mesero),Bebidas calientes,Infusión de manzanilla,2,27.09,54.18,en el lugar,True,7.0,Salón principal,pareja,2026-03-30,completada,2026-03-30,19:50:00,en preparación,efectivo,pagado,181.3,29.01,210.31,,,VIP,False
3303,2329,47,Óscar López,óscar.lópez47@correo.com,2026-03-09,Presencial (mesero),Repostería,Muffin de arándano,1,34.14,34.14,en el lugar,True,7.0,Salón principal,pareja,2026-03-30,completada,2026-03-30,19:50:00,en preparación,efectivo,pagado,181.3,29.01,210.31,,,VIP,False
3304,2330,28,José Torres,josé.torres28@correo.com,2026-05-28,Página web,Alimentos,Ensalada César,1,76.2,76.2,en el lugar,True,9.0,Barra,grupal,2026-08-09,completada,2026-08-10,09:30:00,entregado,pago en línea,pagado,208.74,33.4,242.14,30.0,4.0,VIP,True
3305,2330,28,José Torres,josé.torres28@correo.com,2026-05-28,Página web,Café caliente,Espresso,3,44.18,132.54,en el lugar,True,9.0,Barra,grupal,2026-08-09,completada,2026-08-10,09:30:00,entregado,pago en línea,pagado,208.74,33.4,242.14,30.0,4.0,VIP,True
3306,2331,69,Renata Flores,renata.flores69@correo.com,2025-08-04,Presencial (mostrador),Bebidas frías,Limonada,2,37.22,74.44,en el lugar,False,12.0,Terraza,individual,,,2026-03-01,14:55:00,cancelado,tarjeta,reembolsado,176.68,28.27,204.95,,,Frecuente,False
3307,2331,69,Renata Flores,renata.flores69@correo.com,2025-08-04,Presencial (mostrador),Bebidas calientes,Infusión de manzanilla,3,34.08,102.24,en el lugar,False,12.0,Terraza,individual,,,2026-03-01,14:55:00,cancelado,tarjeta,reembolsado,176.68,28.27,204.95,,,Frecuente,False
3308,2332,189,Renata Morales,renata.morales189@correo.com,2026-05-10,Página web,Alimentos,Ensalada César,3,59.43,178.29,para llevar,False,,,,,,2026-05-27,08:10:00,entregado,pago en línea,pagado,538.34,86.13,624.47,12.0,4.0,Frecuente,True
3309,2332,189,Renata Morales,renata.morales189@correo.com,2026-05-10,Página web,Alimentos,Sandwich club,3,67.29,201.87,para llevar,False,,,,,,2026-05-27,08:10:00,entregado,pago en línea,pagado,538.34,86.13,624.47,12.0,4.0,Frecuente,True
3310,2332,189,Renata Morales,renata.morales189@correo.com,2026-05-10,Página web,Bebidas frías,Té helado,3,36.62,109.86,para llevar,False,,,,,,2026-05-27,08:10:00,entregado,pago en línea,pagado,538.34,86.13,624.47,12.0,4.0,Frecuente,True
3311,2332,189,Renata Morales,renata.morales189@correo.com,2026-05-10,Página web,Repostería,Concha,1,48.32,48.32,para llevar,False,,,,,,2026-05-27,08:10:00,entregado,pago en línea,pagado,538.34,86.13,624.47,12.0,4.0,Frecuente,True
3312,2333,233,Ximena Castillo,ximena.castillo233@correo.com,2025-05-19,Página web,Repostería,Brownie,2,52.33,104.66,para llevar,False,,,,,,2026-01-07,14:25:00,entregado,pago en línea,pagado,104.66,16.75,121.41,14.0,5.0,Frecuente,True
3313,2334,133,Emilio Martínez,emilio.martínez133@correo.com,2025-09-06,Página web,Alimentos,Ensalada César,3,63.96,191.88,en el lugar,False,8.0,Zona de estudio,grupal,,,2026-04-13,11:45:00,entregado,pago en línea,pagado,563.6,90.18,653.78,22.0,3.0,Frecuente,True
3314,2334,133,Emilio Martínez,emilio.martínez133@correo.com,2025-09-06,Página web,Repostería,Brownie,3,56.43,169.29,en el lugar,False,8.0,Zona de estudio,grupal,,,2026-04-13,11:45:00,entregado,pago en línea,pagado,563.6,90.18,653.78,22.0,3.0,Frecuente,True
3315,2334,133,Emilio Martínez,emilio.martínez133@correo.com,2025-09-06,Página web,Alimentos,Sandwich club,1,63.08,63.08,en el lugar,False,8.0,Zona de estudio,grupal,,,2026-04-13,11:45:00,entregado,pago en línea,pagado,563.6,90.18,653.78,22.0,3.0,Frecuente,True
3316,2334,133,Emilio Martínez,emilio.martínez133@correo.com,2025-09-06,Página web,Repostería,Dona glaseada,3,46.45,139.35,en el lugar,False,8.0,Zona de estudio,grupal,,,2026-04-13,11:45:00,entregado,pago en línea,pagado,563.6,90.18,653.78,22.0,3.0,Frecuente,True
3317,2335,68,Alejandro García,alejandro.garcía68@correo.com,2025-04-20,Página web,Café frío,Frappé de café,1,59.9,59.9,para llevar,False,,,,,,2026-05-17,13:40:00,entregado,pago en línea,pagado,170.0,27.2,197.2,23.0,5.0,Frecuente,True
3318,2335,68,Alejandro García,alejandro.garcía68@correo.com,2025-04-20,Página web,Repostería,Brownie,2,55.05,110.1,para llevar,False,,,,,,2026-05-17,13:40:00,entregado,pago en línea,pagado,170.0,27.2,197.2,23.0,5.0,Frecuente,True
3319,2336,70,Alejandro Jiménez,alejandro.jiménez70@correo.com,2026-05-16,Página web,Bebidas calientes,Té chai,2,27.2,54.4,para llevar,False,,,,,,2026-06-23,20:05:00,entregado,pago en línea,pagado,54.4,8.7,63.1,37.0,4.0,Frecuente,True
3320,2337,55,Sergio De la Cruz,sergio.delacruz55@correo.com,2025-02-21,Presencial (mostrador),Bebidas frías,Agua mineral,2,28.03,56.06,en el lugar,True,3.0,Zona de estudio,grupal,2026-05-29,completada,2026-06-01,20:15:00,entregado,tarjeta,pagado,428.08,68.49,496.57,17.0,4.0,Frecuente,False
3321,2337,55,Sergio De la Cruz,sergio.delacruz55@correo.com,2025-02-21,Presencial (mostrador),Café caliente,Americano,2,37.25,74.5,en el lugar,True,3.0,Zona de estudio,grupal,2026-05-29,completada,2026-06-01,20:15:00,entregado,tarjeta,pagado,428.08,68.49,496.57,17.0,4.0,Frecuente,False
3322,2337,55,Sergio De la Cruz,sergio.delacruz55@correo.com,2025-02-21,Presencial (mostrador),Bebidas calientes,Infusión de manzanilla,1,31.18,31.18,en el lugar,True,3.0,Zona de estudio,grupal,2026-05-29,completada,2026-06-01,20:15:00,entregado,tarjeta,pagado,428.08,68.49,496.57,17.0,4.0,Frecuente,False
3323,2337,55,Sergio De la Cruz,sergio.delacruz55@correo.com,2025-02-21,Presencial (mostrador),Alimentos,Ensalada César,3,88.78,266.34,en el lugar,True,3.0,Zona de estudio,grupal,2026-05-29,completada,2026-06-01,20:15:00,entregado,tarjeta,pagado,428.08,68.49,496.57,17.0,4.0,Frecuente,False
3324,2338,50,Ricardo Morales,ricardo.morales50@correo.com,2026-05-13,Página web,Alimentos,Sandwich club,3,52.77,158.31,en el lugar,True,1.0,Zona de estudio,pareja,2026-06-10,cancelada,2026-06-12,20:10:00,entregado,pago en línea,pagado,448.65,71.78,520.43,9.0,5.0,VIP,True
3325,2338,50,Ricardo Morales,ricardo.morales50@correo.com,2026-05-13,Página web,Bebidas frías,Agua mineral,3,32.56,97.68,en el lugar,True,1.0,Zona de estudio,pareja,2026-06-10,cancelada,2026-06-12,20:10:00,entregado,pago en línea,pagado,448.65,71.78,520.43,9.0,5.0,VIP,True
3326,2338,50,Ricardo Morales,ricardo.morales50@correo.com,2026-05-13,Página web,Café caliente,Americano,2,39.08,78.16,en el lugar,True,1.0,Zona de estudio,pareja,2026-06-10,cancelada,2026-06-12,20:10:00,entregado,pago en línea,pagado,448.65,71.78,520.43,9.0,5.0,VIP,True
3327,2338,50,Ricardo Morales,ricardo.morales50@correo.com,2026-05-13,Página web,Café frío,Cold brew,2,57.25,114.5,en el lugar,True,1.0,Zona de estudio,pareja,2026-06-10,cancelada,2026-06-12,20:10:00,entregado,pago en línea,pagado,448.65,71.78,520.43,9.0,5.0,VIP,True
3328,2339,74,Paola Castillo,paola.castillo74@correo.com,2025-02-06,Página web,Repostería,Concha,1,44.46,44.46,en el lugar,False,4.0,Zona de estudio,grupal,,,2026-05-28,08:20:00,cancelado,pago en línea,reembolsado,153.78,24.6,178.38,,,Frecuente,True
3329,2339,74,Paola Castillo,paola.castillo74@correo.com,2025-02-06,Página web,Bebidas calientes,Té verde,3,36.44,109.32,en el lugar,False,4.0,Zona de estudio,grupal,,,2026-05-28,08:20:00,cancelado,pago en línea,reembolsado,153.78,24.6,178.38,,,Frecuente,True
3330,2340,237,Valeria Cruz,valeria.cruz237@correo.com,2026-04-01,Página web,Bebidas calientes,Té chai,2,40.16,80.32,en el lugar,True,15.0,Terraza,individual,2026-05-23,completada,2026-05-26,14:20:00,entregado,pago en línea,pagado,80.32,12.85,93.17,32.0,4.0,Frecuente,True
3331,2341,82,Diego Sánchez,diego.sánchez82@correo.com,2026-04-17,Página web,Bebidas frías,Agua mineral,1,26.28,26.28,para llevar,False,,,,,,2026-06-14,16:50:00,entregado,pago en línea,pagado,78.68,12.59,91.27,31.0,4.0,VIP,True
3332,2341,82,Diego Sánchez,diego.sánchez82@correo.com,2026-04-17,Página web,Café caliente,Latte,1,52.4,52.4,para llevar,False,,,,,,2026-06-14,16:50:00,entregado,pago en línea,pagado,78.68,12.59,91.27,31.0,4.0,VIP,True
3333,2342,13,María Reyes,maría.reyes13@correo.com,2025-10-12,Página web,Alimentos,Panini de jamón y queso,3,94.99,284.97,en el lugar,False,14.0,Barra,pareja,,,2026-08-04,19:15:00,entregado,pago en línea,pagado,443.52,70.96,514.48,10.0,4.0,Frecuente,True
3334,2342,13,María Reyes,maría.reyes13@correo.com,2025-10-12,Página web,Repostería,Dona glaseada,3,52.85,158.55,en el lugar,False,14.0,Barra,pareja,,,2026-08-04,19:15:00,entregado,pago en línea,pagado,443.52,70.96,514.48,10.0,4.0,Frecuente,True
3335,2343,81,María Reyes,maría.reyes81@correo.com,2025-02-09,Página web,Repostería,Croissant,2,26.65,53.3,en el lugar,True,3.0,Salón principal,individual,2026-06-22,cancelada,2026-06-24,07:35:00,listo,pago en línea,pagado,53.3,8.53,61.83,27.0,,Frecuente,True
3336,2344,44,María Morales,maría.morales44@correo.com,2025-12-29,Página web,Bebidas frías,Té helado,3,23.92,71.76,en el lugar,True,8.0,Zona de estudio,pareja,2026-02-06,completada,2026-02-09,14:50:00,listo,pago en línea,pagado,318.78,51.0,369.78,43.0,,VIP,True
3337,2344,44,María Morales,maría.morales44@correo.com,2025-12-29,Página web,Bebidas calientes,Té chai,2,38.28,76.56,en el lugar,True,8.0,Zona de estudio,pareja,2026-02-06,completada,2026-02-09,14:50:00,listo,pago en línea,pagado,318.78,51.0,369.78,43.0,,VIP,True
3338,2344,44,María Morales,maría.morales44@correo.com,2025-12-29,Página web,Alimentos,Bagel con queso crema,2,85.23,170.46,en el lugar,True,8.0,Zona de estudio,pareja,2026-02-06,completada,2026-02-09,14:50:00,listo,pago en línea,pagado,318.78,51.0,369.78,43.0,,VIP,True
3339,2345,206,María García,maría.garcía206@correo.com,2026-03-31,Página web,Café frío,Frappuccino de caramelo,3,47.87,143.61,en el lugar,True,14.0,Salón principal,grupal,2026-05-06,cancelada,2026-05-09,13:00:00,en preparación,pago en línea,pagado,143.61,22.98,166.59,,,VIP,True
3340,2346,92,Camila Jiménez,camila.jiménez92@correo.com,2025-11-13,Presencial (mostrador),Café frío,Frappuccino de caramelo,3,37.48,112.44,en el lugar,False,6.0,Terraza,pareja,,,2026-01-05,08:10:00,entregado,efectivo,pagado,278.58,44.57,323.15,28.0,1.0,Frecuente,False
3341,2346,92,Camila Jiménez,camila.jiménez92@correo.com,2025-11-13,Presencial (mostrador),Café caliente,Café de olla,2,41.21,82.42,en el lugar,False,6.0,Terraza,pareja,,,2026-01-05,08:10:00,entregado,efectivo,pagado,278.58,44.57,323.15,28.0,1.0,Frecuente,False
3342,2346,92,Camila Jiménez,camila.jiménez92@correo.com,2025-11-13,Presencial (mostrador),Bebidas calientes,Chocolate caliente,2,41.86,83.72,en el lugar,False,6.0,Terraza,pareja,,,2026-01-05,08:10:00,entregado,efectivo,pagado,278.58,44.57,323.15,28.0,1.0,Frecuente,False
3343,2347,15,Renata Martínez,renata.martínez15@correo.com,2025-06-25,Presencial (mostrador),Repostería,Dona glaseada,1,53.66,53.66,para llevar,False,,,,,,2026-02-11,11:50:00,entregado,efectivo,pagado,225.74,36.12,261.86,42.0,5.0,VIP,False
3344,2347,15,Renata Martínez,renata.martínez15@correo.com,2025-06-25,Presencial (mostrador),Repostería,Muffin de arándano,3,57.36,172.08,para llevar,False,,,,,,2026-02-11,11:50:00,entregado,efectivo,pagado,225.74,36.12,261.86,42.0,5.0,VIP,False
3345,2348,172,Regina Cruz,regina.cruz172@correo.com,2025-03-24,Página web,Café frío,Frappé de café,3,41.18,123.54,para llevar,False,,,,,,2026-03-09,08:15:00,entregado,pago en línea,pagado,381.53,61.04,442.57,14.0,5.0,Frecuente,True
3346,2348,172,Regina Cruz,regina.cruz172@correo.com,2025-03-24,Página web,Bebidas calientes,Té chai,2,38.8,77.6,para llevar,False,,,,,,2026-03-09,08:15:00,entregado,pago en línea,pagado,381.53,61.04,442.57,14.0,5.0,Frecuente,True
3347,2348,172,Regina Cruz,regina.cruz172@correo.com,2025-03-24,Página web,Café frío,Frappuccino de caramelo,3,60.13,180.39,para llevar,False,,,,,,2026-03-09,08:15:00,entregado,pago en línea,pagado,381.53,61.04,442.57,14.0,5.0,Frecuente,True
3348,2349,31,Regina Hernández,regina.hernández31@correo.com,2025-04-25,Presencial (mesero),Repostería,Muffin de arándano,1,59.12,59.12,en el lugar,True,5.0,Salón principal,individual,2026-01-24,completada,2026-01-24,19:20:00,entregado,efectivo,pagado,158.06,25.29,183.35,32.0,5.0,Frecuente,False
3349,2349,31,Regina Hernández,regina.hernández31@correo.com,2025-04-25,Presencial (mesero),Café caliente,Espresso,3,32.98,98.94,en el lugar,True,5.0,Salón principal,individual,2026-01-24,completada,2026-01-24,19:20:00,entregado,efectivo,pagado,158.06,25.29,183.35,32.0,5.0,Frecuente,False
3350,2350,52,José Reyes,josé.reyes52@correo.com,2025-09-29,Presencial (mostrador),Alimentos,Sandwich club,1,93.57,93.57,en el lugar,True,10.0,Barra,pareja,2025-10-04,completada,2025-10-04,10:00:00,entregado,tarjeta,pagado,362.08,57.93,420.01,39.0,2.0,VIP,False
3351,2350,52,José Reyes,josé.reyes52@correo.com,2025-09-29,Presencial (mostrador),Café frío,Frappuccino de caramelo,3,46.32,138.96,en el lugar,True,10.0,Barra,pareja,2025-10-04,completada,2025-10-04,10:00:00,entregado,tarjeta,pagado,362.08,57.93,420.01,39.0,2.0,VIP,False
3352,2350,52,José Reyes,josé.reyes52@correo.com,2025-09-29,Presencial (mostrador),Bebidas calientes,Té verde,2,25.05,50.1,en el lugar,True,10.0,Barra,pareja,2025-10-04,completada,2025-10-04,10:00:00,entregado,tarjeta,pagado,362.08,57.93,420.01,39.0,2.0,VIP,False
3353,2350,52,José Reyes,josé.reyes52@correo.com,2025-09-29,Presencial (mostrador),Alimentos,Panini de jamón y queso,1,79.45,79.45,en el lugar,True,10.0,Barra,pareja,2025-10-04,completada,2025-10-04,10:00:00,entregado,tarjeta,pagado,362.08,57.93,420.01,39.0,2.0,VIP,False
3354,2351,169,Diego López,diego.lópez169@correo.com,2025-09-30,Presencial (mostrador),Alimentos,Ensalada César,2,77.72,155.44,en el lugar,True,2.0,Zona de estudio,individual,2025-12-11,cancelada,2025-12-14,07:20:00,entregado,efectivo,pagado,306.92,49.11,356.03,13.0,5.0,VIP,False
3355,2351,169,Diego López,diego.lópez169@correo.com,2025-09-30,Presencial (mostrador),Alimentos,Ensalada César,2,75.74,151.48,en el lugar,True,2.0,Zona de estudio,individual,2025-12-11,cancelada,2025-12-14,07:20:00,entregado,efectivo,pagado,306.92,49.11,356.03,13.0,5.0,VIP,False
3356,2352,33,Luis Martínez,luis.martínez33@correo.com,2026-05-13,Presencial (mostrador),Café frío,Café helado,3,38.92,116.76,en el lugar,True,1.0,Barra,pareja,2026-07-03,pendiente,2026-07-03,07:25:00,listo,tarjeta,pagado,116.76,18.68,135.44,15.0,,VIP,False
3357,2353,208,Mariana Morales,mariana.morales208@correo.com,2025-05-30,Presencial (mostrador),Café frío,Frappuccino de caramelo,1,64.8,64.8,para llevar,False,,,,,,2026-05-26,16:35:00,entregado,tarjeta,pagado,64.8,10.37,75.17,37.0,4.0,Frecuente,False
3358,2354,20,Lucía López,lucía.lópez20@correo.com,2025-09-29,Página web,Café frío,Frappuccino de caramelo,3,58.88,176.64,en el lugar,False,3.0,Salón principal,grupal,,,2025-10-04,14:20:00,en preparación,pago en línea,pagado,315.44,50.47,365.91,,,Frecuente,True
3359,2354,20,Lucía López,lucía.lópez20@correo.com,2025-09-29,Página web,Café frío,Cold brew,2,38.39,76.78,en el lugar,False,3.0,Salón principal,grupal,,,2025-10-04,14:20:00,en preparación,pago en línea,pagado,315.44,50.47,365.91,,,Frecuente,True
3360,2354,20,Lucía López,lucía.lópez20@correo.com,2025-09-29,Página web,Bebidas frías,Té helado,2,31.01,62.02,en el lugar,False,3.0,Salón principal,grupal,,,2025-10-04,14:20:00,en preparación,pago en línea,pagado,315.44,50.47,365.91,,,Frecuente,True
3361,2355,239,Renata Sánchez,renata.sánchez239@correo.com,2025-05-06,Página web,Café frío,Frappé de café,2,35.13,70.26,en el lugar,False,8.0,Salón principal,pareja,,,2026-06-15,11:40:00,entregado,pago en línea,pagado,220.62,35.3,255.92,30.0,4.0,VIP,True
3362,2355,239,Renata Sánchez,renata.sánchez239@correo.com,2025-05-06,Página web,Repostería,Pay de queso,2,33.38,66.76,en el lugar,False,8.0,Salón principal,pareja,,,2026-06-15,11:40:00,entregado,pago en línea,pagado,220.62,35.3,255.92,30.0,4.0,VIP,True
3363,2355,239,Renata Sánchez,renata.sánchez239@correo.com,2025-05-06,Página web,Repostería,Concha,2,41.8,83.6,en el lugar,False,8.0,Salón principal,pareja,,,2026-06-15,11:40:00,entregado,pago en línea,pagado,220.62,35.3,255.92,30.0,4.0,VIP,True
3364,2356,229,Diego Ortiz,diego.ortiz229@correo.com,2025-01-26,Presencial (mesero),Bebidas frías,Limonada,3,23.79,71.37,para llevar,False,,,,,,2025-05-31,07:10:00,en preparación,efectivo,pagado,153.42,24.55,177.97,,,Frecuente,False
3365,2356,229,Diego Ortiz,diego.ortiz229@correo.com,2025-01-26,Presencial (mesero),Bebidas frías,Agua mineral,3,27.35,82.05,para llevar,False,,,,,,2025-05-31,07:10:00,en preparación,efectivo,pagado,153.42,24.55,177.97,,,Frecuente,False
3366,2357,41,Ana De la Cruz,ana.delacruz41@correo.com,2025-12-05,Página web,Alimentos,Panini de jamón y queso,2,49.07,98.14,para llevar,False,,,,,,2026-08-08,16:45:00,listo,tarjeta,pagado,98.14,15.7,113.84,9.0,,Frecuente,True
3367,2358,130,Valeria Cruz,valeria.cruz130@correo.com,2025-09-20,Página web,Café frío,Café helado,3,62.3,186.9,para llevar,False,,,,,,2025-12-27,07:25:00,entregado,pago en línea,pagado,186.9,29.9,216.8,29.0,5.0,Frecuente,True
3368,2359,197,Raúl De la Cruz,raúl.delacruz197@correo.com,2025-11-22,Presencial (mostrador),Café frío,Cold brew,2,48.45,96.9,para llevar,False,,,,,,2026-01-08,13:20:00,entregado,transferencia,pagado,212.08,33.93,246.01,35.0,3.0,Frecuente,False
3369,2359,197,Raúl De la Cruz,raúl.delacruz197@correo.com,2025-11-22,Presencial (mostrador),Bebidas frías,Agua mineral,2,22.31,44.62,para llevar,False,,,,,,2026-01-08,13:20:00,entregado,transferencia,pagado,212.08,33.93,246.01,35.0,3.0,Frecuente,False
3370,2359,197,Raúl De la Cruz,raúl.delacruz197@correo.com,2025-11-22,Presencial (mostrador),Bebidas frías,Refresco de cola,2,35.28,70.56,para llevar,False,,,,,,2026-01-08,13:20:00,entregado,transferencia,pagado,212.08,33.93,246.01,35.0,3.0,Frecuente,False
3371,2360,19,Sergio Sánchez,sergio.sánchez19@correo.com,2026-05-27,Página web,Bebidas calientes,Chocolate caliente,3,41.86,125.58,para llevar,False,,,,,,2026-06-03,07:30:00,en preparación,pago en línea,pagado,453.89,72.62,526.51,,,Frecuente,True
3372,2360,19,Sergio Sánchez,sergio.sánchez19@correo.com,2026-05-27,Página web,Bebidas calientes,Infusión de manzanilla,3,40.21,120.63,para llevar,False,,,,,,2026-06-03,07:30:00,en preparación,pago en línea,pagado,453.89,72.62,526.51,,,Frecuente,True
3373,2360,19,Sergio Sánchez,sergio.sánchez19@correo.com,2026-05-27,Página web,Café caliente,Americano,3,34.1,102.3,para llevar,False,,,,,,2026-06-03,07:30:00,en preparación,pago en línea,pagado,453.89,72.62,526.51,,,Frecuente,True
3374,2360,19,Sergio Sánchez,sergio.sánchez19@correo.com,2026-05-27,Página web,Repostería,Brownie,2,52.69,105.38,para llevar,False,,,,,,2026-06-03,07:30:00,en preparación,pago en línea,pagado,453.89,72.62,526.51,,,Frecuente,True
3375,2361,250,Diego Romero,diego.romero250@correo.com,2025-02-14,Presencial (mesero),Repostería,Brownie,3,34.83,104.49,para llevar,False,,,,,,2026-01-21,19:35:00,en preparación,efectivo,pagado,104.49,16.72,121.21,,,VIP,False
3376,2362,152,Emilio Flores,emilio.flores152@correo.com,2025-08-21,Presencial (mostrador),Café caliente,Capuchino,2,50.82,101.64,en el lugar,False,7.0,Terraza,grupal,,,2025-09-12,16:20:00,entregado,tarjeta,pagado,300.49,48.08,348.57,11.0,5.0,Frecuente,False
3377,2362,152,Emilio Flores,emilio.flores152@correo.com,2025-08-21,Presencial (mostrador),Café frío,Frappuccino de caramelo,2,36.54,73.08,en el lugar,False,7.0,Terraza,grupal,,,2025-09-12,16:20:00,entregado,tarjeta,pagado,300.49,48.08,348.57,11.0,5.0,Frecuente,False
3378,2362,152,Emilio Flores,emilio.flores152@correo.com,2025-08-21,Presencial (mostrador),Bebidas frías,Jugo de naranja,2,37.82,75.64,en el lugar,False,7.0,Terraza,grupal,,,2025-09-12,16:20:00,entregado,tarjeta,pagado,300.49,48.08,348.57,11.0,5.0,Frecuente,False
3379,2362,152,Emilio Flores,emilio.flores152@correo.com,2025-08-21,Presencial (mostrador),Repostería,Brownie,1,50.13,50.13,en el lugar,False,7.0,Terraza,grupal,,,2025-09-12,16:20:00,entregado,tarjeta,pagado,300.49,48.08,348.57,11.0,5.0,Frecuente,False
3380,2363,97,Óscar Sánchez,óscar.sánchez97@correo.com,2026-06-08,Página web,Alimentos,Bagel con queso crema,3,59.8,179.4,en el lugar,True,12.0,Barra,pareja,2026-08-05,completada,2026-08-08,16:35:00,entregado,pago en línea,pagado,237.41,37.99,275.4,45.0,3.0,Frecuente,True
3381,2363,97,Óscar Sánchez,óscar.sánchez97@correo.com,2026-06-08,Página web,Repostería,Muffin de arándano,1,58.01,58.01,en el lugar,True,12.0,Barra,pareja,2026-08-05,completada,2026-08-08,16:35:00,entregado,pago en línea,pagado,237.41,37.99,275.4,45.0,3.0,Frecuente,True
3382,2364,142,Alejandro Gómez,alejandro.gómez142@correo.com,2025-10-14,Página web,Bebidas calientes,Infusión de manzanilla,3,26.35,79.05,en el lugar,False,12.0,Barra,individual,,,2025-10-19,16:40:00,listo,pago en línea,pagado,156.31,25.01,181.32,10.0,,Frecuente,True
3383,2364,142,Alejandro Gómez,alejandro.gómez142@correo.com,2025-10-14,Página web,Bebidas frías,Limonada,2,38.63,77.26,en el lugar,False,12.0,Barra,individual,,,2025-10-19,16:40:00,listo,pago en línea,pagado,156.31,25.01,181.32,10.0,,Frecuente,True
3384,2365,205,Ximena Flores,ximena.flores205@correo.com,2025-08-21,Presencial (mesero),Alimentos,Bagel con queso crema,2,69.85,139.7,en el lugar,True,12.0,Barra,individual,2026-07-05,completada,2026-07-06,19:35:00,en preparación,tarjeta,pagado,177.29,28.37,205.66,,,Frecuente,False
3385,2365,205,Ximena Flores,ximena.flores205@correo.com,2025-08-21,Presencial (mesero),Bebidas frías,Limonada,1,37.59,37.59,en el lugar,True,12.0,Barra,individual,2026-07-05,completada,2026-07-06,19:35:00,en preparación,tarjeta,pagado,177.29,28.37,205.66,,,Frecuente,False
3386,2366,102,Raúl Vázquez,raúl.vázquez102@correo.com,2025-07-19,Página web,Bebidas frías,Jugo de naranja,3,28.39,85.17,para llevar,False,,,,,,2026-06-27,19:05:00,entregado,pago en línea,pagado,132.38,21.18,153.56,18.0,5.0,Frecuente,True
3387,2366,102,Raúl Vázquez,raúl.vázquez102@correo.com,2025-07-19,Página web,Café frío,Frappé de café,1,47.21,47.21,para llevar,False,,,,,,2026-06-27,19:05:00,entregado,pago en línea,pagado,132.38,21.18,153.56,18.0,5.0,Frecuente,True
3388,2367,50,Ricardo Morales,ricardo.morales50@correo.com,2026-05-13,Presencial (mesero),Repostería,Muffin de arándano,2,38.27,76.54,para llevar,False,,,,,,2026-06-11,10:50:00,listo,efectivo,pagado,336.73,53.88,390.61,24.0,,VIP,False
3389,2367,50,Ricardo Morales,ricardo.morales50@correo.com,2026-05-13,Presencial (mesero),Alimentos,Sandwich club,3,86.73,260.19,para llevar,False,,,,,,2026-06-11,10:50:00,listo,efectivo,pagado,336.73,53.88,390.61,24.0,,VIP,False
3390,2368,97,Óscar Sánchez,óscar.sánchez97@correo.com,2026-06-08,Página web,Repostería,Croissant,2,45.96,91.92,para llevar,False,,,,,,2026-07-07,17:00:00,entregado,pago en línea,pagado,492.25,78.76,571.01,42.0,5.0,Frecuente,True
3391,2368,97,Óscar Sánchez,óscar.sánchez97@correo.com,2026-06-08,Página web,Café caliente,Americano,2,41.66,83.32,para llevar,False,,,,,,2026-07-07,17:00:00,entregado,pago en línea,pagado,492.25,78.76,571.01,42.0,5.0,Frecuente,True
3392,2368,97,Óscar Sánchez,óscar.sánchez97@correo.com,2026-06-08,Página web,Café frío,Frappuccino de caramelo,3,56.46,169.38,para llevar,False,,,,,,2026-07-07,17:00:00,entregado,pago en línea,pagado,492.25,78.76,571.01,42.0,5.0,Frecuente,True
3393,2368,97,Óscar Sánchez,óscar.sánchez97@correo.com,2026-06-08,Página web,Café caliente,Espresso,3,49.21,147.63,para llevar,False,,,,,,2026-07-07,17:00:00,entregado,pago en línea,pagado,492.25,78.76,571.01,42.0,5.0,Frecuente,True
3394,2369,109,Marco Cruz,marco.cruz109@correo.com,2025-09-23,Página web,Repostería,Croissant,2,37.67,75.34,para llevar,False,,,,,,2026-05-26,19:25:00,entregado,pago en línea,pagado,75.34,12.05,87.39,41.0,2.0,Frecuente,True
3395,2370,29,María Flores,maría.flores29@correo.com,2026-06-04,Presencial (mesero),Café caliente,Latte,1,43.04,43.04,para llevar,False,,,,,,2026-06-04,12:15:00,cancelado,efectivo,reembolsado,358.31,57.33,415.64,,,Frecuente,False
3396,2370,29,María Flores,maría.flores29@correo.com,2026-06-04,Presencial (mesero),Alimentos,Panini de jamón y queso,3,72.22,216.66,para llevar,False,,,,,,2026-06-04,12:15:00,cancelado,efectivo,reembolsado,358.31,57.33,415.64,,,Frecuente,False
3397,2370,29,María Flores,maría.flores29@correo.com,2026-06-04,Presencial (mesero),Café caliente,Mocaccino,3,32.87,98.61,para llevar,False,,,,,,2026-06-04,12:15:00,cancelado,efectivo,reembolsado,358.31,57.33,415.64,,,Frecuente,False
3398,2371,220,Camila Cruz,camila.cruz220@correo.com,2025-02-04,Presencial (mostrador),Bebidas frías,Refresco de cola,3,39.29,117.87,para llevar,False,,,,,,2025-06-17,09:05:00,entregado,efectivo,pagado,273.24,43.72,316.96,12.0,3.0,Frecuente,False
3399,2371,220,Camila Cruz,camila.cruz220@correo.com,2025-02-04,Presencial (mostrador),Café frío,Cold brew,2,51.2,102.4,para llevar,False,,,,,,2025-06-17,09:05:00,entregado,efectivo,pagado,273.24,43.72,316.96,12.0,3.0,Frecuente,False
3400,2371,220,Camila Cruz,camila.cruz220@correo.com,2025-02-04,Presencial (mostrador),Alimentos,Panini de jamón y queso,1,52.97,52.97,para llevar,False,,,,,,2025-06-17,09:05:00,entregado,efectivo,pagado,273.24,43.72,316.96,12.0,3.0,Frecuente,False
3401,2372,128,Ximena Sánchez,ximena.sánchez128@correo.com,2025-01-21,Presencial (mesero),Repostería,Muffin de arándano,1,29.02,29.02,en el lugar,False,6.0,Terraza,pareja,,,2025-10-05,19:10:00,en preparación,transferencia,pagado,269.91,43.19,313.1,,,Frecuente,False
3402,2372,128,Ximena Sánchez,ximena.sánchez128@correo.com,2025-01-21,Presencial (mesero),Café caliente,Americano,1,33.26,33.26,en el lugar,False,6.0,Terraza,pareja,,,2025-10-05,19:10:00,en preparación,transferencia,pagado,269.91,43.19,313.1,,,Frecuente,False
3403,2372,128,Ximena Sánchez,ximena.sánchez128@correo.com,2025-01-21,Presencial (mesero),Café frío,Frappé de café,3,49.13,147.39,en el lugar,False,6.0,Terraza,pareja,,,2025-10-05,19:10:00,en preparación,transferencia,pagado,269.91,43.19,313.1,,,Frecuente,False
3404,2372,128,Ximena Sánchez,ximena.sánchez128@correo.com,2025-01-21,Presencial (mesero),Café caliente,Capuchino,2,30.12,60.24,en el lugar,False,6.0,Terraza,pareja,,,2025-10-05,19:10:00,en preparación,transferencia,pagado,269.91,43.19,313.1,,,Frecuente,False
3405,2373,108,Hugo Morales,hugo.morales108@correo.com,2026-07-16,Página web,Repostería,Brownie,1,42.44,42.44,en el lugar,True,6.0,Terraza,individual,2026-08-01,completada,2026-08-04,12:50:00,entregado,pago en línea,pagado,235.68,37.71,273.39,44.0,5.0,Recurrente,True
3406,2373,108,Hugo Morales,hugo.morales108@correo.com,2026-07-16,Página web,Café frío,Frappé de café,1,36.67,36.67,en el lugar,True,6.0,Terraza,individual,2026-08-01,completada,2026-08-04,12:50:00,entregado,pago en línea,pagado,235.68,37.71,273.39,44.0,5.0,Recurrente,True
3407,2373,108,Hugo Morales,hugo.morales108@correo.com,2026-07-16,Página web,Repostería,Pay de queso,2,39.53,79.06,en el lugar,True,6.0,Terraza,individual,2026-08-01,completada,2026-08-04,12:50:00,entregado,pago en línea,pagado,235.68,37.71,273.39,44.0,5.0,Recurrente,True
3408,2373,108,Hugo Morales,hugo.morales108@correo.com,2026-07-16,Página web,Alimentos,Ensalada César,1,77.51,77.51,en el lugar,True,6.0,Terraza,individual,2026-08-01,completada,2026-08-04,12:50:00,entregado,pago en línea,pagado,235.68,37.71,273.39,44.0,5.0,Recurrente,True
3409,2374,31,Regina Hernández,regina.hernández31@correo.com,2025-04-25,Página web,Bebidas frías,Agua mineral,3,25.85,77.55,para llevar,False,,,,,,2025-12-10,11:20:00,en preparación,pago en línea,pagado,359.99,57.6,417.59,,,Frecuente,True
3410,2374,31,Regina Hernández,regina.hernández31@correo.com,2025-04-25,Página web,Bebidas frías,Limonada,3,24.03,72.09,para llevar,False,,,,,,2025-12-10,11:20:00,en preparación,pago en línea,pagado,359.99,57.6,417.59,,,Frecuente,True
3411,2374,31,Regina Hernández,regina.hernández31@correo.com,2025-04-25,Página web,Bebidas frías,Agua mineral,1,30.15,30.15,para llevar,False,,,,,,2025-12-10,11:20:00,en preparación,pago en línea,pagado,359.99,57.6,417.59,,,Frecuente,True
3412,2374,31,Regina Hernández,regina.hernández31@correo.com,2025-04-25,Página web,Alimentos,Bagel con queso crema,2,90.1,180.2,para llevar,False,,,,,,2025-12-10,11:20:00,en preparación,pago en línea,pagado,359.99,57.6,417.59,,,Frecuente,True
3413,2375,171,Lucía Flores,lucía.flores171@correo.com,2026-02-17,Página web,Bebidas frías,Limonada,1,24.58,24.58,para llevar,False,,,,,,2026-07-03,18:50:00,entregado,pago en línea,pagado,188.48,30.16,218.64,44.0,4.0,VIP,True
3414,2375,171,Lucía Flores,lucía.flores171@correo.com,2026-02-17,Página web,Alimentos,Panini de jamón y queso,1,48.77,48.77,para llevar,False,,,,,,2026-07-03,18:50:00,entregado,pago en línea,pagado,188.48,30.16,218.64,44.0,4.0,VIP,True
3415,2375,171,Lucía Flores,lucía.flores171@correo.com,2026-02-17,Página web,Bebidas calientes,Té verde,2,35.0,70.0,para llevar,False,,,,,,2026-07-03,18:50:00,entregado,pago en línea,pagado,188.48,30.16,218.64,44.0,4.0,VIP,True
3416,2375,171,Lucía Flores,lucía.flores171@correo.com,2026-02-17,Página web,Café caliente,Café de olla,1,45.13,45.13,para llevar,False,,,,,,2026-07-03,18:50:00,entregado,pago en línea,pagado,188.48,30.16,218.64,44.0,4.0,VIP,True
3417,2376,107,Estefanía Castillo,estefanía.castillo107@correo.com,2025-11-21,Presencial (mesero),Café caliente,Café de olla,3,32.18,96.54,en el lugar,False,1.0,Salón principal,pareja,,,2026-06-30,14:45:00,entregado,efectivo,pagado,96.54,15.45,111.99,16.0,4.0,Frecuente,False
3418,2377,99,Andrea Martínez,andrea.martínez99@correo.com,2025-08-29,Página web,Repostería,Brownie,3,58.76,176.28,en el lugar,False,9.0,Salón principal,pareja,,,2025-12-28,10:55:00,entregado,pago en línea,pagado,176.28,28.2,204.48,28.0,2.0,Frecuente,True
3419,2378,119,Karla Ortiz,karla.ortiz119@correo.com,2025-01-30,Presencial (mesero),Repostería,Pay de queso,1,35.59,35.59,en el lugar,False,3.0,Zona de estudio,grupal,,,2025-06-06,08:30:00,entregado,efectivo,pagado,340.85,54.54,395.39,42.0,4.0,Recurrente,False
3420,2378,119,Karla Ortiz,karla.ortiz119@correo.com,2025-01-30,Presencial (mesero),Café caliente,Capuchino,2,52.7,105.4,en el lugar,False,3.0,Zona de estudio,grupal,,,2025-06-06,08:30:00,entregado,efectivo,pagado,340.85,54.54,395.39,42.0,4.0,Recurrente,False
3421,2378,119,Karla Ortiz,karla.ortiz119@correo.com,2025-01-30,Presencial (mesero),Repostería,Brownie,3,53.37,160.11,en el lugar,False,3.0,Zona de estudio,grupal,,,2025-06-06,08:30:00,entregado,efectivo,pagado,340.85,54.54,395.39,42.0,4.0,Recurrente,False
3422,2378,119,Karla Ortiz,karla.ortiz119@correo.com,2025-01-30,Presencial (mesero),Café frío,Frappuccino de caramelo,1,39.75,39.75,en el lugar,False,3.0,Zona de estudio,grupal,,,2025-06-06,08:30:00,entregado,efectivo,pagado,340.85,54.54,395.39,42.0,4.0,Recurrente,False
3423,2379,95,Sofía Castillo,sofía.castillo95@correo.com,2025-01-01,Página web,Alimentos,Bagel con queso crema,2,89.09,178.18,en el lugar,False,16.0,Barra,individual,,,2025-09-01,18:05:00,listo,pago en línea,pagado,414.12,66.26,480.38,32.0,,Frecuente,True
3424,2379,95,Sofía Castillo,sofía.castillo95@correo.com,2025-01-01,Página web,Repostería,Muffin de arándano,3,31.69,95.07,en el lugar,False,16.0,Barra,individual,,,2025-09-01,18:05:00,listo,pago en línea,pagado,414.12,66.26,480.38,32.0,,Frecuente,True
3425,2379,95,Sofía Castillo,sofía.castillo95@correo.com,2025-01-01,Página web,Repostería,Croissant,2,47.04,94.08,en el lugar,False,16.0,Barra,individual,,,2025-09-01,18:05:00,listo,pago en línea,pagado,414.12,66.26,480.38,32.0,,Frecuente,True
3426,2379,95,Sofía Castillo,sofía.castillo95@correo.com,2025-01-01,Página web,Repostería,Muffin de arándano,1,46.79,46.79,en el lugar,False,16.0,Barra,individual,,,2025-09-01,18:05:00,listo,pago en línea,pagado,414.12,66.26,480.38,32.0,,Frecuente,True
3427,2380,135,Julián Castillo,julián.castillo135@correo.com,2026-03-15,Página web,Café frío,Frappé de café,1,57.89,57.89,para llevar,False,,,,,,2026-06-15,14:05:00,listo,pago en línea,pagado,57.89,9.26,67.15,25.0,,VIP,True
3428,2381,205,Ximena Flores,ximena.flores205@correo.com,2025-08-21,Página web,Bebidas calientes,Té chai,1,36.35,36.35,para llevar,False,,,,,,2026-05-21,17:00:00,entregado,efectivo,pagado,36.35,5.82,42.17,34.0,4.0,Frecuente,True
3429,2382,151,Marco Torres,marco.torres151@correo.com,2026-06-22,Página web,Bebidas calientes,Chocolate caliente,1,27.52,27.52,para llevar,False,,,,,,2026-08-05,12:35:00,entregado,pago en línea,pagado,260.12,41.62,301.74,14.0,1.0,Frecuente,True
3430,2382,151,Marco Torres,marco.torres151@correo.com,2026-06-22,Página web,Repostería,Brownie,3,30.38,91.14,para llevar,False,,,,,,2026-08-05,12:35:00,entregado,pago en línea,pagado,260.12,41.62,301.74,14.0,1.0,Frecuente,True
3431,2382,151,Marco Torres,marco.torres151@correo.com,2026-06-22,Página web,Café caliente,Americano,2,39.14,78.28,para llevar,False,,,,,,2026-08-05,12:35:00,entregado,pago en línea,pagado,260.12,41.62,301.74,14.0,1.0,Frecuente,True
3432,2382,151,Marco Torres,marco.torres151@correo.com,2026-06-22,Página web,Bebidas frías,Limonada,3,21.06,63.18,para llevar,False,,,,,,2026-08-05,12:35:00,entregado,pago en línea,pagado,260.12,41.62,301.74,14.0,1.0,Frecuente,True
3433,2383,157,Carlos Torres,carlos.torres157@correo.com,2026-05-05,Página web,Café frío,Frappuccino de caramelo,2,44.32,88.64,para llevar,False,,,,,,2026-07-30,12:10:00,listo,pago en línea,pagado,171.18,27.39,198.57,44.0,,VIP,True
3434,2383,157,Carlos Torres,carlos.torres157@correo.com,2026-05-05,Página web,Café caliente,Capuchino,2,41.27,82.54,para llevar,False,,,,,,2026-07-30,12:10:00,listo,pago en línea,pagado,171.18,27.39,198.57,44.0,,VIP,True
3435,2384,97,Óscar Sánchez,óscar.sánchez97@correo.com,2026-06-08,Página web,Repostería,Brownie,2,43.46,86.92,para llevar,False,,,,,,2026-06-09,07:50:00,en preparación,pago en línea,pagado,120.89,19.34,140.23,,,Frecuente,True
3436,2384,97,Óscar Sánchez,óscar.sánchez97@correo.com,2026-06-08,Página web,Bebidas calientes,Té verde,1,33.97,33.97,para llevar,False,,,,,,2026-06-09,07:50:00,en preparación,pago en línea,pagado,120.89,19.34,140.23,,,Frecuente,True
3437,2385,120,Andrea Reyes,andrea.reyes120@correo.com,2025-06-19,Presencial (mostrador),Alimentos,Sandwich club,1,94.15,94.15,en el lugar,False,11.0,Barra,grupal,,,2025-09-07,16:40:00,entregado,transferencia,pagado,376.62,60.26,436.88,20.0,5.0,Frecuente,False
3438,2385,120,Andrea Reyes,andrea.reyes120@correo.com,2025-06-19,Presencial (mostrador),Café frío,Frappé de café,2,58.69,117.38,en el lugar,False,11.0,Barra,grupal,,,2025-09-07,16:40:00,entregado,transferencia,pagado,376.62,60.26,436.88,20.0,5.0,Frecuente,False
3439,2385,120,Andrea Reyes,andrea.reyes120@correo.com,2025-06-19,Presencial (mostrador),Café frío,Frappuccino de caramelo,2,58.07,116.14,en el lugar,False,11.0,Barra,grupal,,,2025-09-07,16:40:00,entregado,transferencia,pagado,376.62,60.26,436.88,20.0,5.0,Frecuente,False
3440,2385,120,Andrea Reyes,andrea.reyes120@correo.com,2025-06-19,Presencial (mostrador),Café frío,Café helado,1,48.95,48.95,en el lugar,False,11.0,Barra,grupal,,,2025-09-07,16:40:00,entregado,transferencia,pagado,376.62,60.26,436.88,20.0,5.0,Frecuente,False
3441,2386,98,Ricardo Martínez,ricardo.martínez98@correo.com,2025-10-18,Página web,Alimentos,Sandwich club,3,88.23,264.69,para llevar,False,,,,,,2025-12-30,16:45:00,cancelado,pago en línea,reembolsado,530.84,84.93,615.77,,,VIP,True
3442,2386,98,Ricardo Martínez,ricardo.martínez98@correo.com,2025-10-18,Página web,Bebidas calientes,Té verde,1,31.02,31.02,para llevar,False,,,,,,2025-12-30,16:45:00,cancelado,pago en línea,reembolsado,530.84,84.93,615.77,,,VIP,True
3443,2386,98,Ricardo Martínez,ricardo.martínez98@correo.com,2025-10-18,Página web,Alimentos,Panini de jamón y queso,3,57.47,172.41,para llevar,False,,,,,,2025-12-30,16:45:00,cancelado,pago en línea,reembolsado,530.84,84.93,615.77,,,VIP,True
3444,2386,98,Ricardo Martínez,ricardo.martínez98@correo.com,2025-10-18,Página web,Bebidas calientes,Té verde,2,31.36,62.72,para llevar,False,,,,,,2025-12-30,16:45:00,cancelado,pago en línea,reembolsado,530.84,84.93,615.77,,,VIP,True
3445,2387,222,Daniela Sánchez,daniela.sánchez222@correo.com,2025-05-16,Página web,Bebidas frías,Limonada,2,26.12,52.24,en el lugar,False,2.0,Barra,pareja,,,2025-08-14,17:15:00,cancelado,pago en línea,reembolsado,157.48,25.2,182.68,,,Frecuente,True
3446,2387,222,Daniela Sánchez,daniela.sánchez222@correo.com,2025-05-16,Página web,Café frío,Frappuccino de caramelo,2,52.62,105.24,en el lugar,False,2.0,Barra,pareja,,,2025-08-14,17:15:00,cancelado,pago en línea,reembolsado,157.48,25.2,182.68,,,Frecuente,True
3447,2388,26,Gabriela Hernández,gabriela.hernández26@correo.com,2025-04-28,Presencial (mostrador),Café frío,Frappé de café,1,61.76,61.76,en el lugar,True,12.0,Salón principal,grupal,2026-07-06,completada,2026-07-09,10:55:00,entregado,tarjeta,pagado,187.82,30.05,217.87,21.0,5.0,Frecuente,False
3448,2388,26,Gabriela Hernández,gabriela.hernández26@correo.com,2025-04-28,Presencial (mostrador),Café frío,Frappé de café,2,63.03,126.06,en el lugar,True,12.0,Salón principal,grupal,2026-07-06,completada,2026-07-09,10:55:00,entregado,tarjeta,pagado,187.82,30.05,217.87,21.0,5.0,Frecuente,False
3449,2389,169,Diego López,diego.lópez169@correo.com,2025-09-30,Presencial (mostrador),Repostería,Concha,1,47.17,47.17,para llevar,False,,,,,,2025-10-25,09:15:00,entregado,tarjeta,pagado,178.9,28.62,207.52,16.0,5.0,VIP,False
3450,2389,169,Diego López,diego.lópez169@correo.com,2025-09-30,Presencial (mostrador),Bebidas frías,Agua mineral,2,23.82,47.64,para llevar,False,,,,,,2025-10-25,09:15:00,entregado,tarjeta,pagado,178.9,28.62,207.52,16.0,5.0,VIP,False
3451,2389,169,Diego López,diego.lópez169@correo.com,2025-09-30,Presencial (mostrador),Alimentos,Bagel con queso crema,1,47.75,47.75,para llevar,False,,,,,,2025-10-25,09:15:00,entregado,tarjeta,pagado,178.9,28.62,207.52,16.0,5.0,VIP,False
3452,2389,169,Diego López,diego.lópez169@correo.com,2025-09-30,Presencial (mostrador),Café frío,Café helado,1,36.34,36.34,para llevar,False,,,,,,2025-10-25,09:15:00,entregado,tarjeta,pagado,178.9,28.62,207.52,16.0,5.0,VIP,False
3453,2390,53,Gabriela Ortiz,gabriela.ortiz53@correo.com,2025-06-08,Presencial (mostrador),Café caliente,Café de olla,2,53.81,107.62,para llevar,False,,,,,,2025-11-22,08:00:00,en preparación,tarjeta,pagado,303.49,48.56,352.05,,,Frecuente,False
3454,2390,53,Gabriela Ortiz,gabriela.ortiz53@correo.com,2025-06-08,Presencial (mostrador),Repostería,Dona glaseada,2,59.92,119.84,para llevar,False,,,,,,2025-11-22,08:00:00,en preparación,tarjeta,pagado,303.49,48.56,352.05,,,Frecuente,False
3455,2390,53,Gabriela Ortiz,gabriela.ortiz53@correo.com,2025-06-08,Presencial (mostrador),Café caliente,Capuchino,1,32.1,32.1,para llevar,False,,,,,,2025-11-22,08:00:00,en preparación,tarjeta,pagado,303.49,48.56,352.05,,,Frecuente,False
3456,2390,53,Gabriela Ortiz,gabriela.ortiz53@correo.com,2025-06-08,Presencial (mostrador),Bebidas calientes,Té verde,1,43.93,43.93,para llevar,False,,,,,,2025-11-22,08:00:00,en preparación,tarjeta,pagado,303.49,48.56,352.05,,,Frecuente,False
3457,2391,149,Alejandro Ramírez,alejandro.ramírez149@correo.com,2025-05-04,Página web,Alimentos,Sandwich club,1,74.32,74.32,para llevar,False,,,,,,2026-03-03,16:10:00,entregado,pago en línea,pagado,74.32,11.89,86.21,30.0,3.0,Frecuente,True
3458,2392,231,Fernanda López,fernanda.lópez231@correo.com,2025-02-16,Presencial (mesero),Alimentos,Sandwich club,2,89.71,179.42,en el lugar,True,9.0,Terraza,grupal,2025-03-06,completada,2025-03-09,12:55:00,entregado,tarjeta,pagado,328.72,52.6,381.32,35.0,3.0,Frecuente,False
3459,2392,231,Fernanda López,fernanda.lópez231@correo.com,2025-02-16,Presencial (mesero),Alimentos,Panini de jamón y queso,1,84.88,84.88,en el lugar,True,9.0,Terraza,grupal,2025-03-06,completada,2025-03-09,12:55:00,entregado,tarjeta,pagado,328.72,52.6,381.32,35.0,3.0,Frecuente,False
3460,2392,231,Fernanda López,fernanda.lópez231@correo.com,2025-02-16,Presencial (mesero),Café frío,Cold brew,1,64.42,64.42,en el lugar,True,9.0,Terraza,grupal,2025-03-06,completada,2025-03-09,12:55:00,entregado,tarjeta,pagado,328.72,52.6,381.32,35.0,3.0,Frecuente,False
3461,2393,39,Michelle Vázquez,michelle.vázquez39@correo.com,2026-07-22,Página web,Café caliente,Latte,1,39.77,39.77,en el lugar,False,18.0,Zona de estudio,grupal,,,2026-07-25,18:30:00,entregado,pago en línea,pagado,39.77,6.36,46.13,26.0,5.0,Frecuente,True
3462,2394,191,Hugo López,hugo.lópez191@correo.com,2025-03-13,Presencial (mostrador),Café frío,Cold brew,3,55.78,167.34,en el lugar,False,12.0,Barra,grupal,,,2025-08-17,07:25:00,entregado,efectivo,pagado,292.89,46.86,339.75,26.0,5.0,Frecuente,False
3463,2394,191,Hugo López,hugo.lópez191@correo.com,2025-03-13,Presencial (mostrador),Alimentos,Sandwich club,1,90.65,90.65,en el lugar,False,12.0,Barra,grupal,,,2025-08-17,07:25:00,entregado,efectivo,pagado,292.89,46.86,339.75,26.0,5.0,Frecuente,False
3464,2394,191,Hugo López,hugo.lópez191@correo.com,2025-03-13,Presencial (mostrador),Bebidas frías,Té helado,1,34.9,34.9,en el lugar,False,12.0,Barra,grupal,,,2025-08-17,07:25:00,entregado,efectivo,pagado,292.89,46.86,339.75,26.0,5.0,Frecuente,False
3465,2395,166,Raúl Cruz,raúl.cruz166@correo.com,2026-04-27,Presencial (mostrador),Bebidas frías,Jugo de naranja,2,24.14,48.28,en el lugar,False,20.0,Salón principal,pareja,,,2026-08-02,19:30:00,listo,transferencia,pagado,48.28,7.72,56.0,33.0,,VIP,False
3466,2396,206,María García,maría.garcía206@correo.com,2026-03-31,Página web,Bebidas frías,Agua mineral,3,38.65,115.95,para llevar,False,,,,,,2026-04-29,13:15:00,cancelado,pago en línea,reembolsado,115.95,18.55,134.5,,,VIP,True
3467,2397,2,María Castillo,maría.castillo2@correo.com,2025-03-31,Presencial (mostrador),Bebidas calientes,Infusión de manzanilla,3,28.13,84.39,en el lugar,True,13.0,Salón principal,pareja,2025-04-20,completada,2025-04-23,12:50:00,entregado,tarjeta,pagado,129.62,20.74,150.36,26.0,4.0,Recurrente,False
3468,2397,2,María Castillo,maría.castillo2@correo.com,2025-03-31,Presencial (mostrador),Café caliente,Mocaccino,1,45.23,45.23,en el lugar,True,13.0,Salón principal,pareja,2025-04-20,completada,2025-04-23,12:50:00,entregado,tarjeta,pagado,129.62,20.74,150.36,26.0,4.0,Recurrente,False
3469,2398,6,José Pérez,josé.pérez6@correo.com,2026-03-09,Página web,Bebidas calientes,Té chai,3,44.19,132.57,para llevar,False,,,,,,2026-07-01,09:50:00,entregado,pago en línea,pagado,248.69,39.79,288.48,41.0,2.0,VIP,True
3470,2398,6,José Pérez,josé.pérez6@correo.com,2026-03-09,Página web,Café frío,Frappé de café,2,58.06,116.12,para llevar,False,,,,,,2026-07-01,09:50:00,entregado,pago en línea,pagado,248.69,39.79,288.48,41.0,2.0,VIP,True
3471,2399,141,Regina Gómez,regina.gómez141@correo.com,2025-07-06,Página web,Repostería,Brownie,2,26.24,52.48,en el lugar,True,9.0,Zona de estudio,pareja,2026-07-29,completada,2026-07-30,16:45:00,en preparación,pago en línea,pagado,232.05,37.13,269.18,,,Frecuente,True
3472,2399,141,Regina Gómez,regina.gómez141@correo.com,2025-07-06,Página web,Alimentos,Panini de jamón y queso,1,71.34,71.34,en el lugar,True,9.0,Zona de estudio,pareja,2026-07-29,completada,2026-07-30,16:45:00,en preparación,pago en línea,pagado,232.05,37.13,269.18,,,Frecuente,True
3473,2399,141,Regina Gómez,regina.gómez141@correo.com,2025-07-06,Página web,Bebidas calientes,Infusión de manzanilla,1,33.99,33.99,en el lugar,True,9.0,Zona de estudio,pareja,2026-07-29,completada,2026-07-30,16:45:00,en preparación,pago en línea,pagado,232.05,37.13,269.18,,,Frecuente,True
3474,2399,141,Regina Gómez,regina.gómez141@correo.com,2025-07-06,Página web,Café caliente,Café de olla,2,37.12,74.24,en el lugar,True,9.0,Zona de estudio,pareja,2026-07-29,completada,2026-07-30,16:45:00,en preparación,pago en línea,pagado,232.05,37.13,269.18,,,Frecuente,True
3475,2400,57,Hugo Martínez,hugo.martínez57@correo.com,2025-07-10,Página web,Bebidas calientes,Infusión de manzanilla,1,29.19,29.19,en el lugar,False,13.0,Salón principal,pareja,,,2025-12-12,12:30:00,entregado,pago en línea,pagado,29.19,4.67,33.86,10.0,5.0,VIP,True
3476,2401,66,Pablo Flores,pablo.flores66@correo.com,2026-06-26,Presencial (mostrador),Alimentos,Panini de jamón y queso,1,69.11,69.11,para llevar,False,,,,,,2026-07-04,12:40:00,entregado,efectivo,pagado,179.73,28.76,208.49,43.0,4.0,VIP,False
3477,2401,66,Pablo Flores,pablo.flores66@correo.com,2026-06-26,Presencial (mostrador),Café frío,Frappé de café,2,55.31,110.62,para llevar,False,,,,,,2026-07-04,12:40:00,entregado,efectivo,pagado,179.73,28.76,208.49,43.0,4.0,VIP,False
3478,2402,15,Renata Martínez,renata.martínez15@correo.com,2025-06-25,Presencial (mostrador),Café frío,Café helado,2,63.66,127.32,en el lugar,True,10.0,Barra,grupal,2026-02-25,completada,2026-02-26,08:45:00,entregado,tarjeta,pagado,127.32,20.37,147.69,9.0,5.0,VIP,False
3479,2403,9,Yuleni Cruz,yuleni.cruz9@correo.com,2026-07-04,Página web,Café frío,Frappuccino de caramelo,3,39.05,117.15,en el lugar,False,2.0,Salón principal,grupal,,,2026-08-15,07:25:00,listo,pago en línea,pagado,274.72,43.96,318.68,45.0,,Frecuente,True
3480,2403,9,Yuleni Cruz,yuleni.cruz9@correo.com,2026-07-04,Página web,Alimentos,Sandwich club,1,64.59,64.59,en el lugar,False,2.0,Salón principal,grupal,,,2026-08-15,07:25:00,listo,pago en línea,pagado,274.72,43.96,318.68,45.0,,Frecuente,True
3481,2403,9,Yuleni Cruz,yuleni.cruz9@correo.com,2026-07-04,Página web,Café caliente,Americano,1,49.56,49.56,en el lugar,False,2.0,Salón principal,grupal,,,2026-08-15,07:25:00,listo,pago en línea,pagado,274.72,43.96,318.68,45.0,,Frecuente,True
3482,2403,9,Yuleni Cruz,yuleni.cruz9@correo.com,2026-07-04,Página web,Repostería,Croissant,1,43.42,43.42,en el lugar,False,2.0,Salón principal,grupal,,,2026-08-15,07:25:00,listo,pago en línea,pagado,274.72,43.96,318.68,45.0,,Frecuente,True
3483,2404,146,Iván Ramírez,iván.ramírez146@correo.com,2026-02-19,Página web,Alimentos,Panini de jamón y queso,2,60.7,121.4,en el lugar,False,8.0,Terraza,pareja,,,2026-03-11,11:15:00,entregado,pago en línea,pagado,121.4,19.42,140.82,32.0,5.0,VIP,True
3484,2405,188,Fernanda López,fernanda.lópez188@correo.com,2026-05-26,Página web,Café frío,Cold brew,2,45.1,90.2,para llevar,False,,,,,,2026-06-14,15:45:00,entregado,pago en línea,pagado,309.53,49.52,359.05,36.0,4.0,Frecuente,True
3485,2405,188,Fernanda López,fernanda.lópez188@correo.com,2026-05-26,Página web,Alimentos,Ensalada César,1,76.59,76.59,para llevar,False,,,,,,2026-06-14,15:45:00,entregado,pago en línea,pagado,309.53,49.52,359.05,36.0,4.0,Frecuente,True
3486,2405,188,Fernanda López,fernanda.lópez188@correo.com,2026-05-26,Página web,Café caliente,Espresso,2,32.48,64.96,para llevar,False,,,,,,2026-06-14,15:45:00,entregado,pago en línea,pagado,309.53,49.52,359.05,36.0,4.0,Frecuente,True
3487,2405,188,Fernanda López,fernanda.lópez188@correo.com,2026-05-26,Página web,Café frío,Frappé de café,2,38.89,77.78,para llevar,False,,,,,,2026-06-14,15:45:00,entregado,pago en línea,pagado,309.53,49.52,359.05,36.0,4.0,Frecuente,True
3488,2406,114,Ana Morales,ana.morales114@correo.com,2026-02-22,Página web,Café caliente,Café de olla,3,50.97,152.91,para llevar,False,,,,,,2026-03-20,09:25:00,entregado,pago en línea,pagado,354.78,56.76,411.54,21.0,3.0,Frecuente,True
3489,2406,114,Ana Morales,ana.morales114@correo.com,2026-02-22,Página web,Café frío,Frappé de café,3,45.1,135.3,para llevar,False,,,,,,2026-03-20,09:25:00,entregado,pago en línea,pagado,354.78,56.76,411.54,21.0,3.0,Frecuente,True
3490,2406,114,Ana Morales,ana.morales114@correo.com,2026-02-22,Página web,Alimentos,Panini de jamón y queso,1,66.57,66.57,para llevar,False,,,,,,2026-03-20,09:25:00,entregado,pago en línea,pagado,354.78,56.76,411.54,21.0,3.0,Frecuente,True
3491,2407,206,María García,maría.garcía206@correo.com,2026-03-31,Página web,Alimentos,Ensalada César,2,86.46,172.92,en el lugar,True,20.0,Terraza,grupal,2026-04-29,cancelada,2026-05-02,14:40:00,entregado,pago en línea,pagado,465.56,74.49,540.05,12.0,5.0,VIP,True
3492,2407,206,María García,maría.garcía206@correo.com,2026-03-31,Página web,Repostería,Muffin de arándano,3,35.6,106.8,en el lugar,True,20.0,Terraza,grupal,2026-04-29,cancelada,2026-05-02,14:40:00,entregado,pago en línea,pagado,465.56,74.49,540.05,12.0,5.0,VIP,True
3493,2407,206,María García,maría.garcía206@correo.com,2026-03-31,Página web,Café caliente,Americano,3,32.32,96.96,en el lugar,True,20.0,Terraza,grupal,2026-04-29,cancelada,2026-05-02,14:40:00,entregado,pago en línea,pagado,465.56,74.49,540.05,12.0,5.0,VIP,True
3494,2407,206,María García,maría.garcía206@correo.com,2026-03-31,Página web,Repostería,Dona glaseada,2,44.44,88.88,en el lugar,True,20.0,Terraza,grupal,2026-04-29,cancelada,2026-05-02,14:40:00,entregado,pago en línea,pagado,465.56,74.49,540.05,12.0,5.0,VIP,True
3495,2408,54,Iván Sánchez,iván.sánchez54@correo.com,2025-03-01,Página web,Café caliente,Café de olla,1,28.85,28.85,para llevar,False,,,,,,2025-11-06,20:35:00,entregado,pago en línea,pagado,28.85,4.62,33.47,32.0,5.0,VIP,True
3496,2409,73,Gabriela Morales,gabriela.morales73@correo.com,2026-07-29,Presencial (mesero),Alimentos,Sandwich club,2,88.67,177.34,en el lugar,False,8.0,Barra,individual,,,2026-08-18,16:05:00,entregado,efectivo,pagado,318.08,50.89,368.97,17.0,4.0,Frecuente,False
3497,2409,73,Gabriela Morales,gabriela.morales73@correo.com,2026-07-29,Presencial (mesero),Bebidas frías,Té helado,2,36.62,73.24,en el lugar,False,8.0,Barra,individual,,,2026-08-18,16:05:00,entregado,efectivo,pagado,318.08,50.89,368.97,17.0,4.0,Frecuente,False
3498,2409,73,Gabriela Morales,gabriela.morales73@correo.com,2026-07-29,Presencial (mesero),Bebidas frías,Jugo de naranja,3,22.5,67.5,en el lugar,False,8.0,Barra,individual,,,2026-08-18,16:05:00,entregado,efectivo,pagado,318.08,50.89,368.97,17.0,4.0,Frecuente,False
3499,2410,201,Paola Morales,paola.morales201@correo.com,2025-06-08,Página web,Café frío,Frappé de café,1,50.47,50.47,en el lugar,False,10.0,Terraza,individual,,,2025-11-10,18:35:00,entregado,pago en línea,pagado,50.47,8.08,58.55,43.0,2.0,Frecuente,True
3500,2411,10,Adrián Martínez,adrián.martínez10@correo.com,2026-07-20,Página web,Repostería,Muffin de arándano,3,40.77,122.31,en el lugar,False,8.0,Salón principal,pareja,,,2026-08-09,08:20:00,entregado,pago en línea,pagado,122.31,19.57,141.88,8.0,5.0,Frecuente,True
3501,2412,117,Julián Flores,julián.flores117@correo.com,2026-02-04,Presencial (mostrador),Bebidas frías,Limonada,1,21.38,21.38,en el lugar,False,15.0,Terraza,pareja,,,2026-06-30,18:20:00,entregado,transferencia,pagado,453.12,72.5,525.62,25.0,1.0,Frecuente,False
3502,2412,117,Julián Flores,julián.flores117@correo.com,2026-02-04,Presencial (mostrador),Café frío,Frappé de café,2,42.88,85.76,en el lugar,False,15.0,Terraza,pareja,,,2026-06-30,18:20:00,entregado,transferencia,pagado,453.12,72.5,525.62,25.0,1.0,Frecuente,False
3503,2412,117,Julián Flores,julián.flores117@correo.com,2026-02-04,Presencial (mostrador),Repostería,Pay de queso,2,34.51,69.02,en el lugar,False,15.0,Terraza,pareja,,,2026-06-30,18:20:00,entregado,transferencia,pagado,453.12,72.5,525.62,25.0,1.0,Frecuente,False
3504,2412,117,Julián Flores,julián.flores117@correo.com,2026-02-04,Presencial (mostrador),Alimentos,Bagel con queso crema,3,92.32,276.96,en el lugar,False,15.0,Terraza,pareja,,,2026-06-30,18:20:00,entregado,transferencia,pagado,453.12,72.5,525.62,25.0,1.0,Frecuente,False
3505,2413,114,Ana Morales,ana.morales114@correo.com,2026-02-22,Página web,Bebidas frías,Jugo de naranja,3,32.27,96.81,para llevar,False,,,,,,2026-03-07,14:55:00,en preparación,tarjeta,pagado,223.38,35.74,259.12,,,Frecuente,True
3506,2413,114,Ana Morales,ana.morales114@correo.com,2026-02-22,Página web,Bebidas frías,Refresco de cola,1,20.07,20.07,para llevar,False,,,,,,2026-03-07,14:55:00,en preparación,tarjeta,pagado,223.38,35.74,259.12,,,Frecuente,True
3507,2413,114,Ana Morales,ana.morales114@correo.com,2026-02-22,Página web,Café frío,Cold brew,2,53.25,106.5,para llevar,False,,,,,,2026-03-07,14:55:00,en preparación,tarjeta,pagado,223.38,35.74,259.12,,,Frecuente,True
3508,2414,248,Estefanía García,estefanía.garcía248@correo.com,2025-03-07,Presencial (mesero),Café caliente,Americano,2,32.53,65.06,para llevar,False,,,,,,2025-12-27,08:10:00,entregado,efectivo,pagado,290.79,46.53,337.32,13.0,3.0,Frecuente,False
3509,2414,248,Estefanía García,estefanía.garcía248@correo.com,2025-03-07,Presencial (mesero),Alimentos,Ensalada César,1,56.69,56.69,para llevar,False,,,,,,2025-12-27,08:10:00,entregado,efectivo,pagado,290.79,46.53,337.32,13.0,3.0,Frecuente,False
3510,2414,248,Estefanía García,estefanía.garcía248@correo.com,2025-03-07,Presencial (mesero),Café caliente,Mocaccino,1,45.44,45.44,para llevar,False,,,,,,2025-12-27,08:10:00,entregado,efectivo,pagado,290.79,46.53,337.32,13.0,3.0,Frecuente,False
3511,2414,248,Estefanía García,estefanía.garcía248@correo.com,2025-03-07,Presencial (mesero),Café caliente,Capuchino,3,41.2,123.6,para llevar,False,,,,,,2025-12-27,08:10:00,entregado,efectivo,pagado,290.79,46.53,337.32,13.0,3.0,Frecuente,False
3512,2415,158,Sofía Ortiz,sofía.ortiz158@correo.com,2025-03-17,Presencial (mostrador),Repostería,Croissant,2,38.87,77.74,para llevar,False,,,,,,2025-04-13,15:45:00,entregado,efectivo,pagado,169.88,27.18,197.06,41.0,5.0,Frecuente,False
3513,2415,158,Sofía Ortiz,sofía.ortiz158@correo.com,2025-03-17,Presencial (mostrador),Alimentos,Ensalada César,2,46.07,92.14,para llevar,False,,,,,,2025-04-13,15:45:00,entregado,efectivo,pagado,169.88,27.18,197.06,41.0,5.0,Frecuente,False
3514,2416,48,Ximena Martínez,ximena.martínez48@correo.com,2026-03-30,Página web,Bebidas calientes,Chocolate caliente,1,33.11,33.11,en el lugar,False,19.0,Zona de estudio,grupal,,,2026-07-10,14:45:00,entregado,pago en línea,pagado,33.11,5.3,38.41,11.0,5.0,Frecuente,True
3515,2417,82,Diego Sánchez,diego.sánchez82@correo.com,2026-04-17,Página web,Repostería,Brownie,3,56.76,170.28,para llevar,False,,,,,,2026-08-12,14:35:00,entregado,efectivo,pagado,403.26,64.52,467.78,25.0,1.0,VIP,True
3516,2417,82,Diego Sánchez,diego.sánchez82@correo.com,2026-04-17,Página web,Bebidas frías,Limonada,3,36.18,108.54,para llevar,False,,,,,,2026-08-12,14:35:00,entregado,efectivo,pagado,403.26,64.52,467.78,25.0,1.0,VIP,True
3517,2417,82,Diego Sánchez,diego.sánchez82@correo.com,2026-04-17,Página web,Café caliente,Latte,2,42.25,84.5,para llevar,False,,,,,,2026-08-12,14:35:00,entregado,efectivo,pagado,403.26,64.52,467.78,25.0,1.0,VIP,True
3518,2417,82,Diego Sánchez,diego.sánchez82@correo.com,2026-04-17,Página web,Café caliente,Espresso,1,39.94,39.94,para llevar,False,,,,,,2026-08-12,14:35:00,entregado,efectivo,pagado,403.26,64.52,467.78,25.0,1.0,VIP,True
3519,2418,68,Alejandro García,alejandro.garcía68@correo.com,2025-04-20,Presencial (mesero),Bebidas frías,Refresco de cola,3,28.95,86.85,para llevar,False,,,,,,2026-03-01,07:10:00,entregado,tarjeta,pagado,285.66,45.71,331.37,31.0,2.0,Frecuente,False
3520,2418,68,Alejandro García,alejandro.garcía68@correo.com,2025-04-20,Presencial (mesero),Café frío,Cold brew,2,42.0,84.0,para llevar,False,,,,,,2026-03-01,07:10:00,entregado,tarjeta,pagado,285.66,45.71,331.37,31.0,2.0,Frecuente,False
3521,2418,68,Alejandro García,alejandro.garcía68@correo.com,2025-04-20,Presencial (mesero),Bebidas calientes,Té verde,3,38.27,114.81,para llevar,False,,,,,,2026-03-01,07:10:00,entregado,tarjeta,pagado,285.66,45.71,331.37,31.0,2.0,Frecuente,False
3522,2419,221,Jorge Martínez,jorge.martínez221@correo.com,2025-10-30,Presencial (mesero),Repostería,Croissant,3,56.74,170.22,para llevar,False,,,,,,2026-01-20,10:45:00,entregado,efectivo,pagado,304.2,48.67,352.87,33.0,5.0,Frecuente,False
3523,2419,221,Jorge Martínez,jorge.martínez221@correo.com,2025-10-30,Presencial (mesero),Café caliente,Capuchino,3,44.66,133.98,para llevar,False,,,,,,2026-01-20,10:45:00,entregado,efectivo,pagado,304.2,48.67,352.87,33.0,5.0,Frecuente,False
3524,2420,22,Sofía Díaz,sofía.díaz22@correo.com,2025-08-13,Página web,Café frío,Frappé de café,1,64.83,64.83,para llevar,False,,,,,,2026-02-07,10:55:00,listo,pago en línea,pagado,512.81,82.05,594.86,41.0,,VIP,True
3525,2420,22,Sofía Díaz,sofía.díaz22@correo.com,2025-08-13,Página web,Café frío,Café helado,3,57.9,173.7,para llevar,False,,,,,,2026-02-07,10:55:00,listo,pago en línea,pagado,512.81,82.05,594.86,41.0,,VIP,True
3526,2420,22,Sofía Díaz,sofía.díaz22@correo.com,2025-08-13,Página web,Bebidas calientes,Chocolate caliente,3,30.46,91.38,para llevar,False,,,,,,2026-02-07,10:55:00,listo,pago en línea,pagado,512.81,82.05,594.86,41.0,,VIP,True
3527,2420,22,Sofía Díaz,sofía.díaz22@correo.com,2025-08-13,Página web,Alimentos,Bagel con queso crema,2,91.45,182.9,para llevar,False,,,,,,2026-02-07,10:55:00,listo,pago en línea,pagado,512.81,82.05,594.86,41.0,,VIP,True
3528,2421,51,Sofía De la Cruz,sofía.delacruz51@correo.com,2025-06-18,Presencial (mesero),Bebidas frías,Refresco de cola,2,33.28,66.56,para llevar,False,,,,,,2025-12-27,20:25:00,entregado,tarjeta,pagado,279.88,44.78,324.66,31.0,5.0,Frecuente,False
3529,2421,51,Sofía De la Cruz,sofía.delacruz51@correo.com,2025-06-18,Presencial (mesero),Repostería,Dona glaseada,2,27.74,55.48,para llevar,False,,,,,,2025-12-27,20:25:00,entregado,tarjeta,pagado,279.88,44.78,324.66,31.0,5.0,Frecuente,False
3530,2421,51,Sofía De la Cruz,sofía.delacruz51@correo.com,2025-06-18,Presencial (mesero),Café frío,Café helado,1,52.3,52.3,para llevar,False,,,,,,2025-12-27,20:25:00,entregado,tarjeta,pagado,279.88,44.78,324.66,31.0,5.0,Frecuente,False
3531,2421,51,Sofía De la Cruz,sofía.delacruz51@correo.com,2025-06-18,Presencial (mesero),Café caliente,Latte,2,52.77,105.54,para llevar,False,,,,,,2025-12-27,20:25:00,entregado,tarjeta,pagado,279.88,44.78,324.66,31.0,5.0,Frecuente,False
3532,2422,167,Iván Flores,iván.flores167@correo.com,2026-04-10,Presencial (mostrador),Alimentos,Bagel con queso crema,2,61.95,123.9,para llevar,False,,,,,,2026-05-05,14:15:00,entregado,transferencia,pagado,123.9,19.82,143.72,45.0,4.0,Frecuente,False
3533,2423,224,Marco Flores,marco.flores224@correo.com,2025-12-13,Presencial (mesero),Café frío,Frappuccino de caramelo,1,35.47,35.47,para llevar,False,,,,,,2026-05-04,16:15:00,entregado,tarjeta,pagado,294.68,47.15,341.83,14.0,4.0,VIP,False
3534,2423,224,Marco Flores,marco.flores224@correo.com,2025-12-13,Presencial (mesero),Repostería,Dona glaseada,2,59.2,118.4,para llevar,False,,,,,,2026-05-04,16:15:00,entregado,tarjeta,pagado,294.68,47.15,341.83,14.0,4.0,VIP,False
3535,2423,224,Marco Flores,marco.flores224@correo.com,2025-12-13,Presencial (mesero),Bebidas calientes,Té verde,3,32.21,96.63,para llevar,False,,,,,,2026-05-04,16:15:00,entregado,tarjeta,pagado,294.68,47.15,341.83,14.0,4.0,VIP,False
3536,2423,224,Marco Flores,marco.flores224@correo.com,2025-12-13,Presencial (mesero),Café caliente,Americano,1,44.18,44.18,para llevar,False,,,,,,2026-05-04,16:15:00,entregado,tarjeta,pagado,294.68,47.15,341.83,14.0,4.0,VIP,False
3537,2424,85,Renata Díaz,renata.díaz85@correo.com,2026-06-06,Presencial (mesero),Café caliente,Espresso,1,29.29,29.29,en el lugar,True,11.0,Salón principal,grupal,2026-08-14,completada,2026-08-14,13:30:00,entregado,efectivo,pagado,248.25,39.72,287.97,24.0,4.0,VIP,False
3538,2424,85,Renata Díaz,renata.díaz85@correo.com,2026-06-06,Presencial (mesero),Café caliente,Espresso,3,46.02,138.06,en el lugar,True,11.0,Salón principal,grupal,2026-08-14,completada,2026-08-14,13:30:00,entregado,efectivo,pagado,248.25,39.72,287.97,24.0,4.0,VIP,False
3539,2424,85,Renata Díaz,renata.díaz85@correo.com,2026-06-06,Presencial (mesero),Bebidas calientes,Té chai,2,26.66,53.32,en el lugar,True,11.0,Salón principal,grupal,2026-08-14,completada,2026-08-14,13:30:00,entregado,efectivo,pagado,248.25,39.72,287.97,24.0,4.0,VIP,False
3540,2424,85,Renata Díaz,renata.díaz85@correo.com,2026-06-06,Presencial (mesero),Repostería,Pay de queso,1,27.58,27.58,en el lugar,True,11.0,Salón principal,grupal,2026-08-14,completada,2026-08-14,13:30:00,entregado,efectivo,pagado,248.25,39.72,287.97,24.0,4.0,VIP,False
3541,2425,122,Michelle Martínez,michelle.martínez122@correo.com,2026-03-15,Presencial (mesero),Bebidas calientes,Infusión de manzanilla,1,34.56,34.56,en el lugar,True,18.0,Salón principal,grupal,2026-07-23,completada,2026-07-24,08:10:00,entregado,tarjeta,pagado,34.56,5.53,40.09,21.0,4.0,Frecuente,False
3542,2426,190,Gabriela López,gabriela.lópez190@correo.com,2026-01-28,Presencial (mostrador),Café caliente,Café de olla,2,31.74,63.48,en el lugar,True,15.0,Salón principal,grupal,2026-02-12,no_show,2026-02-15,07:20:00,en preparación,tarjeta,pagado,291.62,46.66,338.28,,,Frecuente,False
3543,2426,190,Gabriela López,gabriela.lópez190@correo.com,2026-01-28,Presencial (mostrador),Café caliente,Café de olla,2,42.77,85.54,en el lugar,True,15.0,Salón principal,grupal,2026-02-12,no_show,2026-02-15,07:20:00,en preparación,tarjeta,pagado,291.62,46.66,338.28,,,Frecuente,False
3544,2426,190,Gabriela López,gabriela.lópez190@correo.com,2026-01-28,Presencial (mostrador),Café frío,Frappé de café,1,47.32,47.32,en el lugar,True,15.0,Salón principal,grupal,2026-02-12,no_show,2026-02-15,07:20:00,en preparación,tarjeta,pagado,291.62,46.66,338.28,,,Frecuente,False
3545,2426,190,Gabriela López,gabriela.lópez190@correo.com,2026-01-28,Presencial (mostrador),Café caliente,Café de olla,2,47.64,95.28,en el lugar,True,15.0,Salón principal,grupal,2026-02-12,no_show,2026-02-15,07:20:00,en preparación,tarjeta,pagado,291.62,46.66,338.28,,,Frecuente,False
3546,2427,160,Ximena García,ximena.garcía160@correo.com,2026-07-26,Página web,Alimentos,Bagel con queso crema,2,60.84,121.68,en el lugar,True,1.0,Salón principal,individual,2026-08-04,completada,2026-08-07,08:50:00,entregado,pago en línea,pagado,188.24,30.12,218.36,23.0,5.0,VIP,True
3547,2427,160,Ximena García,ximena.garcía160@correo.com,2026-07-26,Página web,Bebidas calientes,Té chai,2,33.28,66.56,en el lugar,True,1.0,Salón principal,individual,2026-08-04,completada,2026-08-07,08:50:00,entregado,pago en línea,pagado,188.24,30.12,218.36,23.0,5.0,VIP,True
3548,2428,129,Ximena López,ximena.lópez129@correo.com,2026-04-30,Presencial (mostrador),Bebidas calientes,Infusión de manzanilla,3,41.1,123.3,en el lugar,False,6.0,Zona de estudio,individual,,,2026-05-18,10:45:00,listo,transferencia,pagado,161.57,25.85,187.42,37.0,,Frecuente,False
3549,2428,129,Ximena López,ximena.lópez129@correo.com,2026-04-30,Presencial (mostrador),Café caliente,Americano,1,38.27,38.27,en el lugar,False,6.0,Zona de estudio,individual,,,2026-05-18,10:45:00,listo,transferencia,pagado,161.57,25.85,187.42,37.0,,Frecuente,False
3550,2429,213,Julián Vázquez,julián.vázquez213@correo.com,2025-11-03,Página web,Café frío,Frappuccino de caramelo,1,58.0,58.0,en el lugar,True,6.0,Zona de estudio,individual,2026-03-13,cancelada,2026-03-16,16:45:00,entregado,pago en línea,pagado,129.5,20.72,150.22,9.0,5.0,VIP,True
3551,2429,213,Julián Vázquez,julián.vázquez213@correo.com,2025-11-03,Página web,Bebidas calientes,Infusión de manzanilla,1,35.15,35.15,en el lugar,True,6.0,Zona de estudio,individual,2026-03-13,cancelada,2026-03-16,16:45:00,entregado,pago en línea,pagado,129.5,20.72,150.22,9.0,5.0,VIP,True
3552,2429,213,Julián Vázquez,julián.vázquez213@correo.com,2025-11-03,Página web,Café caliente,Espresso,1,36.35,36.35,en el lugar,True,6.0,Zona de estudio,individual,2026-03-13,cancelada,2026-03-16,16:45:00,entregado,pago en línea,pagado,129.5,20.72,150.22,9.0,5.0,VIP,True
3553,2430,5,Pablo Morales,pablo.morales5@correo.com,2025-08-14,Página web,Bebidas calientes,Chocolate caliente,1,40.6,40.6,en el lugar,True,11.0,Zona de estudio,grupal,2026-06-17,completada,2026-06-19,18:40:00,entregado,pago en línea,pagado,382.56,61.21,443.77,23.0,2.0,Frecuente,True
3554,2430,5,Pablo Morales,pablo.morales5@correo.com,2025-08-14,Página web,Bebidas frías,Refresco de cola,3,38.58,115.74,en el lugar,True,11.0,Zona de estudio,grupal,2026-06-17,completada,2026-06-19,18:40:00,entregado,pago en línea,pagado,382.56,61.21,443.77,23.0,2.0,Frecuente,True
3555,2430,5,Pablo Morales,pablo.morales5@correo.com,2025-08-14,Página web,Café caliente,Americano,3,52.9,158.7,en el lugar,True,11.0,Zona de estudio,grupal,2026-06-17,completada,2026-06-19,18:40:00,entregado,pago en línea,pagado,382.56,61.21,443.77,23.0,2.0,Frecuente,True
3556,2430,5,Pablo Morales,pablo.morales5@correo.com,2025-08-14,Página web,Bebidas frías,Té helado,2,33.76,67.52,en el lugar,True,11.0,Zona de estudio,grupal,2026-06-17,completada,2026-06-19,18:40:00,entregado,pago en línea,pagado,382.56,61.21,443.77,23.0,2.0,Frecuente,True
3557,2431,69,Renata Flores,renata.flores69@correo.com,2025-08-04,Página web,Café caliente,Café de olla,2,49.5,99.0,en el lugar,False,13.0,Terraza,individual,,,2026-03-31,09:05:00,entregado,pago en línea,pagado,221.04,35.37,256.41,44.0,4.0,Frecuente,True
3558,2431,69,Renata Flores,renata.flores69@correo.com,2025-08-04,Página web,Café frío,Café helado,2,45.34,90.68,en el lugar,False,13.0,Terraza,individual,,,2026-03-31,09:05:00,entregado,pago en línea,pagado,221.04,35.37,256.41,44.0,4.0,Frecuente,True
3559,2431,69,Renata Flores,renata.flores69@correo.com,2025-08-04,Página web,Bebidas frías,Jugo de naranja,1,31.36,31.36,en el lugar,False,13.0,Terraza,individual,,,2026-03-31,09:05:00,entregado,pago en línea,pagado,221.04,35.37,256.41,44.0,4.0,Frecuente,True
3560,2432,186,Ximena Pérez,ximena.pérez186@correo.com,2025-11-15,Presencial (mesero),Café caliente,Espresso,1,40.95,40.95,en el lugar,True,12.0,Terraza,grupal,2026-02-22,completada,2026-02-23,16:25:00,entregado,transferencia,pagado,40.95,6.55,47.5,37.0,1.0,Frecuente,False
3561,2433,107,Estefanía Castillo,estefanía.castillo107@correo.com,2025-11-21,Presencial (mostrador),Alimentos,Sandwich club,2,50.17,100.34,para llevar,False,,,,,,2025-11-27,10:55:00,entregado,transferencia,pagado,264.27,42.28,306.55,17.0,2.0,Frecuente,False
3562,2433,107,Estefanía Castillo,estefanía.castillo107@correo.com,2025-11-21,Presencial (mostrador),Repostería,Brownie,1,35.21,35.21,para llevar,False,,,,,,2025-11-27,10:55:00,entregado,transferencia,pagado,264.27,42.28,306.55,17.0,2.0,Frecuente,False
3563,2433,107,Estefanía Castillo,estefanía.castillo107@correo.com,2025-11-21,Presencial (mostrador),Café frío,Cold brew,1,41.24,41.24,para llevar,False,,,,,,2025-11-27,10:55:00,entregado,transferencia,pagado,264.27,42.28,306.55,17.0,2.0,Frecuente,False
3564,2433,107,Estefanía Castillo,estefanía.castillo107@correo.com,2025-11-21,Presencial (mostrador),Café caliente,Café de olla,3,29.16,87.48,para llevar,False,,,,,,2025-11-27,10:55:00,entregado,transferencia,pagado,264.27,42.28,306.55,17.0,2.0,Frecuente,False
3565,2434,78,Paola Ramírez,paola.ramírez78@correo.com,2025-06-16,Página web,Café caliente,Americano,2,45.19,90.38,en el lugar,True,15.0,Salón principal,individual,2026-04-07,completada,2026-04-07,09:50:00,entregado,pago en línea,pagado,283.73,45.4,329.13,19.0,5.0,Frecuente,True
3566,2434,78,Paola Ramírez,paola.ramírez78@correo.com,2025-06-16,Página web,Café frío,Frappuccino de caramelo,3,64.45,193.35,en el lugar,True,15.0,Salón principal,individual,2026-04-07,completada,2026-04-07,09:50:00,entregado,pago en línea,pagado,283.73,45.4,329.13,19.0,5.0,Frecuente,True
3567,2435,117,Julián Flores,julián.flores117@correo.com,2026-02-04,Página web,Alimentos,Bagel con queso crema,3,69.5,208.5,en el lugar,False,18.0,Zona de estudio,individual,,,2026-02-04,14:10:00,entregado,pago en línea,pagado,208.5,33.36,241.86,21.0,5.0,Frecuente,True
3568,2436,143,Estefanía Sánchez,estefanía.sánchez143@correo.com,2025-03-29,Página web,Café caliente,Espresso,2,41.86,83.72,en el lugar,False,12.0,Zona de estudio,individual,,,2026-02-14,13:25:00,entregado,pago en línea,pagado,147.0,23.52,170.52,8.0,4.0,VIP,True
3569,2436,143,Estefanía Sánchez,estefanía.sánchez143@correo.com,2025-03-29,Página web,Bebidas frías,Agua mineral,1,33.77,33.77,en el lugar,False,12.0,Zona de estudio,individual,,,2026-02-14,13:25:00,entregado,pago en línea,pagado,147.0,23.52,170.52,8.0,4.0,VIP,True
3570,2436,143,Estefanía Sánchez,estefanía.sánchez143@correo.com,2025-03-29,Página web,Repostería,Dona glaseada,1,29.51,29.51,en el lugar,False,12.0,Zona de estudio,individual,,,2026-02-14,13:25:00,entregado,pago en línea,pagado,147.0,23.52,170.52,8.0,4.0,VIP,True
3571,2437,40,José Martínez,josé.martínez40@correo.com,2025-03-02,Presencial (mesero),Bebidas calientes,Chocolate caliente,3,25.06,75.18,para llevar,False,,,,,,2025-10-02,13:00:00,entregado,efectivo,pagado,186.14,29.78,215.92,37.0,5.0,Frecuente,False
3572,2437,40,José Martínez,josé.martínez40@correo.com,2025-03-02,Presencial (mesero),Café frío,Café helado,2,55.48,110.96,para llevar,False,,,,,,2025-10-02,13:00:00,entregado,efectivo,pagado,186.14,29.78,215.92,37.0,5.0,Frecuente,False
3573,2438,245,Daniela García,daniela.garcía245@correo.com,2025-01-27,Presencial (mostrador),Café frío,Frappé de café,2,47.66,95.32,en el lugar,False,5.0,Terraza,grupal,,,2025-12-31,19:15:00,entregado,tarjeta,pagado,357.03,57.12,414.15,35.0,5.0,Frecuente,False
3574,2438,245,Daniela García,daniela.garcía245@correo.com,2025-01-27,Presencial (mostrador),Alimentos,Panini de jamón y queso,2,86.81,173.62,en el lugar,False,5.0,Terraza,grupal,,,2025-12-31,19:15:00,entregado,tarjeta,pagado,357.03,57.12,414.15,35.0,5.0,Frecuente,False
3575,2438,245,Daniela García,daniela.garcía245@correo.com,2025-01-27,Presencial (mostrador),Alimentos,Ensalada César,1,45.46,45.46,en el lugar,False,5.0,Terraza,grupal,,,2025-12-31,19:15:00,entregado,tarjeta,pagado,357.03,57.12,414.15,35.0,5.0,Frecuente,False
3576,2438,245,Daniela García,daniela.garcía245@correo.com,2025-01-27,Presencial (mostrador),Café frío,Frappé de café,1,42.63,42.63,en el lugar,False,5.0,Terraza,grupal,,,2025-12-31,19:15:00,entregado,tarjeta,pagado,357.03,57.12,414.15,35.0,5.0,Frecuente,False
3577,2439,175,Daniela Ortiz,daniela.ortiz175@correo.com,2026-06-16,Página web,Bebidas frías,Té helado,2,22.0,44.0,para llevar,False,,,,,,2026-08-05,11:45:00,entregado,pago en línea,pagado,193.7,30.99,224.69,45.0,4.0,VIP,True
3578,2439,175,Daniela Ortiz,daniela.ortiz175@correo.com,2026-06-16,Página web,Bebidas calientes,Té chai,3,34.8,104.4,para llevar,False,,,,,,2026-08-05,11:45:00,entregado,pago en línea,pagado,193.7,30.99,224.69,45.0,4.0,VIP,True
3579,2439,175,Daniela Ortiz,daniela.ortiz175@correo.com,2026-06-16,Página web,Repostería,Croissant,1,45.3,45.3,para llevar,False,,,,,,2026-08-05,11:45:00,entregado,pago en línea,pagado,193.7,30.99,224.69,45.0,4.0,VIP,True
3580,2440,73,Gabriela Morales,gabriela.morales73@correo.com,2026-07-29,Página web,Bebidas frías,Jugo de naranja,3,39.56,118.68,para llevar,False,,,,,,2026-08-02,11:05:00,listo,pago en línea,pagado,381.09,60.97,442.06,16.0,,Frecuente,True
3581,2440,73,Gabriela Morales,gabriela.morales73@correo.com,2026-07-29,Página web,Alimentos,Sandwich club,1,81.54,81.54,para llevar,False,,,,,,2026-08-02,11:05:00,listo,pago en línea,pagado,381.09,60.97,442.06,16.0,,Frecuente,True
3582,2440,73,Gabriela Morales,gabriela.morales73@correo.com,2026-07-29,Página web,Café frío,Frappé de café,3,44.9,134.7,para llevar,False,,,,,,2026-08-02,11:05:00,listo,pago en línea,pagado,381.09,60.97,442.06,16.0,,Frecuente,True
3583,2440,73,Gabriela Morales,gabriela.morales73@correo.com,2026-07-29,Página web,Café frío,Café helado,1,46.17,46.17,para llevar,False,,,,,,2026-08-02,11:05:00,listo,pago en línea,pagado,381.09,60.97,442.06,16.0,,Frecuente,True
3584,2441,44,María Morales,maría.morales44@correo.com,2025-12-29,Presencial (mesero),Bebidas calientes,Infusión de manzanilla,2,37.72,75.44,para llevar,False,,,,,,2026-06-16,19:40:00,listo,efectivo,pagado,331.08,52.97,384.05,20.0,,VIP,False
3585,2441,44,María Morales,maría.morales44@correo.com,2025-12-29,Presencial (mesero),Café frío,Café helado,1,62.64,62.64,para llevar,False,,,,,,2026-06-16,19:40:00,listo,efectivo,pagado,331.08,52.97,384.05,20.0,,VIP,False
3586,2441,44,María Morales,maría.morales44@correo.com,2025-12-29,Presencial (mesero),Bebidas calientes,Té chai,2,44.09,88.18,para llevar,False,,,,,,2026-06-16,19:40:00,listo,efectivo,pagado,331.08,52.97,384.05,20.0,,VIP,False
3587,2441,44,María Morales,maría.morales44@correo.com,2025-12-29,Presencial (mesero),Bebidas calientes,Té verde,3,34.94,104.82,para llevar,False,,,,,,2026-06-16,19:40:00,listo,efectivo,pagado,331.08,52.97,384.05,20.0,,VIP,False
3588,2442,220,Camila Cruz,camila.cruz220@correo.com,2025-02-04,Página web,Alimentos,Bagel con queso crema,2,65.09,130.18,en el lugar,False,11.0,Zona de estudio,grupal,,,2026-02-11,07:05:00,entregado,pago en línea,pagado,503.0,80.48,583.48,45.0,4.0,Frecuente,True
3589,2442,220,Camila Cruz,camila.cruz220@correo.com,2025-02-04,Página web,Café frío,Frappé de café,3,64.5,193.5,en el lugar,False,11.0,Zona de estudio,grupal,,,2026-02-11,07:05:00,entregado,pago en línea,pagado,503.0,80.48,583.48,45.0,4.0,Frecuente,True
3590,2442,220,Camila Cruz,camila.cruz220@correo.com,2025-02-04,Página web,Repostería,Brownie,3,45.56,136.68,en el lugar,False,11.0,Zona de estudio,grupal,,,2026-02-11,07:05:00,entregado,pago en línea,pagado,503.0,80.48,583.48,45.0,4.0,Frecuente,True
3591,2442,220,Camila Cruz,camila.cruz220@correo.com,2025-02-04,Página web,Café frío,Frappé de café,1,42.64,42.64,en el lugar,False,11.0,Zona de estudio,grupal,,,2026-02-11,07:05:00,entregado,pago en línea,pagado,503.0,80.48,583.48,45.0,4.0,Frecuente,True
3592,2443,28,José Torres,josé.torres28@correo.com,2026-05-28,Página web,Bebidas calientes,Té verde,2,38.22,76.44,en el lugar,False,10.0,Salón principal,individual,,,2026-07-27,08:40:00,entregado,tarjeta,pagado,339.51,54.32,393.83,36.0,5.0,VIP,True
3593,2443,28,José Torres,josé.torres28@correo.com,2026-05-28,Página web,Repostería,Brownie,3,55.77,167.31,en el lugar,False,10.0,Salón principal,individual,,,2026-07-27,08:40:00,entregado,tarjeta,pagado,339.51,54.32,393.83,36.0,5.0,VIP,True
3594,2443,28,José Torres,josé.torres28@correo.com,2026-05-28,Página web,Café caliente,Capuchino,2,47.88,95.76,en el lugar,False,10.0,Salón principal,individual,,,2026-07-27,08:40:00,entregado,tarjeta,pagado,339.51,54.32,393.83,36.0,5.0,VIP,True
3595,2444,236,Raúl Torres,raúl.torres236@correo.com,2025-02-03,Presencial (mesero),Café caliente,Mocaccino,1,36.25,36.25,para llevar,False,,,,,,2026-06-25,16:45:00,entregado,tarjeta,pagado,115.07,18.41,133.48,28.0,3.0,VIP,False
3596,2444,236,Raúl Torres,raúl.torres236@correo.com,2025-02-03,Presencial (mesero),Repostería,Pay de queso,2,39.41,78.82,para llevar,False,,,,,,2026-06-25,16:45:00,entregado,tarjeta,pagado,115.07,18.41,133.48,28.0,3.0,VIP,False
3597,2445,166,Raúl Cruz,raúl.cruz166@correo.com,2026-04-27,Página web,Bebidas calientes,Chocolate caliente,1,28.63,28.63,en el lugar,True,19.0,Zona de estudio,grupal,2026-07-31,no_show,2026-08-03,20:50:00,entregado,pago en línea,pagado,181.62,29.06,210.68,37.0,5.0,VIP,True
3598,2445,166,Raúl Cruz,raúl.cruz166@correo.com,2026-04-27,Página web,Café frío,Cold brew,1,46.37,46.37,en el lugar,True,19.0,Zona de estudio,grupal,2026-07-31,no_show,2026-08-03,20:50:00,entregado,pago en línea,pagado,181.62,29.06,210.68,37.0,5.0,VIP,True
3599,2445,166,Raúl Cruz,raúl.cruz166@correo.com,2026-04-27,Página web,Bebidas frías,Jugo de naranja,3,35.54,106.62,en el lugar,True,19.0,Zona de estudio,grupal,2026-07-31,no_show,2026-08-03,20:50:00,entregado,pago en línea,pagado,181.62,29.06,210.68,37.0,5.0,VIP,True
3600,2446,7,Valeria Gómez,valeria.gómez7@correo.com,2025-04-15,Página web,Café caliente,Mocaccino,1,31.15,31.15,en el lugar,False,17.0,Salón principal,individual,,,2025-11-22,17:55:00,entregado,tarjeta,pagado,229.56,36.73,266.29,42.0,4.0,Frecuente,True
3601,2446,7,Valeria Gómez,valeria.gómez7@correo.com,2025-04-15,Página web,Café frío,Frappuccino de caramelo,1,52.32,52.32,en el lugar,False,17.0,Salón principal,individual,,,2025-11-22,17:55:00,entregado,tarjeta,pagado,229.56,36.73,266.29,42.0,4.0,Frecuente,True
3602,2446,7,Valeria Gómez,valeria.gómez7@correo.com,2025-04-15,Página web,Bebidas frías,Limonada,1,29.33,29.33,en el lugar,False,17.0,Salón principal,individual,,,2025-11-22,17:55:00,entregado,tarjeta,pagado,229.56,36.73,266.29,42.0,4.0,Frecuente,True
3603,2446,7,Valeria Gómez,valeria.gómez7@correo.com,2025-04-15,Página web,Bebidas calientes,Té verde,3,38.92,116.76,en el lugar,False,17.0,Salón principal,individual,,,2025-11-22,17:55:00,entregado,tarjeta,pagado,229.56,36.73,266.29,42.0,4.0,Frecuente,True
3604,2447,227,José Torres,josé.torres227@correo.com,2026-07-04,Presencial (mesero),Bebidas frías,Té helado,3,30.92,92.76,para llevar,False,,,,,,2026-08-06,17:25:00,entregado,transferencia,pagado,443.72,71.0,514.72,39.0,4.0,VIP,False
3605,2447,227,José Torres,josé.torres227@correo.com,2026-07-04,Presencial (mesero),Repostería,Croissant,1,58.92,58.92,para llevar,False,,,,,,2026-08-06,17:25:00,entregado,transferencia,pagado,443.72,71.0,514.72,39.0,4.0,VIP,False
3606,2447,227,José Torres,josé.torres227@correo.com,2026-07-04,Presencial (mesero),Alimentos,Panini de jamón y queso,3,79.83,239.49,para llevar,False,,,,,,2026-08-06,17:25:00,entregado,transferencia,pagado,443.72,71.0,514.72,39.0,4.0,VIP,False
3607,2447,227,José Torres,josé.torres227@correo.com,2026-07-04,Presencial (mesero),Café caliente,Mocaccino,1,52.55,52.55,para llevar,False,,,,,,2026-08-06,17:25:00,entregado,transferencia,pagado,443.72,71.0,514.72,39.0,4.0,VIP,False
3608,2448,79,Raúl Hernández,raúl.hernández79@correo.com,2025-07-03,Página web,Repostería,Muffin de arándano,3,28.86,86.58,en el lugar,False,10.0,Zona de estudio,pareja,,,2026-04-29,11:45:00,entregado,transferencia,pagado,242.46,38.79,281.25,27.0,4.0,VIP,True
3609,2448,79,Raúl Hernández,raúl.hernández79@correo.com,2025-07-03,Página web,Café caliente,Latte,2,38.88,77.76,en el lugar,False,10.0,Zona de estudio,pareja,,,2026-04-29,11:45:00,entregado,transferencia,pagado,242.46,38.79,281.25,27.0,4.0,VIP,True
3610,2448,79,Raúl Hernández,raúl.hernández79@correo.com,2025-07-03,Página web,Café frío,Frappuccino de caramelo,2,39.06,78.12,en el lugar,False,10.0,Zona de estudio,pareja,,,2026-04-29,11:45:00,entregado,transferencia,pagado,242.46,38.79,281.25,27.0,4.0,VIP,True
3611,2449,157,Carlos Torres,carlos.torres157@correo.com,2026-05-05,Presencial (mesero),Café frío,Café helado,3,52.39,157.17,para llevar,False,,,,,,2026-08-11,14:25:00,entregado,transferencia,pagado,389.73,62.36,452.09,37.0,4.0,VIP,False
3612,2449,157,Carlos Torres,carlos.torres157@correo.com,2026-05-05,Presencial (mesero),Bebidas frías,Limonada,3,38.42,115.26,para llevar,False,,,,,,2026-08-11,14:25:00,entregado,transferencia,pagado,389.73,62.36,452.09,37.0,4.0,VIP,False
3613,2449,157,Carlos Torres,carlos.torres157@correo.com,2026-05-05,Presencial (mesero),Bebidas frías,Agua mineral,3,39.1,117.3,para llevar,False,,,,,,2026-08-11,14:25:00,entregado,transferencia,pagado,389.73,62.36,452.09,37.0,4.0,VIP,False
3614,2450,158,Sofía Ortiz,sofía.ortiz158@correo.com,2025-03-17,Presencial (mesero),Repostería,Pay de queso,2,48.31,96.62,para llevar,False,,,,,,2026-05-30,12:40:00,listo,transferencia,pagado,274.57,43.93,318.5,36.0,,Frecuente,False
3615,2450,158,Sofía Ortiz,sofía.ortiz158@correo.com,2025-03-17,Presencial (mesero),Bebidas frías,Té helado,3,27.57,82.71,para llevar,False,,,,,,2026-05-30,12:40:00,listo,transferencia,pagado,274.57,43.93,318.5,36.0,,Frecuente,False
3616,2450,158,Sofía Ortiz,sofía.ortiz158@correo.com,2025-03-17,Presencial (mesero),Bebidas frías,Agua mineral,1,39.92,39.92,para llevar,False,,,,,,2026-05-30,12:40:00,listo,transferencia,pagado,274.57,43.93,318.5,36.0,,Frecuente,False
3617,2450,158,Sofía Ortiz,sofía.ortiz158@correo.com,2025-03-17,Presencial (mesero),Café frío,Café helado,1,55.32,55.32,para llevar,False,,,,,,2026-05-30,12:40:00,listo,transferencia,pagado,274.57,43.93,318.5,36.0,,Frecuente,False
3618,2451,146,Iván Ramírez,iván.ramírez146@correo.com,2026-02-19,Presencial (mostrador),Alimentos,Bagel con queso crema,1,64.4,64.4,en el lugar,True,13.0,Terraza,grupal,2026-08-03,completada,2026-08-04,17:05:00,entregado,transferencia,pagado,64.4,10.3,74.7,20.0,5.0,VIP,False
3619,2452,52,José Reyes,josé.reyes52@correo.com,2025-09-29,Página web,Café frío,Frappuccino de caramelo,1,44.45,44.45,en el lugar,True,19.0,Zona de estudio,individual,2026-06-10,completada,2026-06-12,12:20:00,entregado,pago en línea,pagado,44.45,7.11,51.56,28.0,4.0,VIP,True
3620,2453,126,Michelle Castillo,michelle.castillo126@correo.com,2025-02-23,Página web,Café frío,Cold brew,2,42.37,84.74,para llevar,False,,,,,,2026-01-27,19:05:00,entregado,pago en línea,pagado,230.96,36.95,267.91,10.0,5.0,Frecuente,True
3621,2453,126,Michelle Castillo,michelle.castillo126@correo.com,2025-02-23,Página web,Alimentos,Panini de jamón y queso,3,48.74,146.22,para llevar,False,,,,,,2026-01-27,19:05:00,entregado,pago en línea,pagado,230.96,36.95,267.91,10.0,5.0,Frecuente,True
3622,2454,24,Ricardo Morales,ricardo.morales24@correo.com,2025-03-07,Página web,Café caliente,Latte,2,31.07,62.14,para llevar,False,,,,,,2025-11-10,18:25:00,entregado,efectivo,pagado,62.14,9.94,72.08,34.0,5.0,Recurrente,True
3623,2455,243,Diego Gómez,diego.gómez243@correo.com,2025-06-01,Presencial (mostrador),Bebidas calientes,Chocolate caliente,3,34.55,103.65,en el lugar,False,4.0,Salón principal,individual,,,2025-11-06,11:25:00,entregado,efectivo,pagado,103.65,16.58,120.23,8.0,3.0,Frecuente,False
3624,2456,147,Mariana Ortiz,mariana.ortiz147@correo.com,2026-07-21,Página web,Repostería,Pay de queso,2,44.51,89.02,en el lugar,True,5.0,Salón principal,individual,2026-08-15,completada,2026-08-16,13:25:00,entregado,pago en línea,pagado,310.37,49.66,360.03,34.0,5.0,Frecuente,True
3625,2456,147,Mariana Ortiz,mariana.ortiz147@correo.com,2026-07-21,Página web,Repostería,Croissant,3,48.49,145.47,en el lugar,True,5.0,Salón principal,individual,2026-08-15,completada,2026-08-16,13:25:00,entregado,pago en línea,pagado,310.37,49.66,360.03,34.0,5.0,Frecuente,True
3626,2456,147,Mariana Ortiz,mariana.ortiz147@correo.com,2026-07-21,Página web,Repostería,Muffin de arándano,2,37.94,75.88,en el lugar,True,5.0,Salón principal,individual,2026-08-15,completada,2026-08-16,13:25:00,entregado,pago en línea,pagado,310.37,49.66,360.03,34.0,5.0,Frecuente,True
3627,2457,17,Gabriela Ramírez,gabriela.ramírez17@correo.com,2025-11-29,Página web,Café frío,Cold brew,2,54.38,108.76,para llevar,False,,,,,,2026-03-17,18:25:00,entregado,pago en línea,pagado,239.54,38.33,277.87,23.0,4.0,Frecuente,True
3628,2457,17,Gabriela Ramírez,gabriela.ramírez17@correo.com,2025-11-29,Página web,Alimentos,Panini de jamón y queso,1,87.89,87.89,para llevar,False,,,,,,2026-03-17,18:25:00,entregado,pago en línea,pagado,239.54,38.33,277.87,23.0,4.0,Frecuente,True
3629,2457,17,Gabriela Ramírez,gabriela.ramírez17@correo.com,2025-11-29,Página web,Café frío,Frappé de café,1,42.89,42.89,para llevar,False,,,,,,2026-03-17,18:25:00,entregado,pago en línea,pagado,239.54,38.33,277.87,23.0,4.0,Frecuente,True
3630,2458,198,Adrián Reyes,adrián.reyes198@correo.com,2025-06-05,Presencial (mostrador),Café caliente,Café de olla,1,39.99,39.99,en el lugar,False,14.0,Terraza,individual,,,2025-12-26,16:30:00,en preparación,efectivo,pagado,91.63,14.66,106.29,,,Frecuente,False
3631,2458,198,Adrián Reyes,adrián.reyes198@correo.com,2025-06-05,Presencial (mostrador),Repostería,Dona glaseada,2,25.82,51.64,en el lugar,False,14.0,Terraza,individual,,,2025-12-26,16:30:00,en preparación,efectivo,pagado,91.63,14.66,106.29,,,Frecuente,False
3632,2459,6,José Pérez,josé.pérez6@correo.com,2026-03-09,Página web,Repostería,Muffin de arándano,1,46.41,46.41,en el lugar,True,3.0,Zona de estudio,grupal,2026-08-11,completada,2026-08-11,07:30:00,entregado,pago en línea,pagado,121.37,19.42,140.79,12.0,5.0,VIP,True
3633,2459,6,José Pérez,josé.pérez6@correo.com,2026-03-09,Página web,Alimentos,Panini de jamón y queso,1,74.96,74.96,en el lugar,True,3.0,Zona de estudio,grupal,2026-08-11,completada,2026-08-11,07:30:00,entregado,pago en línea,pagado,121.37,19.42,140.79,12.0,5.0,VIP,True
3634,2460,110,Renata Jiménez,renata.jiménez110@correo.com,2026-05-12,Página web,Bebidas calientes,Chocolate caliente,3,27.25,81.75,en el lugar,False,19.0,Terraza,grupal,,,2026-07-21,17:15:00,entregado,pago en línea,pagado,405.17,64.83,470.0,37.0,5.0,Frecuente,True
3635,2460,110,Renata Jiménez,renata.jiménez110@correo.com,2026-05-12,Página web,Repostería,Croissant,1,25.87,25.87,en el lugar,False,19.0,Terraza,grupal,,,2026-07-21,17:15:00,entregado,pago en línea,pagado,405.17,64.83,470.0,37.0,5.0,Frecuente,True
3636,2460,110,Renata Jiménez,renata.jiménez110@correo.com,2026-05-12,Página web,Café caliente,Americano,1,32.68,32.68,en el lugar,False,19.0,Terraza,grupal,,,2026-07-21,17:15:00,entregado,pago en línea,pagado,405.17,64.83,470.0,37.0,5.0,Frecuente,True
3637,2460,110,Renata Jiménez,renata.jiménez110@correo.com,2026-05-12,Página web,Alimentos,Sandwich club,3,88.29,264.87,en el lugar,False,19.0,Terraza,grupal,,,2026-07-21,17:15:00,entregado,pago en línea,pagado,405.17,64.83,470.0,37.0,5.0,Frecuente,True
3638,2461,189,Renata Morales,renata.morales189@correo.com,2026-05-10,Página web,Café frío,Cold brew,2,39.76,79.52,en el lugar,True,20.0,Zona de estudio,pareja,2026-07-02,cancelada,2026-07-05,18:20:00,en preparación,efectivo,pagado,436.82,69.89,506.71,,,Frecuente,True
3639,2461,189,Renata Morales,renata.morales189@correo.com,2026-05-10,Página web,Bebidas calientes,Té chai,2,44.2,88.4,en el lugar,True,20.0,Zona de estudio,pareja,2026-07-02,cancelada,2026-07-05,18:20:00,en preparación,efectivo,pagado,436.82,69.89,506.71,,,Frecuente,True
3640,2461,189,Renata Morales,renata.morales189@correo.com,2026-05-10,Página web,Café frío,Frappuccino de caramelo,3,64.28,192.84,en el lugar,True,20.0,Zona de estudio,pareja,2026-07-02,cancelada,2026-07-05,18:20:00,en preparación,efectivo,pagado,436.82,69.89,506.71,,,Frecuente,True
3641,2461,189,Renata Morales,renata.morales189@correo.com,2026-05-10,Página web,Bebidas frías,Té helado,2,38.03,76.06,en el lugar,True,20.0,Zona de estudio,pareja,2026-07-02,cancelada,2026-07-05,18:20:00,en preparación,efectivo,pagado,436.82,69.89,506.71,,,Frecuente,True
3642,2462,133,Emilio Martínez,emilio.martínez133@correo.com,2025-09-06,Página web,Alimentos,Bagel con queso crema,2,79.74,159.48,en el lugar,True,14.0,Terraza,grupal,2026-03-09,cancelada,2026-03-12,15:45:00,listo,pago en línea,pagado,388.35,62.14,450.49,38.0,,Frecuente,True
3643,2462,133,Emilio Martínez,emilio.martínez133@correo.com,2025-09-06,Página web,Repostería,Muffin de arándano,3,31.19,93.57,en el lugar,True,14.0,Terraza,grupal,2026-03-09,cancelada,2026-03-12,15:45:00,listo,pago en línea,pagado,388.35,62.14,450.49,38.0,,Frecuente,True
3644,2462,133,Emilio Martínez,emilio.martínez133@correo.com,2025-09-06,Página web,Alimentos,Bagel con queso crema,2,67.65,135.3,en el lugar,True,14.0,Terraza,grupal,2026-03-09,cancelada,2026-03-12,15:45:00,listo,pago en línea,pagado,388.35,62.14,450.49,38.0,,Frecuente,True
3645,2463,202,Marco Torres,marco.torres202@correo.com,2025-12-13,Página web,Alimentos,Ensalada César,3,68.93,206.79,para llevar,False,,,,,,2026-04-18,15:40:00,listo,pago en línea,pagado,648.18,103.71,751.89,37.0,,Recurrente,True
3646,2463,202,Marco Torres,marco.torres202@correo.com,2025-12-13,Página web,Alimentos,Sandwich club,3,94.7,284.1,para llevar,False,,,,,,2026-04-18,15:40:00,listo,pago en línea,pagado,648.18,103.71,751.89,37.0,,Recurrente,True
3647,2463,202,Marco Torres,marco.torres202@correo.com,2025-12-13,Página web,Café caliente,Americano,3,52.43,157.29,para llevar,False,,,,,,2026-04-18,15:40:00,listo,pago en línea,pagado,648.18,103.71,751.89,37.0,,Recurrente,True
3648,2464,14,Mariana Pérez,mariana.pérez14@correo.com,2026-01-15,Página web,Repostería,Concha,3,40.31,120.93,en el lugar,False,5.0,Salón principal,pareja,,,2026-02-23,15:20:00,entregado,pago en línea,pagado,560.53,89.68,650.21,20.0,4.0,Frecuente,True
3649,2464,14,Mariana Pérez,mariana.pérez14@correo.com,2026-01-15,Página web,Café caliente,Capuchino,3,33.29,99.87,en el lugar,False,5.0,Salón principal,pareja,,,2026-02-23,15:20:00,entregado,pago en línea,pagado,560.53,89.68,650.21,20.0,4.0,Frecuente,True
3650,2464,14,Mariana Pérez,mariana.pérez14@correo.com,2026-01-15,Página web,Alimentos,Sandwich club,2,77.27,154.54,en el lugar,False,5.0,Salón principal,pareja,,,2026-02-23,15:20:00,entregado,pago en línea,pagado,560.53,89.68,650.21,20.0,4.0,Frecuente,True
3651,2464,14,Mariana Pérez,mariana.pérez14@correo.com,2026-01-15,Página web,Alimentos,Sandwich club,3,61.73,185.19,en el lugar,False,5.0,Salón principal,pareja,,,2026-02-23,15:20:00,entregado,pago en línea,pagado,560.53,89.68,650.21,20.0,4.0,Frecuente,True
3652,2465,166,Raúl Cruz,raúl.cruz166@correo.com,2026-04-27,Página web,Café frío,Frappuccino de caramelo,1,52.48,52.48,para llevar,False,,,,,,2026-05-06,18:50:00,entregado,tarjeta,pagado,52.48,8.4,60.88,19.0,3.0,VIP,True
3653,2466,228,Alejandro Vázquez,alejandro.vázquez228@correo.com,2026-01-26,Página web,Bebidas frías,Té helado,3,30.45,91.35,en el lugar,True,12.0,Zona de estudio,individual,2026-08-05,cancelada,2026-08-08,19:20:00,entregado,pago en línea,pagado,268.73,43.0,311.73,14.0,4.0,Frecuente,True
3654,2466,228,Alejandro Vázquez,alejandro.vázquez228@correo.com,2026-01-26,Página web,Café caliente,Mocaccino,3,31.2,93.6,en el lugar,True,12.0,Zona de estudio,individual,2026-08-05,cancelada,2026-08-08,19:20:00,entregado,pago en línea,pagado,268.73,43.0,311.73,14.0,4.0,Frecuente,True
3655,2466,228,Alejandro Vázquez,alejandro.vázquez228@correo.com,2026-01-26,Página web,Café caliente,Mocaccino,2,41.89,83.78,en el lugar,True,12.0,Zona de estudio,individual,2026-08-05,cancelada,2026-08-08,19:20:00,entregado,pago en línea,pagado,268.73,43.0,311.73,14.0,4.0,Frecuente,True
3656,2467,215,María Ramírez,maría.ramírez215@correo.com,2026-01-26,Página web,Bebidas frías,Jugo de naranja,1,27.46,27.46,en el lugar,False,2.0,Barra,pareja,,,2026-04-29,09:00:00,entregado,pago en línea,pagado,237.13,37.94,275.07,11.0,2.0,VIP,True
3657,2467,215,María Ramírez,maría.ramírez215@correo.com,2026-01-26,Página web,Alimentos,Panini de jamón y queso,1,67.65,67.65,en el lugar,False,2.0,Barra,pareja,,,2026-04-29,09:00:00,entregado,pago en línea,pagado,237.13,37.94,275.07,11.0,2.0,VIP,True
3658,2467,215,María Ramírez,maría.ramírez215@correo.com,2026-01-26,Página web,Café frío,Café helado,1,47.37,47.37,en el lugar,False,2.0,Barra,pareja,,,2026-04-29,09:00:00,entregado,pago en línea,pagado,237.13,37.94,275.07,11.0,2.0,VIP,True
3659,2467,215,María Ramírez,maría.ramírez215@correo.com,2026-01-26,Página web,Bebidas calientes,Té chai,3,31.55,94.65,en el lugar,False,2.0,Barra,pareja,,,2026-04-29,09:00:00,entregado,pago en línea,pagado,237.13,37.94,275.07,11.0,2.0,VIP,True
3660,2468,84,Sofía Gómez,sofía.gómez84@correo.com,2025-10-13,Página web,Bebidas calientes,Chocolate caliente,1,39.07,39.07,en el lugar,True,6.0,Terraza,pareja,2026-06-10,completada,2026-06-10,07:05:00,entregado,pago en línea,pagado,101.05,16.17,117.22,38.0,5.0,Frecuente,True
3661,2468,84,Sofía Gómez,sofía.gómez84@correo.com,2025-10-13,Página web,Bebidas frías,Limonada,3,20.66,61.98,en el lugar,True,6.0,Terraza,pareja,2026-06-10,completada,2026-06-10,07:05:00,entregado,pago en línea,pagado,101.05,16.17,117.22,38.0,5.0,Frecuente,True
3662,2469,214,Lucía Flores,lucía.flores214@correo.com,2025-07-23,Página web,Bebidas calientes,Té verde,2,30.09,60.18,en el lugar,False,11.0,Salón principal,grupal,,,2026-01-25,16:45:00,entregado,pago en línea,pagado,264.52,42.32,306.84,21.0,3.0,Frecuente,True
3663,2469,214,Lucía Flores,lucía.flores214@correo.com,2025-07-23,Página web,Café frío,Café helado,2,39.54,79.08,en el lugar,False,11.0,Salón principal,grupal,,,2026-01-25,16:45:00,entregado,pago en línea,pagado,264.52,42.32,306.84,21.0,3.0,Frecuente,True
3664,2469,214,Lucía Flores,lucía.flores214@correo.com,2025-07-23,Página web,Bebidas calientes,Té verde,1,38.38,38.38,en el lugar,False,11.0,Salón principal,grupal,,,2026-01-25,16:45:00,entregado,pago en línea,pagado,264.52,42.32,306.84,21.0,3.0,Frecuente,True
3665,2469,214,Lucía Flores,lucía.flores214@correo.com,2025-07-23,Página web,Café frío,Frappé de café,2,43.44,86.88,en el lugar,False,11.0,Salón principal,grupal,,,2026-01-25,16:45:00,entregado,pago en línea,pagado,264.52,42.32,306.84,21.0,3.0,Frecuente,True
3666,2470,57,Hugo Martínez,hugo.martínez57@correo.com,2025-07-10,Presencial (mesero),Alimentos,Panini de jamón y queso,1,84.81,84.81,en el lugar,False,3.0,Salón principal,individual,,,2026-02-20,11:00:00,entregado,transferencia,pagado,276.72,44.28,321.0,32.0,4.0,VIP,False
3667,2470,57,Hugo Martínez,hugo.martínez57@correo.com,2025-07-10,Presencial (mesero),Alimentos,Panini de jamón y queso,3,63.97,191.91,en el lugar,False,3.0,Salón principal,individual,,,2026-02-20,11:00:00,entregado,transferencia,pagado,276.72,44.28,321.0,32.0,4.0,VIP,False
3668,2471,71,Carlos Martínez,carlos.martínez71@correo.com,2026-03-10,Página web,Bebidas frías,Té helado,3,36.0,108.0,para llevar,False,,,,,,2026-03-11,20:40:00,entregado,pago en línea,pagado,263.68,42.19,305.87,21.0,4.0,Frecuente,True
3669,2471,71,Carlos Martínez,carlos.martínez71@correo.com,2026-03-10,Página web,Bebidas frías,Agua mineral,3,32.31,96.93,para llevar,False,,,,,,2026-03-11,20:40:00,entregado,pago en línea,pagado,263.68,42.19,305.87,21.0,4.0,Frecuente,True
3670,2471,71,Carlos Martínez,carlos.martínez71@correo.com,2026-03-10,Página web,Alimentos,Sandwich club,1,58.75,58.75,para llevar,False,,,,,,2026-03-11,20:40:00,entregado,pago en línea,pagado,263.68,42.19,305.87,21.0,4.0,Frecuente,True
3671,2472,5,Pablo Morales,pablo.morales5@correo.com,2025-08-14,Página web,Café frío,Cold brew,1,42.75,42.75,en el lugar,False,15.0,Zona de estudio,pareja,,,2026-02-02,15:30:00,entregado,pago en línea,pagado,403.75,64.6,468.35,12.0,3.0,Frecuente,True
3672,2472,5,Pablo Morales,pablo.morales5@correo.com,2025-08-14,Página web,Café frío,Café helado,3,39.36,118.08,en el lugar,False,15.0,Zona de estudio,pareja,,,2026-02-02,15:30:00,entregado,pago en línea,pagado,403.75,64.6,468.35,12.0,3.0,Frecuente,True
3673,2472,5,Pablo Morales,pablo.morales5@correo.com,2025-08-14,Página web,Alimentos,Sandwich club,3,49.86,149.58,en el lugar,False,15.0,Zona de estudio,pareja,,,2026-02-02,15:30:00,entregado,pago en línea,pagado,403.75,64.6,468.35,12.0,3.0,Frecuente,True
3674,2472,5,Pablo Morales,pablo.morales5@correo.com,2025-08-14,Página web,Café caliente,Espresso,2,46.67,93.34,en el lugar,False,15.0,Zona de estudio,pareja,,,2026-02-02,15:30:00,entregado,pago en línea,pagado,403.75,64.6,468.35,12.0,3.0,Frecuente,True
3675,2473,212,José Cruz,josé.cruz212@correo.com,2025-10-22,Página web,Café caliente,Café de olla,1,45.98,45.98,en el lugar,False,11.0,Salón principal,individual,,,2026-07-22,11:30:00,entregado,pago en línea,pagado,251.91,40.31,292.22,24.0,3.0,VIP,True
3676,2473,212,José Cruz,josé.cruz212@correo.com,2025-10-22,Página web,Café caliente,Mocaccino,1,40.26,40.26,en el lugar,False,11.0,Salón principal,individual,,,2026-07-22,11:30:00,entregado,pago en línea,pagado,251.91,40.31,292.22,24.0,3.0,VIP,True
3677,2473,212,José Cruz,josé.cruz212@correo.com,2025-10-22,Página web,Bebidas calientes,Chocolate caliente,1,38.02,38.02,en el lugar,False,11.0,Salón principal,individual,,,2026-07-22,11:30:00,entregado,pago en línea,pagado,251.91,40.31,292.22,24.0,3.0,VIP,True
3678,2473,212,José Cruz,josé.cruz212@correo.com,2025-10-22,Página web,Bebidas calientes,Té chai,3,42.55,127.65,en el lugar,False,11.0,Salón principal,individual,,,2026-07-22,11:30:00,entregado,pago en línea,pagado,251.91,40.31,292.22,24.0,3.0,VIP,True
3679,2474,131,Fernanda Pérez,fernanda.pérez131@correo.com,2025-11-15,Presencial (mesero),Repostería,Muffin de arándano,1,44.13,44.13,para llevar,False,,,,,,2026-02-02,12:45:00,en preparación,efectivo,pagado,175.51,28.08,203.59,,,Frecuente,False
3680,2474,131,Fernanda Pérez,fernanda.pérez131@correo.com,2025-11-15,Presencial (mesero),Café frío,Frappuccino de caramelo,1,62.64,62.64,para llevar,False,,,,,,2026-02-02,12:45:00,en preparación,efectivo,pagado,175.51,28.08,203.59,,,Frecuente,False
3681,2474,131,Fernanda Pérez,fernanda.pérez131@correo.com,2025-11-15,Presencial (mesero),Bebidas frías,Té helado,2,34.37,68.74,para llevar,False,,,,,,2026-02-02,12:45:00,en preparación,efectivo,pagado,175.51,28.08,203.59,,,Frecuente,False
3682,2475,5,Pablo Morales,pablo.morales5@correo.com,2025-08-14,Presencial (mostrador),Bebidas calientes,Té verde,2,38.64,77.28,en el lugar,True,13.0,Terraza,pareja,2026-04-10,completada,2026-04-11,17:20:00,en preparación,efectivo,pagado,275.95,44.15,320.1,,,Frecuente,False
3683,2475,5,Pablo Morales,pablo.morales5@correo.com,2025-08-14,Presencial (mostrador),Café frío,Frappé de café,2,42.87,85.74,en el lugar,True,13.0,Terraza,pareja,2026-04-10,completada,2026-04-11,17:20:00,en preparación,efectivo,pagado,275.95,44.15,320.1,,,Frecuente,False
3684,2475,5,Pablo Morales,pablo.morales5@correo.com,2025-08-14,Presencial (mostrador),Café caliente,Latte,1,32.95,32.95,en el lugar,True,13.0,Terraza,pareja,2026-04-10,completada,2026-04-11,17:20:00,en preparación,efectivo,pagado,275.95,44.15,320.1,,,Frecuente,False
3685,2475,5,Pablo Morales,pablo.morales5@correo.com,2025-08-14,Presencial (mostrador),Repostería,Brownie,3,26.66,79.98,en el lugar,True,13.0,Terraza,pareja,2026-04-10,completada,2026-04-11,17:20:00,en preparación,efectivo,pagado,275.95,44.15,320.1,,,Frecuente,False
3686,2476,215,María Ramírez,maría.ramírez215@correo.com,2026-01-26,Presencial (mesero),Repostería,Muffin de arándano,1,34.76,34.76,en el lugar,False,17.0,Barra,grupal,,,2026-03-13,13:35:00,cancelado,transferencia,reembolsado,405.89,64.94,470.83,,,VIP,False
3687,2476,215,María Ramírez,maría.ramírez215@correo.com,2026-01-26,Presencial (mesero),Bebidas frías,Agua mineral,3,37.67,113.01,en el lugar,False,17.0,Barra,grupal,,,2026-03-13,13:35:00,cancelado,transferencia,reembolsado,405.89,64.94,470.83,,,VIP,False
3688,2476,215,María Ramírez,maría.ramírez215@correo.com,2026-01-26,Presencial (mesero),Repostería,Concha,3,33.25,99.75,en el lugar,False,17.0,Barra,grupal,,,2026-03-13,13:35:00,cancelado,transferencia,reembolsado,405.89,64.94,470.83,,,VIP,False
3689,2476,215,María Ramírez,maría.ramírez215@correo.com,2026-01-26,Presencial (mesero),Café caliente,Espresso,3,52.79,158.37,en el lugar,False,17.0,Barra,grupal,,,2026-03-13,13:35:00,cancelado,transferencia,reembolsado,405.89,64.94,470.83,,,VIP,False
3690,2477,147,Mariana Ortiz,mariana.ortiz147@correo.com,2026-07-21,Página web,Bebidas frías,Jugo de naranja,3,20.54,61.62,en el lugar,True,15.0,Zona de estudio,grupal,2026-07-27,pendiente,2026-07-27,13:00:00,entregado,pago en línea,pagado,182.1,29.14,211.24,38.0,3.0,Frecuente,True
3691,2477,147,Mariana Ortiz,mariana.ortiz147@correo.com,2026-07-21,Página web,Café frío,Café helado,2,60.24,120.48,en el lugar,True,15.0,Zona de estudio,grupal,2026-07-27,pendiente,2026-07-27,13:00:00,entregado,pago en línea,pagado,182.1,29.14,211.24,38.0,3.0,Frecuente,True
3692,2478,228,Alejandro Vázquez,alejandro.vázquez228@correo.com,2026-01-26,Presencial (mostrador),Alimentos,Sandwich club,2,77.86,155.72,en el lugar,True,3.0,Zona de estudio,pareja,2026-06-26,completada,2026-06-29,10:30:00,entregado,efectivo,pagado,155.72,24.92,180.64,41.0,4.0,Frecuente,False
3693,2479,23,Luis De la Cruz,luis.delacruz23@correo.com,2025-04-23,Presencial (mesero),Alimentos,Ensalada César,3,57.06,171.18,para llevar,False,,,,,,2025-05-08,20:25:00,entregado,transferencia,pagado,221.78,35.48,257.26,39.0,3.0,VIP,False
3694,2479,23,Luis De la Cruz,luis.delacruz23@correo.com,2025-04-23,Presencial (mesero),Café caliente,Americano,1,50.6,50.6,para llevar,False,,,,,,2025-05-08,20:25:00,entregado,transferencia,pagado,221.78,35.48,257.26,39.0,3.0,VIP,False
3695,2480,37,Sofía Díaz,sofía.díaz37@correo.com,2026-03-25,Presencial (mostrador),Café frío,Frappé de café,1,58.99,58.99,para llevar,False,,,,,,2026-04-11,15:30:00,entregado,tarjeta,pagado,299.46,47.91,347.37,27.0,5.0,Frecuente,False
3696,2480,37,Sofía Díaz,sofía.díaz37@correo.com,2026-03-25,Presencial (mostrador),Café caliente,Americano,2,44.89,89.78,para llevar,False,,,,,,2026-04-11,15:30:00,entregado,tarjeta,pagado,299.46,47.91,347.37,27.0,5.0,Frecuente,False
3697,2480,37,Sofía Díaz,sofía.díaz37@correo.com,2026-03-25,Presencial (mostrador),Café frío,Frappé de café,2,49.75,99.5,para llevar,False,,,,,,2026-04-11,15:30:00,entregado,tarjeta,pagado,299.46,47.91,347.37,27.0,5.0,Frecuente,False
3698,2480,37,Sofía Díaz,sofía.díaz37@correo.com,2026-03-25,Presencial (mostrador),Café frío,Frappuccino de caramelo,1,51.19,51.19,para llevar,False,,,,,,2026-04-11,15:30:00,entregado,tarjeta,pagado,299.46,47.91,347.37,27.0,5.0,Frecuente,False
3699,2481,152,Emilio Flores,emilio.flores152@correo.com,2025-08-21,Página web,Café caliente,Café de olla,3,53.11,159.33,para llevar,False,,,,,,2026-02-14,16:40:00,entregado,pago en línea,pagado,452.91,72.47,525.38,45.0,5.0,Frecuente,True
3700,2481,152,Emilio Flores,emilio.flores152@correo.com,2025-08-21,Página web,Café frío,Cold brew,3,45.16,135.48,para llevar,False,,,,,,2026-02-14,16:40:00,entregado,pago en línea,pagado,452.91,72.47,525.38,45.0,5.0,Frecuente,True
3701,2481,152,Emilio Flores,emilio.flores152@correo.com,2025-08-21,Página web,Café caliente,Americano,3,52.7,158.1,para llevar,False,,,,,,2026-02-14,16:40:00,entregado,pago en línea,pagado,452.91,72.47,525.38,45.0,5.0,Frecuente,True
3702,2482,179,Iván Reyes,iván.reyes179@correo.com,2026-07-18,Página web,Alimentos,Sandwich club,3,61.42,184.26,en el lugar,False,17.0,Zona de estudio,individual,,,2026-07-20,12:45:00,entregado,transferencia,pagado,393.54,62.97,456.51,18.0,5.0,Frecuente,True
3703,2482,179,Iván Reyes,iván.reyes179@correo.com,2026-07-18,Página web,Café caliente,Americano,3,30.14,90.42,en el lugar,False,17.0,Zona de estudio,individual,,,2026-07-20,12:45:00,entregado,transferencia,pagado,393.54,62.97,456.51,18.0,5.0,Frecuente,True
3704,2482,179,Iván Reyes,iván.reyes179@correo.com,2026-07-18,Página web,Café frío,Cold brew,2,59.43,118.86,en el lugar,False,17.0,Zona de estudio,individual,,,2026-07-20,12:45:00,entregado,transferencia,pagado,393.54,62.97,456.51,18.0,5.0,Frecuente,True
3705,2483,226,Gabriela Díaz,gabriela.díaz226@correo.com,2025-04-03,Presencial (mesero),Repostería,Croissant,1,52.57,52.57,para llevar,False,,,,,,2025-07-19,18:10:00,entregado,tarjeta,pagado,373.11,59.7,432.81,9.0,5.0,Frecuente,False
3706,2483,226,Gabriela Díaz,gabriela.díaz226@correo.com,2025-04-03,Presencial (mesero),Bebidas calientes,Infusión de manzanilla,3,35.9,107.7,para llevar,False,,,,,,2025-07-19,18:10:00,entregado,tarjeta,pagado,373.11,59.7,432.81,9.0,5.0,Frecuente,False
3707,2483,226,Gabriela Díaz,gabriela.díaz226@correo.com,2025-04-03,Presencial (mesero),Café frío,Frappuccino de caramelo,2,63.34,126.68,para llevar,False,,,,,,2025-07-19,18:10:00,entregado,tarjeta,pagado,373.11,59.7,432.81,9.0,5.0,Frecuente,False
3708,2483,226,Gabriela Díaz,gabriela.díaz226@correo.com,2025-04-03,Presencial (mesero),Bebidas calientes,Té verde,3,28.72,86.16,para llevar,False,,,,,,2025-07-19,18:10:00,entregado,tarjeta,pagado,373.11,59.7,432.81,9.0,5.0,Frecuente,False
3709,2484,224,Marco Flores,marco.flores224@correo.com,2025-12-13,Página web,Café frío,Café helado,2,54.13,108.26,en el lugar,True,18.0,Salón principal,pareja,2026-06-12,pendiente,2026-06-15,10:10:00,cancelado,pago en línea,pendiente,157.91,25.27,183.18,,,VIP,True
3710,2484,224,Marco Flores,marco.flores224@correo.com,2025-12-13,Página web,Repostería,Dona glaseada,1,49.65,49.65,en el lugar,True,18.0,Salón principal,pareja,2026-06-12,pendiente,2026-06-15,10:10:00,cancelado,pago en línea,pendiente,157.91,25.27,183.18,,,VIP,True
3711,2485,26,Gabriela Hernández,gabriela.hernández26@correo.com,2025-04-28,Página web,Repostería,Croissant,2,36.89,73.78,en el lugar,False,15.0,Barra,grupal,,,2025-10-20,13:10:00,listo,pago en línea,pagado,308.97,49.44,358.41,16.0,,Frecuente,True
3712,2485,26,Gabriela Hernández,gabriela.hernández26@correo.com,2025-04-28,Página web,Repostería,Dona glaseada,1,45.44,45.44,en el lugar,False,15.0,Barra,grupal,,,2025-10-20,13:10:00,listo,pago en línea,pagado,308.97,49.44,358.41,16.0,,Frecuente,True
3713,2485,26,Gabriela Hernández,gabriela.hernández26@correo.com,2025-04-28,Página web,Café frío,Frappé de café,3,63.25,189.75,en el lugar,False,15.0,Barra,grupal,,,2025-10-20,13:10:00,listo,pago en línea,pagado,308.97,49.44,358.41,16.0,,Frecuente,True
3714,2486,232,Camila Ortiz,camila.ortiz232@correo.com,2025-04-29,Presencial (mesero),Bebidas calientes,Chocolate caliente,2,31.62,63.24,en el lugar,False,1.0,Zona de estudio,grupal,,,2025-07-25,15:25:00,entregado,tarjeta,pagado,63.24,10.12,73.36,34.0,5.0,Frecuente,False
3715,2487,95,Sofía Castillo,sofía.castillo95@correo.com,2025-01-01,Presencial (mostrador),Alimentos,Panini de jamón y queso,3,93.55,280.65,en el lugar,False,15.0,Barra,grupal,,,2026-06-18,16:55:00,entregado,efectivo,pagado,280.65,44.9,325.55,12.0,3.0,Frecuente,False
3716,2488,120,Andrea Reyes,andrea.reyes120@correo.com,2025-06-19,Página web,Repostería,Brownie,3,48.49,145.47,en el lugar,True,15.0,Salón principal,grupal,2025-12-17,cancelada,2025-12-20,19:45:00,cancelado,pago en línea,pendiente,360.04,57.61,417.65,,,Frecuente,True
3717,2488,120,Andrea Reyes,andrea.reyes120@correo.com,2025-06-19,Página web,Repostería,Dona glaseada,1,48.49,48.49,en el lugar,True,15.0,Salón principal,grupal,2025-12-17,cancelada,2025-12-20,19:45:00,cancelado,pago en línea,pendiente,360.04,57.61,417.65,,,Frecuente,True
3718,2488,120,Andrea Reyes,andrea.reyes120@correo.com,2025-06-19,Página web,Alimentos,Bagel con queso crema,3,55.36,166.08,en el lugar,True,15.0,Salón principal,grupal,2025-12-17,cancelada,2025-12-20,19:45:00,cancelado,pago en línea,pendiente,360.04,57.61,417.65,,,Frecuente,True
3719,2489,178,María Pérez,maría.pérez178@correo.com,2025-12-04,Página web,Repostería,Brownie,2,54.41,108.82,en el lugar,True,15.0,Barra,individual,2026-01-09,completada,2026-01-09,18:10:00,entregado,pago en línea,pagado,292.77,46.84,339.61,28.0,4.0,Frecuente,True
3720,2489,178,María Pérez,maría.pérez178@correo.com,2025-12-04,Página web,Bebidas calientes,Té verde,1,44.18,44.18,en el lugar,True,15.0,Barra,individual,2026-01-09,completada,2026-01-09,18:10:00,entregado,pago en línea,pagado,292.77,46.84,339.61,28.0,4.0,Frecuente,True
3721,2489,178,María Pérez,maría.pérez178@correo.com,2025-12-04,Página web,Alimentos,Ensalada César,3,46.59,139.77,en el lugar,True,15.0,Barra,individual,2026-01-09,completada,2026-01-09,18:10:00,entregado,pago en línea,pagado,292.77,46.84,339.61,28.0,4.0,Frecuente,True
3722,2490,121,Jorge Romero,jorge.romero121@correo.com,2026-07-01,Página web,Café frío,Cold brew,2,42.43,84.86,en el lugar,True,8.0,Terraza,grupal,2026-07-14,completada,2026-07-14,07:05:00,en preparación,pago en línea,pagado,254.5,40.72,295.22,,,VIP,True
3723,2490,121,Jorge Romero,jorge.romero121@correo.com,2026-07-01,Página web,Alimentos,Sandwich club,1,61.02,61.02,en el lugar,True,8.0,Terraza,grupal,2026-07-14,completada,2026-07-14,07:05:00,en preparación,pago en línea,pagado,254.5,40.72,295.22,,,VIP,True
3724,2490,121,Jorge Romero,jorge.romero121@correo.com,2026-07-01,Página web,Bebidas frías,Té helado,1,20.76,20.76,en el lugar,True,8.0,Terraza,grupal,2026-07-14,completada,2026-07-14,07:05:00,en preparación,pago en línea,pagado,254.5,40.72,295.22,,,VIP,True
3725,2490,121,Jorge Romero,jorge.romero121@correo.com,2026-07-01,Página web,Bebidas calientes,Té chai,2,43.93,87.86,en el lugar,True,8.0,Terraza,grupal,2026-07-14,completada,2026-07-14,07:05:00,en preparación,pago en línea,pagado,254.5,40.72,295.22,,,VIP,True
3726,2491,128,Ximena Sánchez,ximena.sánchez128@correo.com,2025-01-21,Página web,Café frío,Frappuccino de caramelo,2,37.13,74.26,para llevar,False,,,,,,2025-11-03,20:15:00,entregado,pago en línea,pagado,408.39,65.34,473.73,31.0,4.0,Frecuente,True
3727,2491,128,Ximena Sánchez,ximena.sánchez128@correo.com,2025-01-21,Página web,Repostería,Pay de queso,2,37.8,75.6,para llevar,False,,,,,,2025-11-03,20:15:00,entregado,pago en línea,pagado,408.39,65.34,473.73,31.0,4.0,Frecuente,True
3728,2491,128,Ximena Sánchez,ximena.sánchez128@correo.com,2025-01-21,Página web,Alimentos,Ensalada César,3,68.13,204.39,para llevar,False,,,,,,2025-11-03,20:15:00,entregado,pago en línea,pagado,408.39,65.34,473.73,31.0,4.0,Frecuente,True
3729,2491,128,Ximena Sánchez,ximena.sánchez128@correo.com,2025-01-21,Página web,Bebidas frías,Agua mineral,2,27.07,54.14,para llevar,False,,,,,,2025-11-03,20:15:00,entregado,pago en línea,pagado,408.39,65.34,473.73,31.0,4.0,Frecuente,True
3730,2492,23,Luis De la Cruz,luis.delacruz23@correo.com,2025-04-23,Página web,Repostería,Brownie,2,37.76,75.52,en el lugar,False,13.0,Salón principal,grupal,,,2025-10-28,07:25:00,listo,pago en línea,pagado,75.52,12.08,87.6,12.0,,VIP,True
3731,2493,160,Ximena García,ximena.garcía160@correo.com,2026-07-26,Página web,Café frío,Frappé de café,1,63.27,63.27,para llevar,False,,,,,,2026-08-12,10:45:00,entregado,pago en línea,pagado,240.42,38.47,278.89,19.0,4.0,VIP,True
3732,2493,160,Ximena García,ximena.garcía160@correo.com,2026-07-26,Página web,Bebidas calientes,Chocolate caliente,1,40.5,40.5,para llevar,False,,,,,,2026-08-12,10:45:00,entregado,pago en línea,pagado,240.42,38.47,278.89,19.0,4.0,VIP,True
3733,2493,160,Ximena García,ximena.garcía160@correo.com,2026-07-26,Página web,Café caliente,Latte,3,45.55,136.65,para llevar,False,,,,,,2026-08-12,10:45:00,entregado,pago en línea,pagado,240.42,38.47,278.89,19.0,4.0,VIP,True
3734,2494,115,Raúl De la Cruz,raúl.delacruz115@correo.com,2025-07-31,Presencial (mostrador),Alimentos,Bagel con queso crema,2,46.29,92.58,en el lugar,True,2.0,Salón principal,individual,2025-09-15,completada,2025-09-16,11:25:00,entregado,transferencia,pagado,235.79,37.73,273.52,13.0,5.0,Frecuente,False
3735,2494,115,Raúl De la Cruz,raúl.delacruz115@correo.com,2025-07-31,Presencial (mostrador),Bebidas calientes,Chocolate caliente,3,31.0,93.0,en el lugar,True,2.0,Salón principal,individual,2025-09-15,completada,2025-09-16,11:25:00,entregado,transferencia,pagado,235.79,37.73,273.52,13.0,5.0,Frecuente,False
3736,2494,115,Raúl De la Cruz,raúl.delacruz115@correo.com,2025-07-31,Presencial (mostrador),Café caliente,Americano,1,50.21,50.21,en el lugar,True,2.0,Salón principal,individual,2025-09-15,completada,2025-09-16,11:25:00,entregado,transferencia,pagado,235.79,37.73,273.52,13.0,5.0,Frecuente,False
3737,2495,106,Fernanda Cruz,fernanda.cruz106@correo.com,2025-05-17,Presencial (mesero),Café caliente,Americano,1,49.52,49.52,en el lugar,True,6.0,Salón principal,pareja,2026-06-22,completada,2026-06-23,09:55:00,listo,efectivo,pagado,262.32,41.97,304.29,44.0,,Frecuente,False
3738,2495,106,Fernanda Cruz,fernanda.cruz106@correo.com,2025-05-17,Presencial (mesero),Café caliente,Café de olla,2,52.33,104.66,en el lugar,True,6.0,Salón principal,pareja,2026-06-22,completada,2026-06-23,09:55:00,listo,efectivo,pagado,262.32,41.97,304.29,44.0,,Frecuente,False
3739,2495,106,Fernanda Cruz,fernanda.cruz106@correo.com,2025-05-17,Presencial (mesero),Repostería,Dona glaseada,2,54.07,108.14,en el lugar,True,6.0,Salón principal,pareja,2026-06-22,completada,2026-06-23,09:55:00,listo,efectivo,pagado,262.32,41.97,304.29,44.0,,Frecuente,False
3740,2496,222,Daniela Sánchez,daniela.sánchez222@correo.com,2025-05-16,Página web,Café caliente,Americano,1,49.61,49.61,para llevar,False,,,,,,2025-10-25,16:45:00,en preparación,pago en línea,pagado,296.54,47.45,343.99,,,Frecuente,True
3741,2496,222,Daniela Sánchez,daniela.sánchez222@correo.com,2025-05-16,Página web,Bebidas calientes,Chocolate caliente,3,43.08,129.24,para llevar,False,,,,,,2025-10-25,16:45:00,en preparación,pago en línea,pagado,296.54,47.45,343.99,,,Frecuente,True
3742,2496,222,Daniela Sánchez,daniela.sánchez222@correo.com,2025-05-16,Página web,Repostería,Muffin de arándano,3,39.23,117.69,para llevar,False,,,,,,2025-10-25,16:45:00,en preparación,pago en línea,pagado,296.54,47.45,343.99,,,Frecuente,True
3743,2497,39,Michelle Vázquez,michelle.vázquez39@correo.com,2026-07-22,Página web,Café caliente,Americano,2,33.79,67.58,para llevar,False,,,,,,2026-07-24,19:05:00,cancelado,tarjeta,reembolsado,220.09,35.21,255.3,,,Frecuente,True
3744,2497,39,Michelle Vázquez,michelle.vázquez39@correo.com,2026-07-22,Página web,Bebidas calientes,Infusión de manzanilla,1,38.84,38.84,para llevar,False,,,,,,2026-07-24,19:05:00,cancelado,tarjeta,reembolsado,220.09,35.21,255.3,,,Frecuente,True
3745,2497,39,Michelle Vázquez,michelle.vázquez39@correo.com,2026-07-22,Página web,Alimentos,Panini de jamón y queso,1,72.34,72.34,para llevar,False,,,,,,2026-07-24,19:05:00,cancelado,tarjeta,reembolsado,220.09,35.21,255.3,,,Frecuente,True
3746,2497,39,Michelle Vázquez,michelle.vázquez39@correo.com,2026-07-22,Página web,Café caliente,Americano,1,41.33,41.33,para llevar,False,,,,,,2026-07-24,19:05:00,cancelado,tarjeta,reembolsado,220.09,35.21,255.3,,,Frecuente,True
3747,2498,68,Alejandro García,alejandro.garcía68@correo.com,2025-04-20,Presencial (mostrador),Bebidas frías,Té helado,3,23.26,69.78,en el lugar,False,17.0,Terraza,individual,,,2025-07-06,07:10:00,entregado,tarjeta,pagado,214.49,34.32,248.81,31.0,5.0,Frecuente,False
3748,2498,68,Alejandro García,alejandro.garcía68@correo.com,2025-04-20,Presencial (mostrador),Bebidas frías,Jugo de naranja,2,21.01,42.02,en el lugar,False,17.0,Terraza,individual,,,2025-07-06,07:10:00,entregado,tarjeta,pagado,214.49,34.32,248.81,31.0,5.0,Frecuente,False
3749,2498,68,Alejandro García,alejandro.garcía68@correo.com,2025-04-20,Presencial (mostrador),Bebidas frías,Jugo de naranja,3,34.23,102.69,en el lugar,False,17.0,Terraza,individual,,,2025-07-06,07:10:00,entregado,tarjeta,pagado,214.49,34.32,248.81,31.0,5.0,Frecuente,False
3750,2499,82,Diego Sánchez,diego.sánchez82@correo.com,2026-04-17,Presencial (mostrador),Bebidas frías,Limonada,1,21.4,21.4,para llevar,False,,,,,,2026-05-07,10:05:00,entregado,transferencia,pagado,21.4,3.42,24.82,33.0,5.0,VIP,False
3751,2500,130,Valeria Cruz,valeria.cruz130@correo.com,2025-09-20,Página web,Alimentos,Sandwich club,3,94.59,283.77,para llevar,False,,,,,,2026-07-04,18:55:00,entregado,pago en línea,pagado,526.12,84.18,610.3,9.0,5.0,Frecuente,True
3752,2500,130,Valeria Cruz,valeria.cruz130@correo.com,2025-09-20,Página web,Bebidas calientes,Té chai,2,43.23,86.46,para llevar,False,,,,,,2026-07-04,18:55:00,entregado,pago en línea,pagado,526.12,84.18,610.3,9.0,5.0,Frecuente,True
3753,2500,130,Valeria Cruz,valeria.cruz130@correo.com,2025-09-20,Página web,Café caliente,Espresso,2,51.17,102.34,para llevar,False,,,,,,2026-07-04,18:55:00,entregado,pago en línea,pagado,526.12,84.18,610.3,9.0,5.0,Frecuente,True
3754,2500,130,Valeria Cruz,valeria.cruz130@correo.com,2025-09-20,Página web,Café frío,Frappé de café,1,53.55,53.55,para llevar,False,,,,,,2026-07-04,18:55:00,entregado,pago en línea,pagado,526.12,84.18,610.3,9.0,5.0,Frecuente,True
